price_id,trade_date,open_price,high_price,low_price,close_price,volume,adj_close_price,symbol,ticker_id
1,2019-01-02,128.99,137.51,128.56,135.68,28146193,135.68,META,1
2,2019-01-03,134.69,137.17,131.12,131.74,22717948,131.74,META,1
3,2019-01-04,134.01,138.0,133.75,137.95,29002059,137.95,META,1
4,2019-01-07,137.56,138.87,135.91,138.05,20089337,138.05,META,1
5,2019-01-08,139.89,143.14,139.54,142.53,26263793,142.53,META,1
6,2019-01-09,142.95,144.7,141.27,144.23,22205879,144.23,META,1
7,2019-01-10,143.08,144.56,140.84,144.2,16125004,144.2,META,1
8,2019-01-11,143.15,145.36,142.57,143.8,12908031,143.8,META,1
9,2019-01-14,142.0,146.57,141.27,145.39,20520278,145.39,META,1
10,2019-01-15,146.01,150.68,145.99,148.95,24068822,148.95,META,1
11,2019-01-16,149.0,149.65,146.998,147.54,18025714,147.54,META,1
12,2019-01-17,146.95,149.0,146.5,148.3,15787914,148.3,META,1
13,2019-01-18,149.75,152.43,148.55,150.04,31029612,150.04,META,1
14,2019-01-22,149.2,151.53,146.37,147.57,22378694,147.57,META,1
15,2019-01-23,148.28,148.8,143.055,144.3,20098415,144.3,META,1
16,2019-01-24,144.64,146.44,142.52,145.83,20955518,145.83,META,1
17,2019-01-25,147.48,149.83,146.54,149.01,22250954,149.01,META,1
18,2019-01-28,148.05,148.96,146.21,147.47,15508483,147.47,META,1
19,2019-01-29,148.09,148.1,143.43,144.19,17631953,144.19,META,1
20,2019-01-30,146.22,150.95,145.695,150.42,44613240,150.42,META,1
21,2019-01-31,165.6,171.68,165.0,166.69,77233602,166.69,META,1
22,2019-02-01,165.84,169.1,165.66,165.71,30806513,165.71,META,1
23,2019-02-04,165.7,169.3,163.62,169.25,20036470,169.25,META,1
24,2019-02-05,169.15,171.98,168.69,171.16,22556985,171.16,META,1
25,2019-02-06,171.2,172.47,169.27,170.49,13281161,170.49,META,1
26,2019-02-07,168.2,169.24,165.25,166.38,17517609,166.38,META,1
27,2019-02-08,164.47,167.37,164.21,167.33,12561422,167.33,META,1
28,2019-02-11,167.9,168.3,165.08,165.79,12811176,165.79,META,1
29,2019-02-12,166.86,168.34,164.5,165.04,16292290,165.04,META,1
30,2019-02-13,165.38,166.22,163.73,164.07,14205146,164.07,META,1
31,2019-02-14,163.19,164.87,162.247,163.95,12755151,163.95,META,1
32,2019-02-15,164.51,164.7,160.86,162.5,15504415,162.5,META,1
33,2019-02-19,160.5,164.15,160.33,162.29,14345390,162.29,META,1
34,2019-02-20,162.25,163.72,161.25,162.56,11770692,162.56,META,1
35,2019-02-21,161.93,162.24,159.59,160.04,15607828,160.04,META,1
36,2019-02-22,160.58,162.41,160.31,161.89,15858468,161.89,META,1
37,2019-02-25,163.07,166.07,162.9,164.62,18737106,164.62,META,1
38,2019-02-26,164.335,166.24,163.8,164.13,13784063,164.13,META,1
39,2019-02-27,162.9,163.93,160.41,162.81,12697485,162.81,META,1
40,2019-02-28,162.37,163.5,160.86,161.45,11114185,161.45,META,1
41,2019-03-01,162.6,163.132,161.69,162.28,11097770,162.28,META,1
42,2019-03-04,163.9,167.5,163.83,167.37,18894689,167.37,META,1
43,2019-03-05,167.37,171.88,166.55,171.26,28187890,171.26,META,1
44,2019-03-06,172.9,173.57,171.27,172.51,21531723,172.51,META,1
45,2019-03-07,171.5,171.74,167.61,169.13,18306504,169.13,META,1
46,2019-03-08,166.2,169.62,165.97,169.6,13184831,169.6,META,1
47,2019-03-11,171.6,174.3,171.58,172.07,18883983,172.07,META,1
48,2019-03-12,172.09,173.8,171.218,171.92,12155264,171.92,META,1
49,2019-03-13,172.32,174.03,172.12,173.37,11973280,173.37,META,1
50,2019-03-14,169.76,171.15,168.16,170.17,18037364,170.17,META,1
51,2019-03-15,167.16,167.58,162.51,165.98,37126000,165.98,META,1
52,2019-03-18,163.57,163.9,159.28,160.47,37524191,160.47,META,1
53,2019-03-19,161.48,163.82,160.82,161.57,25611488,161.57,META,1
54,2019-03-20,161.5,166.12,161.24,165.44,20211474,165.44,META,1
55,2019-03-21,164.89,166.39,163.75,166.08,16223007,166.08,META,1
56,2019-03-22,165.65,167.42,164.09,164.34,16389185,164.34,META,1
57,2019-03-25,163.0,166.54,162.0,166.29,12631230,166.29,META,1
58,2019-03-26,167.68,169.45,166.35,167.68,15437920,167.68,META,1
59,2019-03-27,167.85,168.94,164.79,165.87,10620299,165.87,META,1
60,2019-03-28,164.57,166.72,163.33,165.55,10689171,165.55,META,1
61,2019-03-29,166.39,167.19,164.81,166.69,13455454,166.69,META,1
62,2019-04-01,167.83,168.9,167.279,168.7,10381490,168.7,META,1
63,2019-04-02,170.14,174.9,169.55,174.2,23946529,174.2,META,1
64,2019-04-03,174.5,177.96,172.95,173.54,27590058,173.54,META,1
65,2019-04-04,176.02,178.0,175.53,176.02,17847731,176.02,META,1
66,2019-04-05,176.88,177.0,175.1,175.72,9594133,175.72,META,1
67,2019-04-08,175.21,175.5,174.23,174.93,7297379,174.93,META,1
68,2019-04-09,175.62,179.19,175.55,177.58,19751031,177.58,META,1
69,2019-04-10,178.18,178.79,176.54,177.82,11701479,177.82,META,1
70,2019-04-11,178.24,178.4,177.0,177.51,8070967,177.51,META,1
71,2019-04-12,178.0,179.63,177.95,179.1,12329812,179.1,META,1
72,2019-04-15,178.5,180.5,176.87,179.65,10834762,179.65,META,1
73,2019-04-16,179.0,180.17,178.3,178.87,11215193,178.87,META,1
74,2019-04-17,179.6,180.74,178.36,178.78,9973732,178.78,META,1
75,2019-04-18,178.8,178.88,177.34,178.28,11655608,178.28,META,1
76,2019-04-22,178.25,181.665,178.25,181.44,13389889,181.44,META,1
77,2019-04-23,182.74,184.22,181.48,183.78,19954814,183.78,META,1
78,2019-04-24,184.49,185.14,181.65,182.58,37289871,182.58,META,1
79,2019-04-25,196.98,198.48,192.12,193.26,54148789,193.26,META,1
80,2019-04-26,192.5,192.9,189.09,191.49,22075002,191.49,META,1
81,2019-04-29,190.95,195.41,190.65,194.78,19641310,194.78,META,1
82,2019-04-30,194.19,197.39,192.28,193.4,23494689,193.4,META,1
83,2019-05-01,194.78,196.177,193.01,193.03,15996646,193.03,META,1
84,2019-05-02,193.0,194.0,189.75,192.53,13209452,192.53,META,1
85,2019-05-03,194.38,196.16,193.71,195.47,14575434,195.47,META,1
86,2019-05-06,191.24,194.28,190.55,193.88,13994932,193.88,META,1
87,2019-05-07,192.54,192.9,187.85,189.77,16253001,189.77,META,1
88,2019-05-08,189.39,190.72,188.55,189.54,12505737,189.54,META,1
89,2019-05-09,187.2,189.77,186.26,188.65,12967033,188.65,META,1
90,2019-05-10,188.25,190.0,184.59,188.34,12578508,188.34,META,1
91,2019-05-13,183.5,185.43,180.84,181.54,16833347,181.54,META,1
92,2019-05-14,182.52,183.49,178.1,180.73,17628142,180.73,META,1
93,2019-05-15,180.42,187.28,180.02,186.27,16746904,186.27,META,1
94,2019-05-16,185.05,188.575,185.05,186.99,12953111,186.99,META,1
95,2019-05-17,184.84,187.58,184.28,185.3,10485370,185.3,META,1
96,2019-05-20,181.88,184.23,181.37,182.72,10351981,182.72,META,1
97,2019-05-21,184.57,185.7,183.885,184.82,7502820,184.82,META,1
98,2019-05-22,184.73,186.74,183.61,185.32,9213801,185.32,META,1
99,2019-05-23,182.42,183.9,179.67,180.87,12768835,180.87,META,1
100,2019-05-24,182.33,183.63,180.83,181.06,8807701,181.06,META,1
101,2019-05-28,181.54,184.712,181.454,184.31,14843308,184.31,META,1
102,2019-05-29,183.5,184.56,181.35,182.19,12797685,182.19,META,1
103,2019-05-30,183.08,183.48,180.89,183.01,8581544,183.01,META,1
104,2019-05-31,180.28,180.54,177.16,177.47,15226536,177.47,META,1
105,2019-06-03,175.0,175.05,161.01,164.15,56059609,164.15,META,1
106,2019-06-04,163.71,168.28,160.84,167.5,46044256,167.5,META,1
107,2019-06-05,167.48,168.72,164.63,168.17,19758317,168.17,META,1
108,2019-06-06,168.3,169.7,167.23,168.33,12446354,168.33,META,1
109,2019-06-07,170.17,173.87,168.84,173.35,16917343,173.35,META,1
110,2019-06-10,174.75,177.86,173.8,174.82,14767918,174.82,META,1
111,2019-06-11,178.48,179.98,176.79,178.1,15266644,178.1,META,1
112,2019-06-12,178.38,179.27,172.88,175.04,17699806,175.04,META,1
113,2019-06-13,175.53,178.03,174.606,177.47,12253569,177.47,META,1
114,2019-06-14,180.51,181.84,180.0,181.33,16773691,181.33,META,1
115,2019-06-17,185.01,189.5,184.411,189.01,29459881,189.01,META,1
116,2019-06-18,194.0,194.53,187.28,188.47,37571352,188.47,META,1
117,2019-06-19,187.0,188.1,184.55,187.48,21417092,187.48,META,1
118,2019-06-20,190.95,191.16,187.64,189.53,14635740,189.53,META,1
119,2019-06-21,188.75,192.0,188.75,191.14,22751159,191.14,META,1
120,2019-06-24,192.42,193.98,191.57,192.6,15508955,192.6,META,1
121,2019-06-25,192.88,193.14,188.13,188.84,16750309,188.84,META,1
122,2019-06-26,189.54,190.76,187.31,187.66,12808604,187.66,META,1
123,2019-06-27,189.88,189.95,188.27,189.5,11158983,189.5,META,1
124,2019-06-28,190.55,193.2,189.94,193.0,16378878,193.0,META,1
125,2019-07-01,195.21,195.28,191.93,193.0,14204690,193.0,META,1
126,2019-07-02,193.0,195.0,192.71,195.0,9049979,195.0,META,1
127,2019-07-03,194.16,197.4,194.16,197.2,10246119,197.2,META,1
128,2019-07-05,196.18,197.07,194.17,196.4,11164107,196.4,META,1
129,2019-07-08,195.19,196.68,193.64,195.76,9723858,195.76,META,1
130,2019-07-09,194.97,199.46,194.89,199.21,14698611,199.21,META,1
131,2019-07-10,200.0,202.96,199.67,202.73,20571702,202.73,META,1
132,2019-07-11,203.26,203.8,200.21,201.23,13678457,201.23,META,1
133,2019-07-12,199.68,205.3,199.16,204.87,15366272,204.87,META,1
134,2019-07-15,204.25,205.33,201.82,203.91,16030335,203.91,META,1
135,2019-07-16,203.89,205.471,203.1,203.84,12132720,203.84,META,1
136,2019-07-17,204.18,204.36,201.59,201.8,12083714,201.8,META,1
137,2019-07-18,200.78,202.47,199.38,200.78,11956554,200.78,META,1
138,2019-07-19,202.18,202.33,198.07,198.36,12098262,198.36,META,1
139,2019-07-22,199.91,202.57,198.81,202.32,13589024,202.32,META,1
140,2019-07-23,202.84,204.242,200.963,202.36,14583680,202.36,META,1
141,2019-07-24,197.63,204.81,197.22,204.66,32532540,204.66,META,1
142,2019-07-25,206.7,208.66,198.26,200.71,39889869,200.71,META,1
143,2019-07-26,200.19,202.88,196.25,199.75,24433985,199.75,META,1
144,2019-07-29,199.0,199.63,195.3,195.94,16530801,195.94,META,1
145,2019-07-30,195.39,198.71,193.5,197.04,11903558,197.04,META,1
146,2019-07-31,196.95,198.76,192.68,194.23,14593544,194.23,META,1
147,2019-08-01,194.17,198.47,190.88,192.73,17777013,192.73,META,1
148,2019-08-02,191.1,192.62,188.07,189.02,15296975,189.02,META,1
149,2019-08-05,184.69,185.67,179.34,181.73,23086655,181.73,META,1
150,2019-08-06,184.51,185.789,183.09,184.51,18035686,184.51,META,1
151,2019-08-07,183.6,186.37,181.22,185.15,15833197,185.15,META,1
152,2019-08-08,186.62,190.34,184.05,190.16,14828916,190.16,META,1
153,2019-08-09,190.0,190.98,187.12,187.85,11058811,187.85,META,1
154,2019-08-12,186.85,187.59,184.46,185.37,10936283,185.37,META,1
155,2019-08-13,185.52,191.38,185.37,188.45,13653319,188.45,META,1
156,2019-08-14,185.8,185.99,179.31,179.71,18903716,179.71,META,1
157,2019-08-15,180.95,183.2,180.03,182.59,13059640,182.59,META,1
158,2019-08-16,183.69,185.1,182.36,183.7,12844832,183.7,META,1
159,2019-08-19,186.01,187.5,184.85,186.17,9699661,186.17,META,1
160,2019-08-20,185.45,186.0,182.39,183.81,10087592,183.81,META,1
161,2019-08-21,185.0,185.9,183.14,183.55,8409548,183.55,META,1
162,2019-08-22,183.43,184.11,179.91,182.04,10829509,182.04,META,1
163,2019-08-23,180.84,183.13,176.66,177.75,17331221,177.75,META,1
164,2019-08-26,179.4,180.5,178.24,180.36,8780477,180.36,META,1
165,2019-08-27,181.93,184.04,181.01,181.3,14408946,181.3,META,1
166,2019-08-28,180.53,181.95,178.92,181.76,9392060,181.76,META,1
167,2019-08-29,183.77,186.075,183.47,185.57,10135033,185.57,META,1
168,2019-08-30,186.78,186.802,183.459,185.67,10785722,185.67,META,1
169,2019-09-03,184.0,185.67,182.11,182.39,9792187,182.39,META,1
170,2019-09-04,184.65,187.749,183.89,187.14,11314571,187.14,META,1
171,2019-09-05,188.53,191.36,187.94,190.9,13896621,190.9,META,1
172,2019-09-06,190.21,190.21,186.35,187.49,15226820,187.49,META,1
173,2019-09-09,187.71,188.98,185.847,188.76,14722402,188.76,META,1
174,2019-09-10,187.44,188.1,184.55,186.17,15455867,186.17,META,1
175,2019-09-11,186.46,189.44,186.08,188.49,11761660,188.49,META,1
176,2019-09-12,189.86,190.93,187.23,187.47,11419775,187.47,META,1
177,2019-09-13,187.325,187.97,186.54,187.19,11441116,187.19,META,1
178,2019-09-16,186.93,187.794,185.765,186.22,8444844,186.22,META,1
179,2019-09-17,186.66,188.32,185.54,188.08,9751570,188.08,META,1
180,2019-09-18,188.09,189.08,186.012,188.14,9945798,188.14,META,1
181,2019-09-19,188.66,191.1,188.15,190.14,10474685,190.14,META,1
182,2019-09-20,190.66,193.1,188.12,189.93,20359878,189.93,META,1
183,2019-09-23,189.34,190.1,185.206,186.82,14370089,186.82,META,1
184,2019-09-24,187.98,188.04,180.39,181.28,18775666,181.28,META,1
185,2019-09-25,181.45,183.42,177.87,182.8,18339960,182.8,META,1
186,2019-09-26,181.33,181.4,177.67,180.11,16280691,180.11,META,1
187,2019-09-27,180.49,180.755,175.66,177.1,14663575,177.1,META,1
188,2019-09-30,177.87,178.67,176.85,178.08,11071425,178.08,META,1
189,2019-10-01,179.15,179.84,174.88,175.81,17261556,175.81,META,1
190,2019-10-02,174.84,176.53,173.09,174.6,16374148,174.6,META,1
191,2019-10-03,175.57,179.84,173.63,179.38,16789319,179.38,META,1
192,2019-10-04,179.55,180.98,178.1,180.45,10476395,180.45,META,1
193,2019-10-07,180.0,181.18,178.09,179.68,9359793,179.68,META,1
194,2019-10-08,178.26,180.37,177.72,177.75,10084896,177.75,META,1
195,2019-10-09,179.16,180.72,177.94,179.85,7648874,179.85,META,1
196,2019-10-10,180.32,181.61,179.17,180.03,8980978,180.03,META,1
197,2019-10-11,182.15,186.49,182.14,184.19,14998754,184.19,META,1
198,2019-10-14,184.2,184.62,182.574,183.28,7203665,183.28,META,1
199,2019-10-15,183.8,190.38,183.66,188.89,15143119,188.89,META,1
200,2019-10-16,188.32,189.7,186.9,189.55,10560343,189.55,META,1
201,2019-10-17,190.3,190.84,188.765,190.39,9761548,190.39,META,1
202,2019-10-18,190.23,191.49,183.924,185.85,16882862,185.85,META,1
203,2019-10-21,187.04,189.91,186.75,189.76,8580744,189.76,META,1
204,2019-10-22,190.0,190.65,181.5,182.34,19854192,182.34,META,1
205,2019-10-23,182.01,186.38,182.0,186.15,12370819,186.15,META,1
206,2019-10-24,184.62,186.73,182.8,186.38,11505406,186.38,META,1
207,2019-10-25,185.83,189.0,185.088,187.89,8061240,187.89,META,1
208,2019-10-28,187.2,189.53,185.08,189.4,13657866,189.4,META,1
209,2019-10-29,191.69,192.53,188.47,189.31,13574874,189.31,META,1
210,2019-10-30,189.56,190.45,185.98,188.25,28734559,188.25,META,1
211,2019-10-31,196.7,198.09,188.25,191.65,42286529,191.65,META,1
212,2019-11-01,192.85,194.11,189.91,193.62,21711829,193.62,META,1
213,2019-11-04,194.55,197.367,193.812,194.72,16371292,194.72,META,1
214,2019-11-05,195.37,195.75,193.6,194.32,9941954,194.32,META,1
215,2019-11-06,194.03,194.37,191.35,191.55,10973019,191.55,META,1
216,2019-11-07,191.91,193.44,189.47,190.42,13472998,190.42,META,1
217,2019-11-08,190.0,192.34,189.7,190.84,10764784,190.84,META,1
218,2019-11-11,189.93,190.08,188.54,189.61,8637768,189.61,META,1
219,2019-11-12,190.0,195.06,189.74,194.47,17615454,194.47,META,1
220,2019-11-13,194.7,195.7,192.74,193.19,11009800,193.19,META,1
221,2019-11-14,192.93,194.03,191.45,193.15,9059897,193.15,META,1
222,2019-11-15,194.26,195.3,193.38,195.1,11530232,195.1,META,1
223,2019-11-18,194.56,198.63,193.05,197.4,16176107,197.4,META,1
224,2019-11-19,197.4,200.0,196.86,199.32,19070291,199.32,META,1
225,2019-11-20,198.58,199.59,195.43,197.51,12370240,197.51,META,1
226,2019-11-21,197.42,199.09,196.86,197.93,12130985,197.93,META,1
227,2019-11-22,198.38,199.3,197.62,198.82,9959817,198.82,META,1
228,2019-11-25,199.515,200.97,199.25,199.79,15286442,199.79,META,1
229,2019-11-26,200.0,200.15,198.039,198.97,11748664,198.97,META,1
230,2019-11-27,199.9,203.14,199.42,202.0,12729462,202.0,META,1
231,2019-11-29,201.6,203.8,201.21,201.64,7985231,201.64,META,1
232,2019-12-02,202.13,202.18,198.05,199.7,11542020,199.7,META,1
233,2019-12-03,197.6,198.93,195.08,198.82,13014170,198.82,META,1
234,2019-12-04,200.0,200.029,198.05,198.71,8459939,198.71,META,1
235,2019-12-05,199.86,201.29,198.213,199.36,9755350,199.36,META,1
236,2019-12-06,200.5,201.57,200.06,201.05,12279525,201.05,META,1
237,2019-12-09,200.65,203.142,200.21,201.34,12013218,201.34,META,1
238,2019-12-10,201.66,202.05,200.15,200.87,9485568,200.87,META,1
239,2019-12-11,200.28,202.63,200.28,202.26,8041827,202.26,META,1
240,2019-12-12,202.35,203.66,194.1,196.75,23766986,196.75,META,1
241,2019-12-13,196.4,196.8,193.17,194.11,18806020,194.11,META,1
242,2019-12-16,195.27,199.12,194.81,197.92,14922733,197.92,META,1
243,2019-12-17,198.84,199.0,196.13,198.39,10177605,198.39,META,1
244,2019-12-18,200.09,204.3,200.09,202.5,23284746,202.5,META,1
245,2019-12-19,202.78,206.3,202.51,206.06,16808184,206.06,META,1
246,2019-12-20,207.48,207.71,203.43,206.3,27315226,206.3,META,1
247,2019-12-23,206.7,208.59,205.68,206.18,13353194,206.18,META,1
248,2019-12-24,206.3,206.79,205.0,205.12,6046273,205.12,META,1
249,2019-12-26,205.567,207.82,205.31,207.79,9368273,207.79,META,1
250,2019-12-27,208.67,208.93,206.588,208.1,10287634,208.1,META,1
251,2019-12-30,207.86,207.9,203.9,204.41,10534441,204.41,META,1
252,2019-12-31,203.995,205.56,203.6,205.25,8962756,205.25,META,1
253,2020-01-02,206.75,209.79,206.27,209.78,12090707,209.78,META,1
254,2020-01-03,207.214,210.4,206.95,208.67,11197416,208.67,META,1
255,2020-01-06,206.7,212.78,206.52,212.6,17073861,212.6,META,1
256,2020-01-07,212.82,214.58,211.75,213.06,15111857,213.06,META,1
257,2020-01-08,213.0,216.24,212.612,215.22,13492703,215.22,META,1
258,2020-01-09,217.54,218.38,216.278,218.3,12679579,218.3,META,1
259,2020-01-10,219.2,219.88,217.42,218.06,12127432,218.06,META,1
260,2020-01-13,219.597,221.97,219.21,221.91,14494517,221.91,META,1
261,2020-01-14,221.61,222.38,218.63,219.06,13315361,219.06,META,1
262,2020-01-15,220.61,221.68,220.14,221.15,10036475,221.15,META,1
263,2020-01-16,222.57,222.63,220.39,221.77,10015288,221.77,META,1
264,2020-01-17,222.03,222.29,220.53,222.14,15905944,222.14,META,1
265,2020-01-21,222.155,222.37,219.12,221.44,14275784,221.44,META,1
266,2020-01-22,222.31,222.75,221.28,221.32,12212814,221.32,META,1
267,2020-01-23,220.75,221.485,219.27,219.76,11195000,219.76,META,1
268,2020-01-24,220.8,221.78,216.11,217.94,11905824,217.94,META,1
269,2020-01-27,213.1,216.06,212.5,214.87,13810655,214.87,META,1
270,2020-01-28,216.14,218.74,213.52,217.79,13413835,217.79,META,1
271,2020-01-29,221.44,224.2,218.45,223.23,33610005,223.23,META,1
272,2020-01-30,206.53,211.43,204.75,209.53,48775500,209.53,META,1
273,2020-01-31,208.43,208.69,201.06,201.91,31359917,201.91,META,1
274,2020-02-03,203.44,205.14,202.5,204.19,15510509,204.19,META,1
275,2020-02-04,206.617,210.6,205.203,209.83,19628890,209.83,META,1
276,2020-02-05,212.51,212.73,208.71,210.11,12538154,210.11,META,1
277,2020-02-06,210.47,211.19,209.338,210.85,10567533,210.85,META,1
278,2020-02-07,210.3,212.82,209.93,212.33,12242530,212.33,META,1
279,2020-02-10,211.52,213.8,210.66,213.06,11856350,213.06,META,1
280,2020-02-11,210.19,210.86,206.51,207.19,25030810,207.19,META,1
281,2020-02-12,207.85,211.22,207.4,210.76,13813704,210.76,META,1
282,2020-02-13,209.524,214.326,209.18,213.14,15396625,213.14,META,1
283,2020-02-14,214.0,214.93,212.65,214.18,10741747,214.18,META,1
284,2020-02-18,213.55,217.975,213.4,217.8,15630026,217.8,META,1
285,2020-02-19,217.99,218.32,216.11,217.49,12135114,217.49,META,1
286,2020-02-20,216.52,218.765,212.945,214.58,13109213,214.58,META,1
287,2020-02-21,213.48,214.237,208.831,210.18,14098432,210.18,META,1
288,2020-02-24,201.8,203.65,198.17,200.72,23080057,200.72,META,1
289,2020-02-25,202.25,203.5,195.954,196.77,21433487,196.77,META,1
290,2020-02-26,197.19,201.21,195.49,197.2,16555210,197.2,META,1
291,2020-02-27,191.82,195.88,189.5,189.75,21682626,189.75,META,1
292,2020-02-28,182.695,192.74,181.82,192.47,32583494,192.47,META,1
293,2020-03-02,194.03,196.57,188.85,196.44,24948955,196.44,META,1
294,2020-03-03,196.22,197.24,183.97,185.89,27984104,185.89,META,1
295,2020-03-04,189.17,191.83,186.39,191.76,23062473,191.76,META,1
296,2020-03-05,186.78,188.99,183.8901,185.17,19333425,185.17,META,1
297,2020-03-06,178.33,183.78,176.26,181.09,24559550,181.09,META,1
298,2020-03-09,169.6,175.0,165.19,169.5,29949041,169.5,META,1
299,2020-03-10,174.67,178.29,169.5,178.19,24517791,178.19,META,1
300,2020-03-11,174.01,175.88,167.66,170.24,20397204,170.24,META,1
301,2020-03-12,159.54,166.6,154.34,154.47,43266335,154.47,META,1
302,2020-03-13,163.53,170.79,157.6,170.28,35028627,170.28,META,1
303,2020-03-16,152.32,159.13,143.1,146.01,39120419,146.01,META,1
304,2020-03-17,150.74,153.94,140.0,149.42,34255596,149.42,META,1
305,2020-03-18,139.75,148.18,137.1006,146.96,37553136,146.96,META,1
306,2020-03-19,146.62,159.9294,144.8,153.13,39862312,153.13,META,1
307,2020-03-20,156.02,159.27,148.0,149.73,32568398,149.73,META,1
308,2020-03-23,149.66,152.31,142.25,148.1,29830765,148.1,META,1
309,2020-03-24,155.205,161.31,152.57,160.98,30440369,160.98,META,1
310,2020-03-25,158.92,162.99,153.06,156.21,35184271,156.21,META,1
311,2020-03-26,158.25,164.0,157.0201,163.34,26579021,163.34,META,1
312,2020-03-27,158.2,160.09,154.75,156.79,24879869,156.79,META,1
313,2020-03-30,159.18,166.75,158.06,165.95,22515225,165.95,META,1
314,2020-03-31,165.48,170.93,164.2,166.8,23676283,166.8,META,1
315,2020-04-01,161.615,164.15,158.035,159.6,19507559,159.6,META,1
316,2020-04-02,159.1,161.3509,155.92,158.19,20886309,158.19,META,1
317,2020-04-03,157.15,157.91,150.83,154.18,25983317,154.18,META,1
318,2020-04-06,160.15,166.2,158.51,165.55,28453581,165.55,META,1
319,2020-04-07,171.79,173.39,166.01,168.83,31411919,168.83,META,1
320,2020-04-08,171.25,175.0,167.74,174.28,21664198,174.28,META,1
321,2020-04-09,175.9,177.08,171.57,175.19,23534287,175.19,META,1
322,2020-04-13,173.67,175.0,169.45,174.79,19355355,174.79,META,1
323,2020-04-14,178.9765,181.225,176.62,178.17,21011815,178.17,META,1
324,2020-04-15,175.1865,178.19,172.82,176.97,17423003,176.97,META,1
325,2020-04-16,177.95,178.05,172.51,176.25,23593229,176.25,META,1
326,2020-04-17,179.2,180.28,176.66,179.24,20974750,179.24,META,1
327,2020-04-20,177.41,180.5,176.77,178.24,16110664,178.24,META,1
328,2020-04-21,175.25,175.38,168.3408,170.8,24850528,170.8,META,1
329,2020-04-22,178.45,184.78,178.14,182.28,33369931,182.28,META,1
330,2020-04-23,184.08,187.05,183.15,185.13,21426604,185.13,META,1
331,2020-04-24,183.23,190.41,180.825,190.07,28868528,190.07,META,1
332,2020-04-27,192.657,193.75,187.41,187.5,29197750,187.5,META,1
333,2020-04-28,188.66,189.2,182.56,182.91,21730986,182.91,META,1
334,2020-04-29,190.93,196.91,190.0,194.19,45954521,194.19,META,1
335,2020-04-30,206.92,209.69,201.5701,204.71,46230116,204.71,META,1
336,2020-05-01,201.6,207.28,199.0501,202.27,30415581,202.27,META,1
337,2020-05-04,200.2,205.91,198.7562,205.26,19250673,205.26,META,1
338,2020-05-05,207.02,210.38,206.5,207.07,21071223,207.07,META,1
339,2020-05-06,208.12,211.6,206.66,208.47,21856963,208.47,META,1
340,2020-05-07,211.16,211.6,209.04,211.26,15151976,211.26,META,1
341,2020-05-08,212.24,213.21,210.85,212.35,12524048,212.35,META,1
342,2020-05-11,210.8865,215.0,210.37,213.18,12911948,213.18,META,1
343,2020-05-12,213.29,215.275,210.0,210.1,14704647,210.1,META,1
344,2020-05-13,209.43,210.78,202.11,205.1,20684559,205.1,META,1
345,2020-05-14,202.56,206.93,200.69,206.81,17178947,206.81,META,1
346,2020-05-15,205.27,211.34,204.12,210.88,19383154,210.88,META,1
347,2020-05-18,212.15,214.6445,210.94,213.19,20167443,213.19,META,1
348,2020-05-19,213.27,220.49,212.83,216.88,31843152,216.88,META,1
349,2020-05-20,223.5,231.34,223.19,229.97,50162875,229.97,META,1
350,2020-05-21,234.72,237.2,231.2,231.39,47782636,231.39,META,1
351,2020-05-22,231.51,235.99,228.74,234.91,33925564,234.91,META,1
352,2020-05-26,239.77,240.9,231.67,232.2,33178318,232.2,META,1
353,2020-05-27,229.07,230.56,221.1347,229.14,34697553,229.14,META,1
354,2020-05-28,224.3,231.6332,224.0,225.46,29423013,225.46,META,1
355,2020-05-29,225.2,227.49,222.88,225.09,23322476,225.09,META,1
356,2020-06-01,224.59,232.44,223.5,231.91,18223839,231.91,META,1
357,2020-06-02,230.94,233.0,226.56,232.72,20919018,232.72,META,1
358,2020-06-03,232.11,232.65,228.53,230.16,15380282,230.16,META,1
359,2020-06-04,229.56,231.63,224.61,226.29,17041481,226.29,META,1
360,2020-06-05,226.71,231.35,225.3105,230.77,16750438,230.77,META,1
361,2020-06-08,229.03,231.55,227.41,231.4,15466499,231.4,META,1
362,2020-06-09,231.52,239.77,230.41,238.67,27462872,238.67,META,1
363,2020-06-10,240.96,241.21,235.28,236.73,20720709,236.73,META,1
364,2020-06-11,229.94,232.89,223.55,224.43,26708163,224.43,META,1
365,2020-06-12,229.9,231.66,224.5,228.58,22091387,228.58,META,1
366,2020-06-15,225.09,233.77,224.8,232.5,15340264,232.5,META,1
367,2020-06-16,237.14,238.46,233.0,235.65,15236691,235.65,META,1
368,2020-06-17,235.0,237.59,231.7268,235.53,19578125,235.53,META,1
369,2020-06-18,234.99,236.14,232.15,235.94,15782452,235.94,META,1
370,2020-06-19,237.79,240.83,235.55,238.79,30081291,238.79,META,1
371,2020-06-22,238.56,240.7,236.91,239.22,18917782,239.22,META,1
372,2020-06-23,241.28,245.1853,239.86,242.24,24017915,242.24,META,1
373,2020-06-24,241.2,243.22,232.68,234.02,20834904,234.02,META,1
374,2020-06-25,234.62,237.3,232.74,235.68,18704339,235.68,META,1
375,2020-06-26,232.64,233.09,215.4,216.08,76343939,216.08,META,1
376,2020-06-29,209.75,220.75,207.11,220.64,58514281,220.64,META,1
377,2020-06-30,220.59,227.5,218.47,227.07,33927068,227.07,META,1
378,2020-07-01,228.5,239.0,227.56,237.55,43399739,237.55,META,1
379,2020-07-02,239.0,240.0,232.61,233.42,30633620,233.42,META,1
380,2020-07-06,233.76,240.4,232.27,240.28,26206158,240.28,META,1
381,2020-07-07,239.41,247.65,238.82,240.86,27887786,240.86,META,1
382,2020-07-08,238.11,246.99,236.59,243.58,29791339,243.58,META,1
383,2020-07-09,245.0,246.525,239.24,244.5,22174896,244.5,META,1
384,2020-07-10,243.685,245.49,239.32,245.07,22982716,245.07,META,1
385,2020-07-13,247.005,250.15,238.42,239.0,24674874,239.0,META,1
386,2020-07-14,236.76,240.33,232.03,239.73,23378056,239.73,META,1
387,2020-07-15,241.55,244.82,238.05,240.28,19133562,240.28,META,1
388,2020-07-16,238.0,241.76,236.3306,240.93,18880705,240.93,META,1
389,2020-07-17,241.0,244.16,237.86,242.03,18152413,242.03,META,1
390,2020-07-20,240.06,246.05,235.635,245.42,20872223,245.42,META,1
391,2020-07-21,246.22,246.91,240.08,241.75,19409687,241.75,META,1
392,2020-07-22,240.26,241.9,238.12,239.87,15427885,239.87,META,1
393,2020-07-23,239.63,242.42,231.75,232.6,21771802,232.6,META,1
394,2020-07-24,230.19,233.49,226.9,230.71,18325813,230.71,META,1
395,2020-07-27,231.46,234.95,230.83,233.5,13163083,233.5,META,1
396,2020-07-28,234.63,234.96,229.83,230.12,14170112,230.12,META,1
397,2020-07-29,231.14,233.7,230.31,233.29,13588317,233.29,META,1
398,2020-07-30,230.22,234.893,229.0,234.5,20615306,234.5,META,1
399,2020-07-31,255.82,255.85,249.0,253.67,53030037,253.67,META,1
400,2020-08-03,252.65,255.4,250.33,251.96,23134103,251.96,META,1
401,2020-08-04,251.56,252.8,247.43,249.83,17183533,249.83,META,1
402,2020-08-05,250.19,252.2698,247.77,249.12,13088361,249.12,META,1
403,2020-08-06,249.04,266.6,248.665,265.28,45241611,265.28,META,1
404,2020-08-07,264.08,278.89,263.43,268.44,72766364,268.44,META,1
405,2020-08-10,268.04,273.86,259.69,263.0,30248826,263.0,META,1
406,2020-08-11,260.185,265.915,255.13,256.13,28238283,256.13,META,1
407,2020-08-12,258.97,263.8973,258.1125,259.89,21428329,259.89,META,1
408,2020-08-13,261.55,265.16,259.57,261.3,17373970,261.3,META,1
409,2020-08-14,262.305,262.65,258.6801,261.24,14792708,261.24,META,1
410,2020-08-17,262.5,264.0973,259.4,261.16,13351062,261.16,META,1
411,2020-08-18,260.95,265.15,259.26,262.34,18690383,262.34,META,1
412,2020-08-19,261.388,267.908,261.35,262.59,23291463,262.59,META,1
413,2020-08-20,261.5,269.63,261.46,269.01,20299688,269.01,META,1
414,2020-08-21,268.69,270.49,266.42,267.01,15538615,267.01,META,1
415,2020-08-24,271.07,277.2478,268.7701,271.39,23685603,271.39,META,1
416,2020-08-25,272.41,283.09,270.2601,280.82,42127240,280.82,META,1
417,2020-08-26,284.0,304.67,284.0,303.91,69015151,303.91,META,1
418,2020-08-27,300.16,301.23,292.02,293.22,30301309,293.22,META,1
419,2020-08-28,295.0,297.23,290.98,293.66,17172415,293.66,META,1
420,2020-08-31,293.95,296.88,291.55,293.2,17345134,293.2,META,1
421,2020-09-01,294.71,301.49,292.71,295.44,17320872,295.44,META,1
422,2020-09-02,298.88,303.6,293.05,302.5,24341369,302.5,META,1
423,2020-09-03,295.99,297.6,283.63,291.12,32294092,291.12,META,1
424,2020-09-04,287.25,289.0,271.14,282.73,30333671,282.73,META,1
425,2020-09-08,271.28,279.3,269.42,271.16,24863997,271.16,META,1
426,2020-09-09,275.77,278.48,271.35,273.72,22918769,273.72,META,1
427,2020-09-10,275.51,279.16,267.0319,268.09,24814669,268.09,META,1
428,2020-09-11,270.06,271.39,262.64,266.61,18913883,266.61,META,1
429,2020-09-14,270.95,276.64,265.7,266.15,24093830,266.15,META,1
430,2020-09-15,270.67,274.52,269.3,272.42,18478530,272.42,META,1
431,2020-09-16,267.29,272.44,261.79,263.52,29207594,263.52,META,1
432,2020-09-17,258.28,261.5,250.19,254.82,31281441,254.82,META,1
433,2020-09-18,258.405,259.2,250.05,252.53,28130767,252.53,META,1
434,2020-09-21,247.54,249.95,244.13,248.15,24709378,248.15,META,1
435,2020-09-22,253.31,255.32,248.22,254.75,30293103,254.75,META,1
436,2020-09-23,255.26,257.9921,248.15,249.02,19641266,249.02,META,1
437,2020-09-24,246.5,252.24,245.62,249.53,20006750,249.53,META,1
438,2020-09-25,249.4,255.75,246.61,254.82,18351311,254.82,META,1
439,2020-09-28,259.4,259.6,254.8208,256.82,18826254,256.82,META,1
440,2020-09-29,257.81,263.33,256.9,261.79,20215504,261.79,META,1
441,2020-09-30,261.98,266.085,260.1,261.9,20142546,261.9,META,1
442,2020-10-01,265.35,268.33,264.8,266.63,20009801,266.63,META,1
443,2020-10-02,261.21,265.15,259.18,259.94,16367597,259.94,META,1
444,2020-10-05,262.2,264.865,260.8401,264.65,12822252,264.65,META,1
445,2020-10-06,261.78,265.69,258.24,258.66,18696917,258.66,META,1
446,2020-10-07,259.21,260.18,254.82,258.12,23133417,258.12,META,1
447,2020-10-08,259.75,264.62,259.1488,263.76,16312762,263.76,META,1
448,2020-10-09,264.52,264.75,262.17,264.45,14107803,264.45,META,1
449,2020-10-12,270.2,280.18,267.87,275.75,31019256,275.75,META,1
450,2020-10-13,277.58,279.1,273.39,276.14,18063343,276.14,META,1
451,2020-10-14,277.62,278.75,271.5,271.82,15601154,271.82,META,1
452,2020-10-15,267.6,269.04,263.67,266.72,15416064,266.72,META,1
453,2020-10-16,267.375,271.37,265.3,265.93,16622702,265.93,META,1
454,2020-10-19,265.53,268.55,259.88,261.4,13586955,261.4,META,1
455,2020-10-20,263.06,269.7,262.88,267.56,18763246,267.56,META,1
456,2020-10-21,279.56,283.05,276.37,278.73,28998638,278.73,META,1
457,2020-10-22,279.87,282.45,275.04,278.12,16720026,278.12,META,1
458,2020-10-23,278.8024,285.24,276.82,284.79,17535155,284.79,META,1
459,2020-10-26,283.16,285.23,274.26,277.11,21322925,277.11,META,1
460,2020-10-27,278.76,284.51,276.31,283.29,16287249,283.29,META,1
461,2020-10-28,278.79,278.79,267.26,267.67,23121808,267.67,META,1
462,2020-10-29,276.55,283.6,273.78,280.83,32368118,280.83,META,1
463,2020-10-30,274.5,276.7,259.1,263.11,47299002,263.11,META,1
464,2020-11-02,264.6,270.47,257.34,261.36,27165679,261.36,META,1
465,2020-11-03,263.16,270.05,260.88,265.3,17961859,265.3,META,1
466,2020-11-04,281.0,288.94,278.62,287.38,35364424,287.38,META,1
467,2020-11-05,291.8965,297.38,288.95,294.68,23823633,294.68,META,1
468,2020-11-06,293.95,294.6,288.06,293.41,13890974,293.41,META,1
469,2020-11-09,289.87,292.58,278.53,278.77,25117650,278.77,META,1
470,2020-11-10,273.1,274.0,264.0,272.43,29067691,272.43,META,1
471,2020-11-11,273.47,278.4,272.48,276.48,14956950,276.48,META,1
472,2020-11-12,277.18,279.75,274.43,275.08,12914206,275.08,META,1
473,2020-11-13,277.72,277.76,273.1,276.95,10400101,276.95,META,1
474,2020-11-16,275.05,279.41,274.63,278.96,12970352,278.96,META,1
475,2020-11-17,277.68,277.68,273.29,275.0,15040297,275.0,META,1
476,2020-11-18,274.52,277.3889,271.84,271.97,12152945,271.97,META,1
477,2020-11-19,271.025,273.47,269.19,272.94,12963658,272.94,META,1
478,2020-11-20,272.56,273.0,269.41,269.7,18122412,269.7,META,1
479,2020-11-23,270.89,270.9471,264.53,268.43,20990786,268.43,META,1
480,2020-11-24,268.49,277.8199,267.87,276.92,16930424,276.92,META,1
481,2020-11-25,278.14,280.18,272.65,275.59,12467009,275.59,META,1
482,2020-11-27,277.39,279.13,274.82,277.81,7808426,277.81,META,1
483,2020-11-30,276.03,277.7,271.01,276.97,16693336,276.97,META,1
484,2020-12-01,279.16,289.3,278.96,286.55,20777906,286.55,META,1
485,2020-12-02,285.36,291.78,280.825,287.52,17361624,287.52,META,1
486,2020-12-03,286.25,286.65,281.07,281.85,12921694,281.85,META,1
487,2020-12-04,280.3,283.46,279.3,279.7,10880299,279.7,META,1
488,2020-12-07,279.19,288.49,278.2,285.58,12997268,285.58,META,1
489,2020-12-08,286.01,286.4272,281.55,283.4,10731946,283.4,META,1
490,2020-12-09,283.66,287.63,271.75,277.92,25160530,277.92,META,1
491,2020-12-10,275.535,278.73,271.86,277.12,20065091,277.12,META,1
492,2020-12-11,274.53,276.48,270.25,273.55,14391401,273.55,META,1
493,2020-12-14,273.3722,277.22,271.56,274.19,16376880,274.19,META,1
494,2020-12-15,274.83,276.08,267.47,275.55,23979461,275.55,META,1
495,2020-12-16,274.76,277.86,272.51,275.67,15884999,275.67,META,1
496,2020-12-17,277.07,280.44,273.61,274.48,16377844,274.48,META,1
497,2020-12-18,275.775,278.0,271.14,276.4,26693249,276.4,META,1
498,2020-12-21,272.978,274.67,267.79,272.79,16553740,272.79,META,1
499,2020-12-22,271.5,271.5,264.63,267.09,17334999,267.09,META,1
500,2020-12-23,266.89,272.1699,266.23,268.11,14329038,268.11,META,1
501,2020-12-24,268.875,270.4,266.2,267.4,6702033,267.4,META,1
502,2020-12-28,268.74,277.3,265.66,277.0,23299707,277.0,META,1
503,2020-12-29,276.95,280.51,276.28,276.78,16382995,276.78,META,1
504,2020-12-30,277.95,278.08,271.71,271.87,11803795,271.87,META,1
505,2020-12-31,272.0,277.09,269.81,273.16,12900408,273.16,META,1
506,2021-01-04,274.78,275.0,265.2,268.94,15106113,268.94,META,1
507,2021-01-05,268.29,272.4,268.2111,270.97,9871557,270.97,META,1
508,2021-01-06,262.0,267.75,260.01,263.31,24354149,263.31,META,1
509,2021-01-07,265.9,271.61,264.78,268.74,15789756,268.74,META,1
510,2021-01-08,268.31,268.95,263.18,267.57,18528251,267.57,META,1
511,2021-01-11,260.48,263.47,255.9,256.84,30412286,256.84,META,1
512,2021-01-12,256.63,259.72,250.3,251.09,26449943,251.09,META,1
513,2021-01-13,251.55,253.95,249.2,251.64,19528938,251.64,META,1
514,2021-01-14,253.4,255.03,244.61,245.64,29739404,245.64,META,1
515,2021-01-15,247.9,253.86,247.16,251.36,24942930,251.36,META,1
516,2021-01-19,256.9,262.2,252.7201,261.1,28028546,261.1,META,1
517,2021-01-20,268.93,270.32,263.6,267.48,25199919,267.48,META,1
518,2021-01-21,269.26,273.6,267.4901,272.87,20838687,272.87,META,1
519,2021-01-22,272.01,278.47,272.0,274.5,21954042,274.5,META,1
520,2021-01-25,278.14,280.1,271.51,278.01,19086990,278.01,META,1
521,2021-01-26,278.1398,285.39,277.81,282.05,19373636,282.05,META,1
522,2021-01-27,282.53,283.45,268.1201,272.14,35346194,272.14,META,1
523,2021-01-28,277.18,286.79,264.7,265.0,37758844,265.0,META,1
524,2021-01-29,265.3,266.56,254.85,258.33,30389499,258.33,META,1
525,2021-02-01,259.52,264.17,254.91,262.01,22914255,262.01,META,1
526,2021-02-02,264.0,268.85,263.27,267.08,17320788,267.08,META,1
527,2021-02-03,265.62,269.2,263.84,266.65,14223377,266.65,META,1
528,2021-02-04,267.01,268.16,264.0,266.49,16059958,266.49,META,1
529,2021-02-05,266.8,269.17,265.67,268.1,12454367,268.1,META,1
530,2021-02-08,268.75,269.86,265.0,266.58,13755191,266.58,META,1
531,2021-02-09,266.44,273.39,265.75,269.45,14613375,269.45,META,1
532,2021-02-10,272.4465,273.7999,267.72,271.87,14687152,271.87,META,1
533,2021-02-11,271.89,273.58,268.49,270.39,12828572,270.39,META,1
534,2021-02-12,270.52,271.18,268.34,270.5,9097597,270.5,META,1
535,2021-02-16,270.8,276.6,270.05,273.97,15417243,273.97,META,1
536,2021-02-17,271.24,273.97,269.58,273.57,12763240,273.57,META,1
537,2021-02-18,269.565,271.95,266.03,269.39,15249134,269.39,META,1
538,2021-02-19,269.86,270.27,260.15,261.56,25622587,261.56,META,1
539,2021-02-22,257.95,263.07,257.53,260.33,17434873,260.33,META,1
540,2021-02-23,259.5,267.46,254.96,265.855,21924557,265.855,META,1
541,2021-02-24,262.325,266.38,258.39,264.31,15736123,264.31,META,1
542,2021-02-25,262.3,266.94,254.04,254.69,19053142,254.69,META,1
543,2021-02-26,256.47,265.55,256.47,257.62,26619517,257.62,META,1
544,2021-03-01,260.82,266.65,257.9039,264.91,22157255,264.91,META,1
545,2021-03-02,265.78,266.71,258.65,259.0,15191722,259.0,META,1
546,2021-03-03,260.29,260.9899,255.1,255.41,15513515,255.41,META,1
547,2021-03-04,256.47,266.49,253.5,257.64,31626463,257.64,META,1
548,2021-03-05,260.67,265.45,255.61,264.28,26820055,264.28,META,1
549,2021-03-08,265.55,265.58,255.05,255.31,18391768,255.31,META,1
550,2021-03-09,261.175,268.53,259.81,265.74,22039740,265.74,META,1
551,2021-03-10,268.64,268.97,262.87,264.9,14210318,264.9,META,1
552,2021-03-11,268.11,277.9,267.82,273.88,21833979,273.88,META,1
553,2021-03-12,269.14,269.74,264.02,268.4,20600198,268.4,META,1
554,2021-03-15,269.08,275.96,268.5,273.75,16856746,273.75,META,1
555,2021-03-16,276.085,282.14,274.8,279.28,22437665,279.28,META,1
556,2021-03-17,275.705,286.23,275.41,284.01,21315044,284.01,META,1
557,2021-03-18,279.87,285.1899,278.28,278.62,18754853,278.62,META,1
558,2021-03-19,281.22,292.8,281.195,290.11,38930536,290.11,META,1
559,2021-03-22,290.45,299.705,286.7501,293.54,28273073,293.54,META,1
560,2021-03-23,293.15,298.0,289.81,290.63,23000929,290.63,META,1
561,2021-03-24,290.93,291.72,281.16,282.14,18675046,282.14,META,1
562,2021-03-25,280.98,288.06,277.75,278.74,24505648,278.74,META,1
563,2021-03-26,278.3018,284.5,277.77,283.02,17629185,283.02,META,1
564,2021-03-29,285.77,293.18,284.7,290.82,21718831,290.82,META,1
565,2021-03-30,289.83,292.47,286.7,288.0,17474537,288.0,META,1
566,2021-03-31,289.99,296.5,288.61,294.53,19498157,294.53,META,1
567,2021-04-01,298.4,302.4,296.6,298.66,17615980,298.66,META,1
568,2021-04-05,300.89,310.765,300.68,308.91,28237006,308.91,META,1
569,2021-04-06,308.8365,311.35,305.25,306.26,17335246,306.26,META,1
570,2021-04-07,306.34,314.25,305.5,313.09,22855241,313.09,META,1
571,2021-04-08,314.85,315.88,310.05,313.02,20894148,313.02,META,1
572,2021-04-09,311.4,314.74,310.33,312.46,15988568,312.46,META,1
573,2021-04-12,311.05,312.15,307.93,311.54,10881935,311.54,META,1
574,2021-04-13,312.21,314.428,309.32,309.76,14036927,309.76,META,1
575,2021-04-14,307.3,308.03,301.95,302.82,17421393,302.82,META,1
576,2021-04-15,306.34,310.14,304.1,307.82,14558273,307.82,META,1
577,2021-04-16,308.17,308.95,304.61,306.18,13059163,306.18,META,1
578,2021-04-19,305.007,307.7,300.56,302.24,14553507,302.24,META,1
579,2021-04-20,301.83,305.1,297.21,302.65,16796442,302.65,META,1
580,2021-04-21,301.945,301.98,297.39,301.47,14863474,301.47,META,1
581,2021-04-22,301.33,302.92,296.04,296.52,16375350,296.52,META,1
582,2021-04-23,298.76,302.59,297.15,301.13,17559498,301.13,META,1
583,2021-04-26,303.3396,305.8,301.56,303.04,16172593,303.04,META,1
584,2021-04-27,304.28,305.34,301.11,303.57,15309256,303.57,META,1
585,2021-04-28,307.36,310.92,305.37,307.1,33907210,307.1,META,1
586,2021-04-29,330.12,331.81,321.61,329.51,56526771,329.51,META,1
587,2021-04-30,326.1435,329.82,324.5,325.08,26332423,325.08,META,1
588,2021-05-03,326.17,328.55,321.84,322.58,18719462,322.58,META,1
589,2021-05-04,320.025,322.19,313.12,318.36,24032557,318.36,META,1
590,2021-05-05,318.19,321.06,314.49,315.02,15577605,315.02,META,1
591,2021-05-06,314.52,320.24,313.275,320.02,19012241,320.02,META,1
592,2021-05-07,322.38,322.935,318.75,319.08,15916743,319.08,META,1
593,2021-05-10,314.35,314.5786,304.83,305.97,24239170,305.97,META,1
594,2021-05-11,300.75,306.84,299.69,306.53,18920086,306.53,META,1
595,2021-05-12,301.13,304.96,298.19,302.55,24641010,302.55,META,1
596,2021-05-13,306.0833,308.86,302.7701,305.26,18079160,305.26,META,1
597,2021-05-14,309.54,316.85,309.08,315.94,19245724,315.94,META,1
598,2021-05-17,313.55,315.68,311.58,315.46,15401343,315.46,META,1
599,2021-05-18,315.59,316.5,309.81,309.96,14522403,309.96,META,1
600,2021-05-19,304.185,314.66,303.57,313.59,19106244,313.59,META,1
601,2021-05-20,313.58,319.25,313.16,318.61,17320241,318.61,META,1
602,2021-05-21,319.29,319.93,315.8101,316.23,13600901,316.23,META,1
603,2021-05-24,318.21,325.95,318.03,324.63,16445356,324.63,META,1
604,2021-05-25,327.08,329.18,324.8,327.79,16436965,327.79,META,1
605,2021-05-26,328.35,329.8299,325.82,327.66,9686917,327.66,META,1
606,2021-05-27,328.0,333.78,326.76,332.75,20477726,332.75,META,1
607,2021-05-28,331.0,332.8684,328.33,328.73,12037430,328.73,META,1
608,2021-06-01,330.15,331.42,326.64,329.13,11765906,329.13,META,1
609,2021-06-02,330.38,331.87,327.1215,329.15,11654275,329.15,META,1
610,2021-06-03,325.78,327.375,323.48,326.04,12610788,326.04,META,1
611,2021-06-04,325.9,332.455,325.18,330.35,13289383,330.35,META,1
612,2021-06-07,329.48,337.69,328.93,336.58,20136707,336.58,META,1
613,2021-06-08,336.7,338.2999,332.24,333.68,14580464,333.68,META,1
614,2021-06-09,335.74,336.8,330.0,330.25,13727946,330.25,META,1
615,2021-06-10,330.785,333.94,328.545,332.46,13240229,332.46,META,1
616,2021-06-11,332.58,332.83,328.93,331.26,13587916,331.26,META,1
617,2021-06-14,331.9,336.82,329.81,336.77,12250799,336.77,META,1
618,2021-06-15,336.99,339.92,335.03,336.75,15795226,336.75,META,1
619,2021-06-16,336.695,337.55,328.72,331.08,17232157,331.08,META,1
620,2021-06-17,330.49,337.98,330.15,336.51,17794080,336.51,META,1
621,2021-06-18,334.53,336.15,329.0,329.66,23039457,329.66,META,1
622,2021-06-21,331.09,332.92,327.65,332.29,11337522,332.29,META,1
623,2021-06-22,332.685,339.92,332.6,339.03,15345299,339.03,META,1
624,2021-06-23,339.35,343.4199,338.2,340.59,14817824,340.59,META,1
625,2021-06-24,341.85,344.9,341.79,343.18,12329096,343.18,META,1
626,2021-06-25,342.59,344.12,339.68,341.37,14594444,341.37,META,1
627,2021-06-28,342.46,358.14,341.77,355.64,29156132,355.64,META,1
628,2021-06-29,356.27,356.74,349.05,351.89,21417305,351.89,META,1
629,2021-06-30,352.165,352.92,347.17,347.71,15107514,347.71,META,1
630,2021-07-01,346.82,354.6699,346.5,354.39,17137021,354.39,META,1
631,2021-07-02,355.1,356.44,352.62,354.7,11524614,354.7,META,1
632,2021-07-06,356.5,358.79,349.18,352.78,13488455,352.78,META,1
633,2021-07-07,355.26,356.49,350.0,350.49,14218866,350.49,META,1
634,2021-07-08,345.73,348.33,342.56,345.65,14406457,345.65,META,1
635,2021-07-09,345.32,350.71,345.265,350.42,13018694,350.42,META,1
636,2021-07-12,351.23,354.19,349.64,353.16,10018624,353.16,META,1
637,2021-07-13,351.5,358.49,348.8,352.09,11455963,352.09,META,1
638,2021-07-14,354.56,355.2,346.73,347.63,13894221,347.63,META,1
639,2021-07-15,349.2348,349.2348,340.22,344.46,14781594,344.46,META,1
640,2021-07-16,344.91,345.9899,340.14,341.16,11026093,341.16,META,1
641,2021-07-19,337.57,339.79,334.54,336.95,14372345,336.95,META,1
642,2021-07-20,338.8,343.45,334.5,341.66,11024277,341.66,META,1
643,2021-07-21,341.5,346.52,341.25,346.23,9279657,346.23,META,1
644,2021-07-22,346.68,351.54,345.21,351.19,12385441,351.19,META,1
645,2021-07-23,360.91,375.33,357.19,369.79,33694328,369.79,META,1
646,2021-07-26,369.58,374.44,368.22,372.46,14925222,372.46,META,1
647,2021-07-27,371.91,373.15,364.55,367.81,15705447,367.81,META,1
648,2021-07-28,374.56,377.5499,366.93,373.28,29676910,373.28,META,1
649,2021-07-29,361.0,365.52,356.74,358.32,33413244,358.32,META,1
650,2021-07-30,354.0,360.73,352.94,356.3,15976179,356.3,META,1
651,2021-08-02,358.1,359.4,350.74,351.95,13180439,351.95,META,1
652,2021-08-03,352.73,353.7699,347.7,351.24,12406054,351.24,META,1
653,2021-08-04,352.42,360.48,351.51,358.92,14180572,358.92,META,1
654,2021-08-05,359.64,363.9,356.9,362.97,10247207,362.97,META,1
655,2021-08-06,361.4,365.15,361.395,363.51,8925017,363.51,META,1
656,2021-08-09,363.7623,365.775,360.75,361.61,7798872,361.61,META,1
657,2021-08-10,361.825,364.1,359.0435,361.13,7469878,361.13,META,1
658,2021-08-11,362.1,362.36,357.81,359.96,8400332,359.96,META,1
659,2021-08-12,358.45,363.0,357.11,362.65,7175206,362.65,META,1
660,2021-08-13,362.97,364.6607,361.48,363.18,7195724,363.18,META,1
661,2021-08-16,362.52,366.95,357.38,366.56,11232269,366.56,META,1
662,2021-08-17,362.98,364.67,355.07,358.45,12328737,358.45,META,1
663,2021-08-18,356.25,359.86,355.15,355.45,10042381,355.45,META,1
664,2021-08-19,351.345,357.57,351.0,355.12,12004535,355.12,META,1
665,2021-08-20,354.6,359.9898,353.31,359.37,8697667,359.37,META,1
666,2021-08-23,359.44,365.69,359.1,363.35,10942007,363.35,META,1
667,2021-08-24,363.66,367.9559,361.84,365.51,9235148,365.51,META,1
668,2021-08-25,365.6,370.86,365.4,368.39,9684519,368.39,META,1
669,2021-08-26,368.375,369.44,364.13,364.38,7888683,364.38,META,1
670,2021-08-27,365.1,373.74,364.08,372.63,11219142,372.63,META,1
671,2021-08-30,372.56,381.49,370.52,380.66,13547261,380.66,META,1
672,2021-08-31,379.95,382.759,378.8,379.38,12345350,379.38,META,1
673,2021-09-01,379.59,384.33,378.81,382.05,11567163,382.05,META,1
674,2021-09-02,381.5,381.75,374.06,375.28,14838274,375.28,META,1
675,2021-09-03,374.75,377.16,373.11,376.26,7511356,376.26,META,1
676,2021-09-07,375.88,382.96,373.15,382.18,10798920,382.18,META,1
677,2021-09-08,380.16,380.87,374.79,377.57,11067166,377.57,META,1
678,2021-09-09,377.64,379.83,376.565,378.0,9098941,378.0,META,1
679,2021-09-10,381.361,383.79,378.26,378.69,11549595,378.69,META,1
680,2021-09-13,381.68,381.75,374.3451,376.51,13026275,376.51,META,1
681,2021-09-14,377.4,378.59,375.11,376.53,8711569,376.53,META,1
682,2021-09-15,377.0,377.555,367.67,373.92,17940297,373.92,META,1
683,2021-09-16,372.79,373.56,369.71,373.06,11934217,373.06,META,1
684,2021-09-17,371.0,371.41,361.59,364.72,26298966,364.72,META,1
685,2021-09-20,359.3,361.03,349.8,355.7,19822772,355.7,META,1
686,2021-09-21,358.5,360.04,355.19,357.48,11751917,357.48,META,1
687,2021-09-22,347.23,349.84,340.6901,343.21,43692859,343.21,META,1
688,2021-09-23,345.355,349.67,343.0,345.96,21806264,345.96,META,1
689,2021-09-24,343.2387,354.35,342.37,352.96,18801933,352.96,META,1
690,2021-09-27,349.805,355.15,347.08,353.58,15205843,353.58,META,1
691,2021-09-28,347.97,349.6,338.92,340.65,21710286,340.65,META,1
692,2021-09-29,343.15,345.23,338.88,339.61,14452241,339.61,META,1
693,2021-09-30,340.445,342.8,338.15,339.39,16547094,339.39,META,1
694,2021-10-01,341.61,345.02,338.64,343.01,14905311,343.01,META,1
695,2021-10-04,335.53,335.94,322.7,326.23,42884975,326.23,META,1
696,2021-10-05,328.58,335.18,326.1638,332.96,35377947,332.96,META,1
697,2021-10-06,329.77,334.38,325.8,333.64,26443010,333.64,META,1
698,2021-10-07,337.0,338.84,328.98,329.22,28307456,329.22,META,1
699,2021-10-08,331.51,333.4,328.71,330.05,15946110,330.05,META,1
700,2021-10-11,327.625,330.46,325.31,325.45,14708224,325.45,META,1
701,2021-10-12,323.03,324.38,317.37,323.77,31658684,323.77,META,1
702,2021-10-13,326.97,327.0,322.66,324.54,14761470,324.54,META,1
703,2021-10-14,328.355,330.52,327.1,328.53,14302154,328.53,META,1
704,2021-10-15,328.68,329.07,322.51,324.76,21596370,324.76,META,1
705,2021-10-18,328.95,335.89,327.5,335.34,21585018,335.34,META,1
706,2021-10-19,339.645,342.46,337.28,339.99,18786316,339.99,META,1
707,2021-10-20,343.445,343.98,339.4531,340.78,13639465,340.78,META,1
708,2021-10-21,340.275,342.31,337.8,341.88,16354423,341.88,META,1
709,2021-10-22,326.345,329.63,321.11,324.61,35224543,324.61,META,1
710,2021-10-25,320.3,329.56,319.72,328.69,38408957,328.69,META,1
711,2021-10-26,328.26,330.2099,309.6,315.81,65654043,315.81,META,1
712,2021-10-27,314.19,319.25,312.06,312.22,29971761,312.22,META,1
713,2021-10-28,312.99,325.52,308.11,316.92,50806840,316.92,META,1
714,2021-10-29,320.19,325.9999,319.6,323.57,37059384,323.57,META,1
715,2021-11-01,326.04,333.45,326.0,329.98,31518885,329.98,META,1
716,2021-11-02,331.38,334.7895,323.8,328.08,28352966,328.08,META,1
717,2021-11-03,327.49,332.15,323.2,331.62,20786502,331.62,META,1
718,2021-11-04,334.0065,337.273,332.65,335.85,22495281,335.85,META,1
719,2021-11-05,340.31,346.79,339.64,341.13,26872817,341.13,META,1
720,2021-11-08,344.42,344.789,338.34,338.62,18342458,338.62,META,1
721,2021-11-09,340.0,341.3075,334.47,335.37,17556721,335.37,META,1
722,2021-11-10,332.49,333.19,325.51,327.64,21872605,327.64,META,1
723,2021-11-11,329.82,332.459,327.0,327.74,12376563,327.74,META,1
724,2021-11-12,330.18,341.86,329.78,340.89,25414311,340.89,META,1
725,2021-11-15,344.34,353.65,343.2,347.56,25076603,347.56,META,1
726,2021-11-16,343.83,346.65,340.87,342.96,18181106,342.96,META,1
727,2021-11-17,344.24,347.3,340.1,340.77,13602812,340.77,META,1
728,2021-11-18,339.72,342.46,335.3,338.69,17487235,338.69,META,1
729,2021-11-19,342.2,352.1,339.9,345.3,26488541,345.3,META,1
730,2021-11-22,349.05,353.83,340.51,341.01,27116811,341.01,META,1
731,2021-11-23,338.93,341.3999,333.5,337.25,17224986,337.25,META,1
732,2021-11-24,336.0,341.78,332.81,341.06,13566181,341.06,META,1
733,2021-11-26,335.795,337.75,331.902,333.12,14750737,333.12,META,1
734,2021-11-29,336.89,340.67,335.305,338.03,16650949,338.03,META,1
735,2021-11-30,335.0,335.81,323.43,324.46,25390008,324.46,META,1
736,2021-12-01,330.29,330.5,310.29,310.6,30384083,310.6,META,1
737,2021-12-02,311.4,314.6,307.2,310.39,24396169,310.39,META,1
738,2021-12-03,313.73,313.75,299.5,306.84,27471010,306.84,META,1
739,2021-12-06,307.99,320.1,306.34,317.87,21758340,317.87,META,1
740,2021-12-07,321.57,326.54,321.0,322.81,18794047,322.81,META,1
741,2021-12-08,325.0,332.75,323.07,330.56,19937722,330.56,META,1
742,2021-12-09,329.54,336.13,328.0,329.82,16879168,329.82,META,1
743,2021-12-10,332.555,335.03,326.37,329.75,14527969,329.75,META,1
744,2021-12-13,330.95,341.09,329.59,334.49,22948655,334.49,META,1
745,2021-12-14,328.05,335.7,327.65,333.74,20461024,333.74,META,1
746,2021-12-15,332.4935,342.11,323.98,341.66,24681326,341.66,META,1
747,2021-12-16,338.98,344.46,333.74,334.9,22635025,334.9,META,1
748,2021-12-17,332.795,337.11,330.75,333.79,40012637,333.79,META,1
749,2021-12-20,329.775,329.9,322.53,325.45,17901783,325.45,META,1
750,2021-12-21,326.41,336.0,323.75,334.2,16116784,334.2,META,1
751,2021-12-22,333.8003,334.51,328.26,330.45,16764566,330.45,META,1
752,2021-12-23,330.1,336.67,328.36,335.24,13987698,335.24,META,1
753,2021-12-27,338.845,347.87,338.01,346.18,17795026,346.18,META,1
754,2021-12-28,346.63,352.71,345.2,346.22,16637608,346.22,META,1
755,2021-12-29,346.91,349.6899,341.6401,342.94,10747009,342.94,META,1
756,2021-12-30,344.0,347.23,343.22,344.36,10593347,344.36,META,1
757,2021-12-31,343.015,343.44,336.27,336.35,12870480,336.35,META,1
758,2022-01-03,338.295,341.0816,337.19,338.54,14562849,338.54,META,1
759,2022-01-04,339.95,343.0854,331.8711,336.53,15997974,336.53,META,1
760,2022-01-05,333.02,335.76,323.84,324.17,20564521,324.17,META,1
761,2022-01-06,322.8,339.165,322.72,332.46,27962809,332.46,META,1
762,2022-01-07,332.74,337.0,328.8801,331.79,14722020,331.79,META,1
763,2022-01-10,325.31,328.34,315.43,328.07,24942383,328.07,META,1
764,2022-01-11,326.78,334.63,325.28,334.37,16226847,334.37,META,1
765,2022-01-12,335.18,336.365,330.03,333.26,14104858,333.26,META,1
766,2022-01-13,334.98,335.63,325.76,326.48,14797109,326.48,META,1
767,2022-01-14,321.79,332.73,321.21,331.9,16868497,331.9,META,1
768,2022-01-18,323.29,324.21,317.64,318.15,22677332,318.15,META,1
769,2022-01-19,319.5822,327.1,319.33,319.59,20814740,319.59,META,1
770,2022-01-20,323.9,327.82,315.98,316.56,16925030,316.56,META,1
771,2022-01-21,314.81,318.31,303.04,303.17,28710717,303.17,META,1
772,2022-01-24,297.84,309.53,289.01,308.71,38936901,308.71,META,1
773,2022-01-25,299.95,306.23,297.58,300.15,25108454,300.15,META,1
774,2022-01-26,307.01,307.51,290.85,294.63,28348801,294.63,META,1
775,2022-01-27,297.752,301.709,294.26,294.64,21629922,294.64,META,1
776,2022-01-28,295.6204,301.9,293.0333,301.71,21871620,301.71,META,1
777,2022-01-31,300.68,313.79,299.32,313.26,21579474,313.26,META,1
778,2022-02-01,314.555,319.6598,312.12,319.0,18023796,319.0,META,1
779,2022-02-02,327.82,328.0,316.8747,323.0,58458280,323.0,META,1
780,2022-02-03,244.645,248.0,235.745,237.76,188119925,237.76,META,1
781,2022-02-04,234.97,242.6099,230.11,237.09,89342247,237.09,META,1
782,2022-02-07,237.7,238.3,224.01,224.91,88613826,224.91,META,1
783,2022-02-08,220.85,225.77,216.15,220.18,94729672,220.18,META,1
784,2022-02-09,224.2,233.37,222.21,232.0,86563275,232.0,META,1
785,2022-02-10,228.27,235.0,226.7,228.07,49310356,228.07,META,1
786,2022-02-11,228.46,230.42,218.7701,219.55,46156943,219.55,META,1
787,2022-02-14,219.31,221.0,214.78,217.7,38184035,217.7,META,1
788,2022-02-15,220.47,221.15,215.06,221.0,42685473,221.0,META,1
789,2022-02-16,212.41,217.46,212.36,216.54,45817457,216.54,META,1
790,2022-02-17,214.02,217.5,207.1601,207.71,38747533,207.71,META,1
791,2022-02-18,209.39,210.75,205.18,206.16,37128438,206.16,META,1
792,2022-02-22,202.34,207.48,200.06,202.08,39852391,202.08,META,1
793,2022-02-23,204.16,206.94,198.05,198.45,44481359,198.45,META,1
794,2022-02-24,191.06,208.35,190.22,207.6,49957167,207.6,META,1
795,2022-02-25,204.94,211.32,203.18,210.48,37627551,210.48,META,1
796,2022-02-28,207.675,213.1508,206.83,211.03,34239803,211.03,META,1
797,2022-03-01,209.87,211.7517,202.22,203.49,27094902,203.49,META,1
798,2022-03-02,204.62,209.15,202.02,208.11,29452147,208.11,META,1
799,2022-03-03,209.015,209.08,201.42,202.97,27263524,202.97,META,1
800,2022-03-04,202.37,205.89,198.79,200.06,32146264,200.06,META,1
801,2022-03-07,200.79,200.89,187.28,187.47,38560609,187.47,META,1
802,2022-03-08,187.85,196.7,186.11,190.29,37508149,190.29,META,1
803,2022-03-09,195.74,199.1,193.92,198.5,31894695,198.5,META,1
804,2022-03-10,194.84,196.28,191.068,195.21,24852975,195.21,META,1
805,2022-03-11,192.635,193.56,186.67,187.61,34694534,187.61,META,1
806,2022-03-14,187.03,192.29,185.82,186.63,31010462,186.63,META,1
807,2022-03-15,190.8,192.28,185.911,192.03,31721682,192.03,META,1
808,2022-03-16,194.7,203.73,194.52,203.63,40640264,203.63,META,1
809,2022-03-17,201.7,208.04,201.11,207.84,29499681,207.84,META,1
810,2022-03-18,206.7,216.8,206.0,216.49,52127982,216.49,META,1
811,2022-03-21,214.5,214.71,207.63,211.49,30142338,211.49,META,1
812,2022-03-22,211.37,219.46,210.18,216.65,31998799,216.65,META,1
813,2022-03-23,213.455,216.7988,212.16,213.46,23717321,213.46,META,1
814,2022-03-24,215.0,220.67,214.79,219.57,31502314,219.57,META,1
815,2022-03-25,220.51,225.5,218.8901,221.82,40039026,221.82,META,1
816,2022-03-28,222.13,224.04,219.54,223.59,26224141,223.59,META,1
817,2022-03-29,226.07,230.89,225.29,229.86,31417857,229.86,META,1
818,2022-03-30,228.91,231.151,226.71,227.85,25588046,227.85,META,1
819,2022-03-31,228.45,228.49,222.26,222.36,24192266,222.36,META,1
820,2022-04-01,224.55,227.28,222.7,224.85,19544758,224.85,META,1
821,2022-04-04,225.98,234.351,225.86,233.89,28100826,233.89,META,1
822,2022-04-05,234.08,236.86,231.02,231.84,29727181,231.84,META,1
823,2022-04-06,226.91,228.9899,221.405,223.3,28995080,223.3,META,1
824,2022-04-07,223.93,225.52,218.56,222.95,21037187,222.95,META,1
825,2022-04-08,222.38,225.13,220.0283,222.33,18375711,222.33,META,1
826,2022-04-11,218.42,220.61,215.2198,216.46,20516586,216.46,META,1
827,2022-04-12,220.235,222.03,213.13,214.14,20128827,214.14,META,1
828,2022-04-13,211.82,216.61,211.33,214.99,19231816,214.99,META,1
829,2022-04-14,214.89,214.99,210.0,210.18,18379455,210.18,META,1
830,2022-04-18,210.0,213.38,208.3,210.77,16580792,210.77,META,1
831,2022-04-19,210.52,218.4299,209.0,217.31,20089871,217.31,META,1
832,2022-04-20,213.605,214.16,198.92,200.42,43036528,200.42,META,1
833,2022-04-21,201.6,202.965,185.58,188.07,49954078,188.07,META,1
834,2022-04-22,190.37,192.72,183.27,184.11,36426769,184.11,META,1
835,2022-04-25,182.73,187.18,181.655,186.99,29281060,186.99,META,1
836,2022-04-26,186.63,187.185,179.5,180.95,31747434,180.95,META,1
837,2022-04-27,174.43,181.2099,169.0,174.95,71062886,174.95,META,1
838,2022-04-28,202.92,208.53,192.9,205.73,100890551,205.73,META,1
839,2022-04-29,204.46,212.48,199.9,200.47,49193434,200.47,META,1
840,2022-05-02,201.165,211.88,200.99,211.13,49915289,211.13,META,1
841,2022-05-03,210.45,214.8999,208.09,212.03,41556267,212.03,META,1
842,2022-05-04,210.65,224.3,206.96,223.41,41375881,223.41,META,1
843,2022-05-05,218.74,220.17,206.16,208.28,41129192,208.28,META,1
844,2022-05-06,207.34,209.38,201.02,203.77,34747158,203.77,META,1
845,2022-05-09,199.84,202.57,195.58,196.21,36303200,196.21,META,1
846,2022-05-10,199.51,202.96,194.19,197.65,34452491,197.65,META,1
847,2022-05-11,196.325,200.6742,188.27,188.74,31153383,188.74,META,1
848,2022-05-12,187.055,198.05,184.78,191.24,38262226,191.24,META,1
849,2022-05-13,192.58,199.89,191.28,198.62,24549844,198.62,META,1
850,2022-05-16,197.05,205.37,195.93,200.04,27112595,200.04,META,1
851,2022-05-17,202.115,205.46,198.36,202.62,24872729,202.62,META,1
852,2022-05-18,200.0,201.0,191.63,192.24,23959966,192.24,META,1
853,2022-05-19,191.2,195.29,189.6,191.29,24446938,191.29,META,1
854,2022-05-20,194.97,197.91,187.87,193.54,31465570,193.54,META,1
855,2022-05-23,195.19,196.9924,191.24,196.23,25059161,196.23,META,1
856,2022-05-24,180.55,183.6759,176.11,181.28,50406273,181.28,META,1
857,2022-05-25,180.4,185.45,179.32,183.83,28030194,183.83,META,1
858,2022-05-26,182.878,192.8301,182.26,191.63,23056455,191.63,META,1
859,2022-05-27,191.36,195.3329,189.8,195.13,22562727,195.13,META,1
860,2022-05-31,194.885,197.6,192.01,193.64,26131103,193.64,META,1
861,2022-06-01,196.51,199.53,185.0,188.64,36623495,188.64,META,1
862,2022-06-02,188.45,200.935,187.73,198.86,31951582,198.86,META,1
863,2022-06-03,195.98,196.61,189.78,190.78,19464993,190.78,META,1
864,2022-06-06,193.99,196.92,188.4,194.25,30574242,194.25,META,1
865,2022-06-07,191.93,196.53,191.49,195.65,18828687,195.65,META,1
866,2022-06-08,194.67,202.03,194.41,196.64,22267154,196.64,META,1
867,2022-06-09,194.28,199.45,183.68,184.0,23501500,184.0,META,1
868,2022-06-10,183.04,183.1,175.02,175.57,27478354,175.57,META,1
869,2022-06-13,170.59,172.575,164.03,164.26,31749304,164.26,META,1
870,2022-06-14,166.03,166.75,161.3601,163.73,27244274,163.73,META,1
871,2022-06-15,167.2,172.16,163.975,169.35,30008251,169.35,META,1
872,2022-06-16,163.72,165.08,159.61,160.87,26944143,160.87,META,1
873,2022-06-17,161.68,165.9,159.9,163.74,31374215,163.74,META,1
874,2022-06-21,165.93,167.76,155.97,157.05,50724899,157.05,META,1
875,2022-06-22,158.38,160.79,155.44,155.85,47596820,155.85,META,1
876,2022-06-23,156.27,159.75,154.25,158.75,40499198,158.75,META,1
877,2022-06-24,161.725,170.25,161.3,170.16,68736009,170.16,META,1
878,2022-06-27,171.32,171.75,168.01,169.49,29174559,169.49,META,1
879,2022-06-28,169.9,171.3,160.61,160.68,27788725,160.68,META,1
880,2022-06-29,163.57,166.33,160.32,163.94,28595236,163.94,META,1
881,2022-06-30,162.15,165.23,158.49,161.25,35250605,161.25,META,1
882,2022-07-01,160.31,160.62,155.0,160.03,31423933,160.03,META,1
883,2022-07-05,158.14,168.25,157.02,168.19,28664799,168.19,META,1
884,2022-07-06,168.2,171.59,165.46,169.77,23085921,169.77,META,1
885,2022-07-07,169.45,172.72,167.78,172.19,24083368,172.19,META,1
886,2022-07-08,169.98,172.4,168.1501,170.88,19249243,170.88,META,1
887,2022-07-11,167.065,167.49,161.91,162.88,21905133,162.88,META,1
888,2022-07-12,164.8,165.9107,162.1,163.27,16639659,163.27,META,1
889,2022-07-13,160.16,164.98,159.6127,163.49,16555138,163.49,META,1
890,2022-07-14,161.22,162.59,157.2801,158.05,23765168,158.05,META,1
891,2022-07-15,160.54,164.98,159.82,164.7,23342807,164.7,META,1
892,2022-07-18,166.75,171.685,165.64,167.23,23574337,167.23,META,1
893,2022-07-19,170.37,176.49,169.51,175.78,25933679,175.78,META,1
894,2022-07-20,177.485,183.6,176.7,183.09,24784274,183.09,META,1
895,2022-07-21,180.63,183.85,178.87,183.17,27195815,183.17,META,1
896,2022-07-22,173.07,175.5995,168.41,169.27,42583916,169.27,META,1
897,2022-07-25,169.0,170.57,164.805,166.65,26166326,166.65,META,1
898,2022-07-26,165.94,166.0,157.95,159.15,28468424,159.15,META,1
899,2022-07-27,162.59,170.87,162.02,169.58,43846557,169.58,META,1
900,2022-07-28,161.06,161.51,154.85,160.72,73214326,160.72,META,1
901,2022-07-29,157.69,160.14,155.17,159.1,42065395,159.1,META,1
902,2022-08-01,157.25,165.19,155.2301,159.93,40596702,159.93,META,1
903,2022-08-02,158.31,162.24,158.01,160.19,27374516,160.19,META,1
904,2022-08-03,162.69,169.54,161.57,168.8,31717527,168.8,META,1
905,2022-08-04,168.295,172.15,166.8,170.57,23938212,170.57,META,1
906,2022-08-05,166.99,171.612,165.8,167.11,25832701,167.11,META,1
907,2022-08-08,168.0,177.51,167.13,170.25,27299113,170.25,META,1
908,2022-08-09,168.95,169.53,166.6,168.53,18655056,168.53,META,1
909,2022-08-10,175.99,180.48,173.95,178.34,30262132,178.34,META,1
910,2022-08-11,179.71,183.1,176.37,177.49,24079062,177.49,META,1
911,2022-08-12,180.81,181.4572,178.911,180.5,21274046,180.5,META,1
912,2022-08-15,178.96,181.44,178.2,180.89,15878671,180.89,META,1
913,2022-08-16,179.44,180.99,177.035,179.47,21156710,179.47,META,1
914,2022-08-17,176.76,178.14,174.17,174.85,20118133,174.85,META,1
915,2022-08-18,174.34,175.76,171.86,174.66,18844451,174.66,META,1
916,2022-08-19,170.2,172.32,167.05,167.96,26240799,167.96,META,1
917,2022-08-22,165.49,165.49,162.26,163.05,19499711,163.05,META,1
918,2022-08-23,162.48,165.05,160.7,161.11,18111777,161.11,META,1
919,2022-08-24,160.6,165.46,159.77,163.26,20891481,163.26,META,1
920,2022-08-25,165.18,168.88,164.02,168.78,15550514,168.78,META,1
921,2022-08-26,168.48,170.92,161.6726,161.78,24023633,161.78,META,1
922,2022-08-29,160.655,163.05,159.01,159.17,20052661,159.17,META,1
923,2022-08-30,160.355,161.66,155.91,157.16,19567948,157.16,META,1
924,2022-08-31,167.07,167.84,162.14,162.93,40952975,162.93,META,1
925,2022-09-01,163.58,167.3599,160.345,165.36,30145683,165.36,META,1
926,2022-09-02,167.45,167.93,159.22,160.32,22634191,160.32,META,1
927,2022-09-06,160.1,161.69,157.69,158.54,19339781,158.54,META,1
928,2022-09-07,157.76,160.955,156.81,160.39,16831182,160.39,META,1
929,2022-09-08,158.71,162.23,157.74,162.06,22530785,162.06,META,1
930,2022-09-09,163.248,169.54,163.02,169.15,22129802,169.15,META,1
931,2022-09-12,167.39,171.39,167.28,168.96,23220405,168.96,META,1
932,2022-09-13,161.54,161.63,152.67,153.13,44444061,153.13,META,1
933,2022-09-14,153.33,153.54,149.05,151.47,43064195,151.47,META,1
934,2022-09-15,149.8,154.1984,148.7,149.55,34606348,149.55,META,1
935,2022-09-16,148.05,148.58,144.2935,146.29,40122824,146.29,META,1
936,2022-09-19,145.235,148.58,145.1,148.02,22169477,148.02,META,1
937,2022-09-20,145.775,148.84,145.22,146.09,23217350,146.09,META,1
938,2022-09-21,146.39,149.6,142.0,142.12,38338614,142.12,META,1
939,2022-09-22,141.55,144.58,140.87,142.82,34418521,142.82,META,1
940,2022-09-23,141.42,142.62,138.89,140.41,31710685,140.41,META,1
941,2022-09-26,140.12,142.24,136.19,136.37,30497021,136.37,META,1
942,2022-09-27,137.92,139.42,134.1201,134.4,30826471,134.4,META,1
943,2022-09-28,134.62,142.03,134.27,141.61,32658478,141.61,META,1
944,2022-09-29,139.36,139.84,135.2,136.41,38985414,136.41,META,1
945,2022-09-30,136.05,140.99,135.5,135.68,33166393,135.68,META,1
946,2022-10-03,137.14,139.62,136.1,138.61,27723063,138.61,META,1
947,2022-10-04,140.49,142.3901,139.34,140.28,34670729,140.28,META,1
948,2022-10-05,138.24,140.21,134.78,138.98,27979348,138.98,META,1
949,2022-10-06,137.715,141.45,136.6,139.07,36231056,139.07,META,1
950,2022-10-07,136.76,138.29,132.44,133.45,33214773,133.45,META,1
951,2022-10-10,133.55,136.11,131.87,133.79,24023982,133.79,META,1
952,2022-10-11,131.62,132.66,126.99,128.54,38481403,128.54,META,1
953,2022-10-12,128.32,129.67,126.25,127.5,34605245,127.5,META,1
954,2022-10-13,123.53,131.14,122.5301,130.29,34325715,130.29,META,1
955,2022-10-14,131.0,131.79,126.52,126.76,23559407,126.76,META,1
956,2022-10-17,130.3,134.79,130.18,134.04,29612245,134.04,META,1
957,2022-10-18,137.085,137.8399,131.4,132.8,25444979,132.8,META,1
958,2022-10-19,132.89,137.0,132.22,133.23,30691047,133.23,META,1
959,2022-10-20,132.93,136.77,131.31,131.53,26356276,131.53,META,1
960,2022-10-21,126.31,130.12,125.44,130.01,46348647,130.01,META,1
961,2022-10-24,127.25,133.48,124.57,129.72,63563447,129.72,META,1
962,2022-10-25,130.875,138.35,130.59,137.51,38433219,137.51,META,1
963,2022-10-26,131.68,135.55,128.53,129.82,89294679,129.82,META,1
964,2022-10-27,97.975,102.5,96.38,97.94,232316571,97.94,META,1
965,2022-10-28,99.58,100.85,97.51,99.2,95928306,99.2,META,1
966,2022-10-31,98.22,99.32,92.6,93.16,121361444,93.16,META,1
967,2022-11-01,94.33,97.49,93.55,95.2,110189617,95.2,META,1
968,2022-11-02,94.205,95.2,90.48,90.54,71821058,90.54,META,1
969,2022-11-03,90.08,90.4576,88.41,88.91,60664012,88.91,META,1
970,2022-11-04,90.35,91.39,88.09,90.79,55638061,90.79,META,1
971,2022-11-07,94.78,96.88,93.1,96.72,81987295,96.72,META,1
972,2022-11-08,95.92,97.8,94.79,96.47,52088320,96.47,META,1
973,2022-11-09,101.72,104.9,100.74,101.47,107677284,101.47,META,1
974,2022-11-10,107.12,112.75,104.61,111.87,80670961,111.87,META,1
975,2022-11-11,109.23,114.9,108.81,113.02,59961742,113.02,META,1
976,2022-11-14,110.99,116.27,110.8,114.22,53394974,114.22,META,1
977,2022-11-15,116.07,118.74,114.4116,117.08,50670499,117.08,META,1
978,2022-11-16,114.5,116.075,112.66,113.23,33287773,113.23,META,1
979,2022-11-17,110.41,112.33,109.8,111.45,35093822,111.45,META,1
980,2022-11-18,113.8,114.32,110.62,112.05,33357707,112.05,META,1
981,2022-11-21,111.52,112.3699,109.19,109.86,24351074,109.86,META,1
982,2022-11-22,109.86,111.62,108.3216,111.44,29028963,111.44,META,1
983,2022-11-23,111.72,112.67,110.73,112.24,21343083,112.24,META,1
984,2022-11-25,111.3,112.73,111.02,111.41,12007566,111.41,META,1
985,2022-11-28,110.78,112.04,108.38,108.78,23332816,108.78,META,1
986,2022-11-29,109.54,110.94,108.5437,109.46,23899238,109.46,META,1
987,2022-11-30,109.505,118.16,109.38,118.1,43348557,118.1,META,1
988,2022-12-01,119.198,121.2,118.4,120.44,36551374,120.44,META,1
989,2022-12-02,117.83,124.04,117.61,123.49,39950464,123.49,META,1
990,2022-12-05,121.75,124.67,121.35,122.43,35474884,122.43,META,1
991,2022-12-06,119.91,120.55,113.74,114.12,43689183,114.12,META,1
992,2022-12-07,113.76,115.88,112.88,113.93,29461137,113.93,META,1
993,2022-12-08,116.39,117.34,114.59,115.33,30619418,115.33,META,1
994,2022-12-09,115.3,117.54,113.87,115.9,26033353,115.9,META,1
995,2022-12-12,115.18,115.72,113.14,114.71,24747064,114.71,META,1
996,2022-12-13,122.13,123.3,118.64,120.15,44701054,120.15,META,1
997,2022-12-14,119.39,124.14,119.39,121.59,36922037,121.59,META,1
998,2022-12-15,118.33,118.625,114.01,116.15,34530970,116.15,META,1
999,2022-12-16,120.23,123.31,118.8214,119.43,67064001,119.43,META,1
1000,2022-12-19,116.83,117.8,114.331,114.48,29769875,114.48,META,1
1001,2022-12-20,113.26,117.33,112.46,117.09,28742501,117.09,META,1
1002,2022-12-21,116.7,120.34,115.62,119.76,20392799,119.76,META,1
1003,2022-12-22,117.2,118.62,114.38,117.12,23618121,117.12,META,1
1004,2022-12-23,116.03,118.175,115.535,118.04,17796625,118.04,META,1
1005,2022-12-27,117.93,118.6,116.0501,116.88,21392311,116.88,META,1
1006,2022-12-28,116.25,118.15,115.51,115.62,19612473,115.62,META,1
1007,2022-12-29,116.4,121.03,115.77,120.26,22366192,120.26,META,1
1008,2022-12-30,118.16,120.42,117.74,120.34,19583825,120.34,META,1
1009,2023-01-03,122.82,126.37,122.28,124.74,35528531,124.74,META,1
1010,2023-01-04,127.38,129.0498,125.85,127.37,32397094,127.37,META,1
1011,2023-01-05,126.125,128.52,124.54,126.94,25447099,126.94,META,1
1012,2023-01-06,128.97,130.33,126.04,130.02,27584498,130.02,META,1
1013,2023-01-09,131.16,132.95,129.28,129.47,26649145,129.47,META,1
1014,2023-01-10,127.27,133.44,127.15,132.99,28684431,132.99,META,1
1015,2023-01-11,130.96,133.8494,130.34,132.89,25423046,132.89,META,1
1016,2023-01-12,133.44,137.6781,131.76,136.71,30757732,136.71,META,1
1017,2023-01-13,134.97,137.39,134.835,136.98,22423839,136.98,META,1
1018,2023-01-17,136.176,136.75,134.25,135.36,21147587,135.36,META,1
1019,2023-01-18,135.81,137.25,132.8,133.02,20215486,133.02,META,1
1020,2023-01-19,132.49,137.45,132.14,136.15,28625232,136.15,META,1
1021,2023-01-20,135.89,139.94,134.61,139.37,28688630,139.37,META,1
1022,2023-01-23,139.29,143.76,138.66,143.27,27470093,143.27,META,1
1023,2023-01-24,141.69,145.0,141.36,143.14,21970190,143.14,META,1
1024,2023-01-25,141.22,143.17,140.31,141.5,26622021,141.5,META,1
1025,2023-01-26,144.4,147.51,143.3,147.3,25482084,147.3,META,1
1026,2023-01-27,148.237,153.19,147.39,151.74,35771865,151.74,META,1
1027,2023-01-30,149.405,151.1233,146.95,147.06,28040100,147.06,META,1
1028,2023-01-31,147.95,149.88,147.52,148.97,29842109,148.97,META,1
1029,2023-02-01,148.03,153.58,147.06,153.12,55661017,153.12,META,1
1030,2023-02-02,183.38,197.16,180.16,188.77,150475687,188.77,META,1
1031,2023-02-03,183.465,196.77,182.89,186.53,76809701,186.53,META,1
1032,2023-02-06,186.53,190.7,185.5156,186.06,42483811,186.06,META,1
1033,2023-02-07,185.575,193.7799,184.4,191.62,47080662,191.62,META,1
1034,2023-02-08,190.0,190.83,182.92,183.43,36139074,183.43,META,1
1035,2023-02-09,186.13,186.65,177.27,177.92,37118811,177.92,META,1
1036,2023-02-10,176.3534,178.89,173.35,174.15,33433567,174.15,META,1
1037,2023-02-13,178.215,181.0,175.82,179.43,31463223,179.43,META,1
1038,2023-02-14,177.16,181.5064,175.88,179.48,24034631,179.48,META,1
1039,2023-02-15,176.415,178.19,175.33,177.16,25337966,177.16,META,1
1040,2023-02-16,172.75,175.85,171.79,172.44,25827473,172.44,META,1
1041,2023-02-17,170.22,173.18,169.7,172.88,24171260,172.88,META,1
1042,2023-02-21,174.31,178.17,171.88,172.08,34592582,172.08,META,1
1043,2023-02-22,171.07,172.755,169.69,171.12,22433158,171.12,META,1
1044,2023-02-23,172.0,173.69,169.38,172.04,20017779,172.04,META,1
1045,2023-02-24,168.64,170.72,167.66,170.39,19791334,170.39,META,1
1046,2023-02-27,171.875,173.12,169.06,169.54,19277002,169.54,META,1
1047,2023-02-28,171.9,177.55,171.87,174.94,46051117,174.94,META,1
1048,2023-03-01,174.59,177.85,173.05,173.42,30998380,173.42,META,1
1049,2023-03-02,172.38,175.01,171.43,174.53,17360708,174.53,META,1
1050,2023-03-03,178.92,186.62,177.05,185.25,45877692,185.25,META,1
1051,2023-03-06,188.0,189.66,184.64,184.9,33209394,184.9,META,1
1052,2023-03-07,189.0,190.36,184.01,184.51,36701495,184.51,META,1
1053,2023-03-08,182.87,185.26,181.34,184.97,19432405,184.97,META,1
1054,2023-03-09,186.35,188.93,180.3,181.69,26582750,181.69,META,1
1055,2023-03-10,181.01,184.77,178.8,179.51,25665032,179.51,META,1
1056,2023-03-13,177.96,183.78,174.82,180.9,24727969,180.9,META,1
1057,2023-03-14,187.58,194.32,186.56,194.02,41642627,194.02,META,1
1058,2023-03-15,192.95,197.78,190.8351,197.75,42123552,197.75,META,1
1059,2023-03-16,198.26,205.76,196.0886,204.93,50819659,204.93,META,1
1060,2023-03-17,200.56,201.9,195.4304,195.61,50141098,195.61,META,1
1061,2023-03-20,198.48,199.36,193.64,197.81,25186315,197.81,META,1
1062,2023-03-21,203.2,203.55,197.95,202.16,31826952,202.16,META,1
1063,2023-03-22,202.5,207.37,199.67,199.81,28477759,199.81,META,1
1064,2023-03-23,202.84,207.88,202.15,204.28,27389669,204.28,META,1
1065,2023-03-24,205.18,207.58,203.55,206.01,27733042,206.01,META,1
1066,2023-03-27,204.81,205.86,201.36,202.84,18527184,202.84,META,1
1067,2023-03-28,200.15,201.03,197.9,200.68,19127295,200.68,META,1
1068,2023-03-29,203.56,205.72,202.5355,205.35,18851137,205.35,META,1
1069,2023-03-30,203.38,208.09,202.82,207.84,22608303,207.84,META,1
1070,2023-03-31,207.24,212.17,206.77,211.94,25440273,211.94,META,1
1071,2023-04-03,208.84,213.4861,208.2,213.07,17924613,213.07,META,1
1072,2023-04-04,213.39,216.24,212.54,214.72,21026367,214.72,META,1
1073,2023-04-05,214.15,215.19,209.94,211.48,19396630,211.48,META,1
1074,2023-04-06,209.25,216.94,208.65,216.1,26104411,216.1,META,1
1075,2023-04-10,214.71,215.66,210.66,214.75,16106074,214.75,META,1
1076,2023-04-11,215.48,216.02,213.41,213.85,16710101,213.85,META,1
1077,2023-04-12,214.835,216.84,212.584,214.0,18972172,214.0,META,1
1078,2023-04-13,215.73,221.15,215.69,220.35,23310357,220.35,META,1
1079,2023-04-14,217.88,222.11,217.55,221.49,21591207,221.49,META,1
1080,2023-04-17,219.79,220.979,217.13,218.86,15481874,218.86,META,1
1081,2023-04-18,219.91,220.44,216.21,217.89,12280984,217.89,META,1
1082,2023-04-19,213.472,217.33,212.93,215.7,15898078,215.7,META,1
1083,2023-04-20,213.48,216.75,212.77,213.07,16475443,213.07,META,1
1084,2023-04-21,210.21,213.41,209.58,212.89,17717166,212.89,META,1
1085,2023-04-24,213.675,213.92,210.71,212.79,15750920,212.79,META,1
1086,2023-04-25,210.815,211.26,207.13,207.55,19198175,207.55,META,1
1087,2023-04-26,212.5,214.11,208.88,209.4,41992726,209.4,META,1
1088,2023-04-27,239.89,241.685,236.77,238.56,71196531,238.56,META,1
1089,2023-04-28,239.01,240.43,235.75,240.32,39554036,240.32,META,1
1090,2023-05-01,238.615,244.0,236.46,243.18,29143912,243.18,META,1
1091,2023-05-02,243.18,244.92,238.99,239.24,24350149,239.24,META,1
1092,2023-05-03,239.47,241.75,232.75,237.03,34463859,237.03,META,1
1093,2023-05-04,236.06,238.2,232.9264,233.52,17889391,233.52,META,1
1094,2023-05-05,232.24,234.68,229.85,232.78,27000480,232.78,META,1
1095,2023-05-08,231.415,235.62,230.27,233.27,16400526,233.27,META,1
1096,2023-05-09,231.46,235.88,231.08,233.37,16865587,233.37,META,1
1097,2023-05-10,236.17,236.75,230.72,233.08,19119007,233.08,META,1
1098,2023-05-11,233.05,238.21,232.3,235.79,20448991,235.79,META,1
1099,2023-05-12,236.74,236.9599,231.45,233.81,16161447,233.81,META,1
1100,2023-05-15,236.92,240.255,235.33,238.86,20653229,238.86,META,1
1101,2023-05-16,235.79,239.635,235.52,238.82,18163772,238.82,META,1
1102,2023-05-17,238.45,243.8423,238.14,242.485,21193080,242.485,META,1
1103,2023-05-18,241.3,247.0881,241.19,246.85,22943297,246.85,META,1
1104,2023-05-19,247.47,248.69,243.41,245.64,21733581,245.64,META,1
1105,2023-05-22,245.41,253.57,245.12,248.32,27738479,248.32,META,1
1106,2023-05-23,246.81,251.61,246.65,246.74,17748115,246.74,META,1
1107,2023-05-24,245.28,249.5892,244.952,249.21,17724338,249.21,META,1
1108,2023-05-25,253.4,255.62,249.17,252.69,22371435,252.69,META,1
1109,2023-05-26,252.93,262.3107,252.71,262.04,25768663,262.04,META,1
1110,2023-05-30,265.25,268.65,261.29,262.52,23816483,262.52,META,1
1111,2023-05-31,260.0,265.0,258.45,264.72,25473690,264.72,META,1
1112,2023-06-01,265.9,274.0,265.89,272.61,25609508,272.61,META,1
1113,2023-06-02,272.66,275.35,271.12,272.61,19416930,272.61,META,1
1114,2023-06-05,270.3,275.57,269.56,271.39,20742946,271.39,META,1
1115,2023-06-06,270.14,276.57,269.69,271.12,19419010,271.12,META,1
1116,2023-06-07,271.67,274.25,262.8,263.6,26163627,263.6,META,1
1117,2023-06-08,260.62,267.65,258.88,264.58,20899359,264.58,META,1
1118,2023-06-09,262.48,267.949,261.7,264.95,16949794,264.95,META,1
1119,2023-06-12,267.17,271.75,265.33,271.05,15471702,271.05,META,1
1120,2023-06-13,274.88,275.72,269.0923,271.32,16164024,271.32,META,1
1121,2023-06-14,271.89,274.99,268.315,273.35,19175066,273.35,META,1
1122,2023-06-15,272.3,283.99,271.42,281.83,25973455,281.83,META,1
1123,2023-06-16,284.75,287.85,280.13,281.0,43127731,281.0,META,1
1124,2023-06-20,278.73,284.8,276.22,284.33,20701589,284.33,META,1
1125,2023-06-21,283.53,284.0,278.36,281.64,20556170,281.64,META,1
1126,2023-06-22,279.08,285.26,277.79,284.88,17563061,284.88,META,1
1127,2023-06-23,281.51,289.67,278.95,288.73,51092038,288.73,META,1
1128,2023-06-26,288.28,289.79,277.6,278.47,24232651,278.47,META,1
1129,2023-06-27,282.01,289.345,280.655,287.05,26108260,287.05,META,1
1130,2023-06-28,284.82,289.55,284.06,285.29,16722117,285.29,META,1
1131,2023-06-29,284.5,286.57,280.69,281.53,15395690,281.53,META,1
1132,2023-06-30,284.76,289.05,284.415,286.98,19694872,286.98,META,1
1133,2023-07-03,286.7,289.4,284.8499,286.02,8629269,286.02,META,1
1134,2023-07-05,287.65,298.12,286.36,294.37,33865457,294.37,META,1
1135,2023-07-06,295.885,298.12,291.31,291.99,47733829,291.99,META,1
1136,2023-07-07,292.18,296.2,288.66,290.53,25585975,290.53,META,1
1137,2023-07-10,295.55,298.13,287.05,294.1,37058306,294.1,META,1
1138,2023-07-11,293.9,300.18,291.9,298.29,27585918,298.29,META,1
1139,2023-07-12,301.745,309.45,300.1004,309.34,36677127,309.34,META,1
1140,2023-07-13,313.62,316.24,310.2901,313.41,30280972,313.41,META,1
1141,2023-07-14,311.79,314.88,307.3612,308.87,23054108,308.87,META,1
1142,2023-07-17,307.54,311.71,304.71,310.62,25323126,310.62,META,1
1143,2023-07-18,310.875,314.2,307.6188,312.05,20764580,312.05,META,1
1144,2023-07-19,313.03,318.68,310.52,316.01,21763688,316.01,META,1
1145,2023-07-20,313.5,315.54,302.22,302.52,23836876,302.52,META,1
1146,2023-07-21,304.57,305.46,291.2,294.26,42139259,294.26,META,1
1147,2023-07-24,295.78,297.52,288.3001,291.61,24949405,291.61,META,1
1148,2023-07-25,295.19,298.3,291.86,294.47,19585584,294.47,META,1
1149,2023-07-26,301.19,301.77,291.9,298.57,47256930,298.57,META,1
1150,2023-07-27,325.12,325.35,309.84,311.71,64229173,311.71,META,1
1151,2023-07-28,316.875,326.2,314.2481,325.48,39220270,325.48,META,1
1152,2023-07-31,323.69,325.6599,317.59,318.6,25799603,318.6,META,1
1153,2023-08-01,317.535,324.14,314.66,322.71,22889870,322.71,META,1
1154,2023-08-02,318.0,318.39,310.65,314.31,20461094,314.31,META,1
1155,2023-08-03,309.93,315.9499,309.93,313.19,15215422,313.19,META,1
1156,2023-08-04,314.96,318.41,310.2,310.73,17612762,310.73,META,1
1157,2023-08-07,313.23,317.07,310.46,316.56,16236504,316.56,META,1
1158,2023-08-08,314.4,317.89,310.11,312.64,15183532,312.64,META,1
1159,2023-08-09,312.88,313.63,302.85,305.21,19955783,305.21,META,1
1160,2023-08-10,307.94,312.339,303.87,305.74,14358897,305.74,META,1
1161,2023-08-11,302.57,304.72,300.36,301.64,14046250,301.64,META,1
1162,2023-08-14,300.98,306.21,298.25,306.19,15641921,306.19,META,1
1163,2023-08-15,306.14,307.23,300.03,301.95,11623613,301.95,META,1
1164,2023-08-16,300.195,301.08,294.28,294.29,18547741,294.29,META,1
1165,2023-08-17,293.05,296.05,284.95,285.09,23950089,285.09,META,1
1166,2023-08-18,279.03,285.69,274.38,283.25,35347925,283.25,META,1
1167,2023-08-21,283.45,290.5,281.85,289.9,20181475,289.9,META,1
1168,2023-08-22,292.55,292.9,286.75,287.6,12999913,287.6,META,1
1169,2023-08-23,288.5,297.4,287.67,294.24,18287001,294.24,META,1
1170,2023-08-24,298.5,299.46,286.64,286.75,18360882,286.75,META,1
1171,2023-08-25,286.13,288.386,276.03,285.5,23701443,285.5,META,1
1172,2023-08-28,288.0,291.45,285.8,290.26,14239285,290.26,META,1
1173,2023-08-29,288.585,299.15,288.18,297.99,20844522,297.99,META,1
1174,2023-08-30,297.17,298.29,293.43,295.1,17717024,295.1,META,1
1175,2023-08-31,295.8,301.1,295.66,295.89,17229865,295.89,META,1
1176,2023-09-01,299.37,301.74,294.47,296.38,12842257,296.38,META,1
1177,2023-09-05,297.02,301.39,295.51,300.15,14955989,300.15,META,1
1178,2023-09-06,301.71,303.3,295.66,299.17,15418092,299.17,META,1
1179,2023-09-07,298.0,307.0499,292.22,298.67,33748737,298.67,META,1
1180,2023-09-08,299.22,305.25,296.78,297.89,17572203,297.89,META,1
1181,2023-09-11,301.41,309.04,301.28,307.56,19489330,307.56,META,1
1182,2023-09-12,306.33,308.6599,300.23,301.66,13480400,301.66,META,1
1183,2023-09-13,302.36,307.18,301.3206,305.06,13210915,305.06,META,1
1184,2023-09-14,306.74,312.87,305.03,311.72,19343102,311.72,META,1
1185,2023-09-15,311.61,312.0,298.75,300.31,28131140,300.31,META,1
1186,2023-09-18,298.19,303.6,297.8,302.55,14234158,302.55,META,1
1187,2023-09-19,302.48,306.17,299.81,305.07,15931618,305.07,META,1
1188,2023-09-20,305.05,308.06,299.43,299.67,19379515,299.67,META,1
1189,2023-09-21,295.7,300.2566,293.27,295.73,21319582,295.73,META,1
1190,2023-09-22,299.3,305.38,298.27,299.08,25369592,299.08,META,1
1191,2023-09-25,295.64,300.95,293.7,300.83,18987014,300.83,META,1
1192,2023-09-26,297.66,300.2999,296.0101,298.96,19417161,298.96,META,1
1193,2023-09-27,300.45,301.2997,286.79,297.74,36429835,297.74,META,1
1194,2023-09-28,298.935,306.3299,296.7,303.96,22167075,303.96,META,1
1195,2023-09-29,307.38,310.64,299.36,300.21,25373695,300.21,META,1
1196,2023-10-02,302.74,307.18,301.63,306.82,16265571,306.82,META,1
1197,2023-10-03,304.26,306.77,299.64,300.94,17362250,300.94,META,1
1198,2023-10-04,298.725,306.9,298.5,305.58,16880484,305.58,META,1
1199,2023-10-05,304.625,306.208,299.5,304.79,19129957,304.79,META,1
1200,2023-10-06,301.44,316.31,300.9148,315.43,21803856,315.43,META,1
1201,2023-10-09,312.5,320.33,311.82,318.36,22503662,318.36,META,1
1202,2023-10-10,319.12,324.66,318.16,321.84,19037973,321.84,META,1
1203,2023-10-11,323.005,328.835,322.95,327.82,22036297,327.82,META,1
1204,2023-10-12,328.0,330.54,322.69,324.16,20530518,324.16,META,1
1205,2023-10-13,323.53,325.0502,312.37,314.69,21360790,314.69,META,1
1206,2023-10-16,318.64,321.82,315.52,321.15,16536114,321.15,META,1
1207,2023-10-17,318.18,324.4,317.3,324.0,16387799,324.0,META,1
1208,2023-10-18,321.39,325.94,315.56,316.97,16851003,316.97,META,1
1209,2023-10-19,319.875,321.89,311.7504,312.81,18709160,312.81,META,1
1210,2023-10-20,314.14,315.3,306.47,308.65,22312275,308.65,META,1
1211,2023-10-23,309.5,317.36,307.26,314.01,17796785,314.01,META,1
1212,2023-10-24,316.78,318.35,310.63,312.55,19525488,312.55,META,1
1213,2023-10-25,310.0,310.88,298.84,299.53,42192474,299.53,META,1
1214,2023-10-26,295.0,295.0,279.403,288.35,66684141,288.35,META,1
1215,2023-10-27,294.48,299.31,292.97,296.73,29596256,296.73,META,1
1216,2023-10-30,299.09,309.3967,299.05,302.66,28435053,302.66,META,1
1217,2023-10-31,303.31,303.68,296.86,301.27,19434168,301.27,META,1
1218,2023-11-01,301.85,312.74,301.85,311.85,20434580,311.85,META,1
1219,2023-11-02,317.3,318.82,308.33,310.87,21631820,310.87,META,1
1220,2023-11-03,312.55,315.55,311.0167,314.6,16764315,314.6,META,1
1221,2023-11-06,315.98,318.33,314.45,315.8,12887699,315.8,META,1
1222,2023-11-07,317.06,321.0,315.12,318.82,14055614,318.82,META,1
1223,2023-11-08,318.14,321.33,314.88,319.78,13609704,319.78,META,1
1224,2023-11-09,319.418,324.1799,318.8,320.55,16103071,320.55,META,1
1225,2023-11-10,319.94,329.1,319.46,328.77,19116921,328.77,META,1
1226,2023-11-13,326.2,332.33,325.7,329.19,16908948,329.19,META,1
1227,2023-11-14,334.54,338.1,333.33,336.31,17179403,336.31,META,1
1228,2023-11-15,337.93,338.4,330.02,332.71,14531180,332.71,META,1
1229,2023-11-16,329.37,334.58,326.38,334.19,18932572,334.19,META,1
1230,2023-11-17,330.26,335.5,329.35,335.04,14519213,335.04,META,1
1231,2023-11-20,334.89,341.87,334.19,339.97,16976129,339.97,META,1
1232,2023-11-21,338.33,339.9015,335.9,336.98,12027863,336.98,META,1
1233,2023-11-22,339.21,342.92,338.58,341.49,10715177,341.49,META,1
1234,2023-11-24,340.13,341.8556,336.77,338.23,5467488,338.23,META,1
1235,2023-11-27,336.18,339.9,334.2,334.7,15684454,334.7,META,1
1236,2023-11-28,333.4,339.375,333.4,338.99,12637245,338.99,META,1
1237,2023-11-29,339.69,339.9,330.78,332.2,16024497,332.2,META,1
1238,2023-11-30,331.89,333.5,322.4037,327.15,23146387,327.15,META,1
1239,2023-12-01,325.48,326.86,320.76,324.82,15276375,324.82,META,1
1240,2023-12-04,317.29,320.86,313.66,320.02,19037080,320.02,META,1
1241,2023-12-05,318.98,321.88,315.39,318.29,16952128,318.29,META,1
1242,2023-12-06,321.93,322.25,317.04,317.45,11294337,317.45,META,1
1243,2023-12-07,317.77,328.24,317.77,326.59,15905079,326.59,META,1
1244,2023-12-08,323.09,333.17,323.0,332.75,14087351,332.75,META,1
1245,2023-12-11,329.4,329.89,319.995,325.28,25802462,325.28,META,1
1246,2023-12-12,324.6,334.47,324.56,334.22,18485461,334.22,META,1
1247,2023-12-13,333.93,338.37,332.64,334.74,16353321,334.74,META,1
1248,2023-12-14,333.85,334.7,328.6371,333.17,19607335,333.17,META,1
1249,2023-12-15,331.99,338.66,331.22,334.92,31776852,334.92,META,1
1250,2023-12-18,337.48,347.56,337.02,344.62,18993852,344.62,META,1
1251,2023-12-19,345.58,353.6,345.12,350.36,17729362,350.36,META,1
1252,2023-12-20,348.65,354.96,347.79,349.28,16369850,349.28,META,1
1253,2023-12-21,352.98,356.405,349.21,354.09,15289556,354.09,META,1
1254,2023-12-22,355.58,357.1999,351.22,353.39,11772779,353.39,META,1
1255,2023-12-26,354.99,356.98,353.45,354.83,9898614,354.83,META,1
1256,2023-12-27,356.07,359.0,355.31,357.83,13207928,357.83,META,1
1257,2023-12-28,359.7,361.9,357.81,358.32,11798807,358.32,META,1
1258,2023-12-29,358.99,360.0,351.82,353.96,14987092,353.96,META,1
1259,2024-01-02,351.32,353.16,340.01,346.29,19042152,346.29,META,1
1260,2024-01-03,344.98,347.95,343.175,344.47,15451133,344.47,META,1
1261,2024-01-04,344.5,348.1499,343.3987,347.12,12099895,347.12,META,1
1262,2024-01-05,346.99,353.5,346.2601,351.95,13750912,351.95,META,1
1263,2024-01-08,354.7,358.98,352.05,358.66,13890222,358.66,META,1
1264,2024-01-09,356.4,360.64,355.36,357.43,13463871,357.43,META,1
1265,2024-01-10,360.17,372.94,359.08,370.47,22117206,370.47,META,1
1266,2024-01-11,372.13,372.78,362.93,369.67,17205385,369.67,META,1
1267,2024-01-12,370.155,377.06,369.54,374.49,19310046,374.49,META,1
1268,2024-01-16,373.65,375.61,367.23,367.46,15306885,367.46,META,1
1269,2024-01-17,366.3,368.54,358.61,368.37,12724779,368.37,META,1
1270,2024-01-18,371.49,376.85,370.95,376.13,16354332,376.13,META,1
1271,2024-01-19,379.0,384.36,377.97,383.45,21670806,383.45,META,1
1272,2024-01-22,387.95,390.3525,381.1601,381.78,17680454,381.78,META,1
1273,2024-01-23,384.615,388.38,382.075,385.2,15506096,385.2,META,1
1274,2024-01-24,390.0,396.15,387.81,390.7,15604285,390.7,META,1
1275,2024-01-25,390.17,395.49,385.66,393.18,15091080,393.18,META,1
1276,2024-01-26,394.35,396.79,391.5908,394.14,13159290,394.14,META,1
1277,2024-01-29,394.985,402.93,393.1,401.02,18742433,401.02,META,1
1278,2024-01-30,403.59,406.36,399.57,400.06,18614727,400.06,META,1
1279,2024-01-31,389.0,398.0,387.1,390.14,20180817,390.14,META,1
1280,2024-02-01,393.94,400.5,393.05,394.78,29727051,394.78,META,1
1281,2024-02-02,459.6,485.96,453.01,474.99,84707646,474.99,META,1
1282,2024-02-05,469.88,471.9,459.22,459.41,40832376,459.41,META,1
1283,2024-02-06,464.0,467.12,453.0,454.72,21655214,454.72,META,1
1284,2024-02-07,458.0,471.52,456.1773,469.59,23065994,469.59,META,1
1285,2024-02-08,468.32,470.59,465.03,470.0,18815097,470.0,META,1
1286,2024-02-09,472.95,473.59,467.465,468.11,18413137,468.11,META,1
1287,2024-02-12,468.19,479.145,466.58,468.9,19381963,468.9,META,1
1288,2024-02-13,456.87,467.89,455.09,460.12,20916602,460.12,META,1
1289,2024-02-14,467.93,474.11,466.0901,473.28,16858401,473.28,META,1
1290,2024-02-15,475.28,488.62,472.22,484.03,24212326,484.03,META,1
1291,2024-02-16,478.11,478.96,469.21,473.32,23324620,473.32,META,1
1292,2024-02-20,469.715,476.18,466.56,471.75,18015523,471.75,META,1
1293,2024-02-21,466.5,469.0,461.79,468.03,12977050,468.03,META,1
1294,2024-02-22,480.24,489.99,476.0618,486.13,21625805,486.13,META,1
1295,2024-02-23,488.05,494.3599,482.3482,484.03,18374286,484.03,META,1
1296,2024-02-26,483.47,486.14,480.6,481.74,12101415,481.74,META,1
1297,2024-02-27,479.975,487.27,479.92,487.05,10809595,487.05,META,1
1298,2024-02-28,485.0,491.05,482.75,484.02,12715486,484.02,META,1
1299,2024-02-29,488.44,491.7,482.61,490.13,17732045,490.13,META,1
1300,2024-03-01,492.11,504.25,491.85,502.3,15884882,502.3,META,1
1301,2024-03-04,503.0,504.42,496.42,498.19,12324141,498.19,META,1
1302,2024-03-05,495.0,495.58,487.89,490.22,15325299,490.22,META,1
1303,2024-03-06,497.63,502.97,494.292,496.09,11757925,496.09,META,1
1304,2024-03-07,503.28,519.85,501.38,512.19,18586437,512.19,META,1
1305,2024-03-08,514.19,523.57,499.35,505.95,18597059,505.95,META,1
1306,2024-03-11,497.01,497.318,476.0,483.59,20428274,483.59,META,1
1307,2024-03-12,493.26,502.31,484.73,499.75,15448232,499.75,META,1
1308,2024-03-13,495.39,500.98,491.0318,495.57,12090656,495.57,META,1
1309,2024-03-14,500.255,501.35,488.16,491.83,12620014,491.83,META,1
1310,2024-03-15,489.01,491.83,481.3001,484.1,29153576,484.1,META,1
1311,2024-03-18,491.91,497.42,486.81,496.98,11755251,496.98,META,1
1312,2024-03-19,488.17,496.6296,481.28,496.24,10903092,496.24,META,1
1313,2024-03-20,499.5,508.1999,495.17,505.52,11711100,505.52,META,1
1314,2024-03-21,514.71,515.04,506.01,507.76,9712549,507.76,META,1
1315,2024-03-22,507.0,509.97,504.34,509.58,8120593,509.58,META,1
1316,2024-03-25,505.79,507.22,500.2411,503.02,8380617,503.02,META,1
1317,2024-03-26,505.13,510.0,495.2137,495.89,11205382,495.89,META,1
1318,2024-03-27,499.3,499.89,488.07,493.86,9989676,493.86,META,1
1319,2024-03-28,492.84,492.89,485.15,485.58,15212764,485.58,META,1
1320,2024-04-01,487.2,497.43,481.78,491.35,9247007,491.35,META,1
1321,2024-04-02,485.1,497.53,484.65,497.37,11081026,497.37,META,1
1322,2024-04-03,498.93,507.24,498.75,506.74,12099171,506.74,META,1
1323,2024-04-04,516.42,530.0,510.58,510.92,26476253,510.92,META,1
1324,2024-04-05,516.855,530.7,514.4099,527.34,19263265,527.34,META,1
1325,2024-04-08,529.28,531.4899,518.89,519.25,13260579,519.25,META,1
1326,2024-04-09,522.23,525.87,506.74,516.9,10881445,516.9,META,1
1327,2024-04-10,509.29,522.5599,505.8,519.83,11418491,519.83,META,1
1328,2024-04-11,521.11,523.86,517.29,523.16,10369469,523.16,META,1
1329,2024-04-12,517.75,520.1899,509.33,511.9,11984535,511.9,META,1
1330,2024-04-15,516.72,518.53,497.28,500.23,13512893,500.23,META,1
1331,2024-04-16,498.11,504.7699,497.11,499.76,9847925,499.76,META,1
1332,2024-04-17,503.1,503.16,487.14,494.17,12193743,494.17,META,1
1333,2024-04-18,499.82,512.21,499.04,501.8,14808670,501.8,META,1
1334,2024-04-19,502.8,502.8,475.73,481.06,25184827,481.06,META,1
1335,2024-04-22,489.715,492.01,473.4,481.73,17271125,481.73,META,1
1336,2024-04-23,491.25,498.76,488.97,496.1,15079196,496.1,META,1
1337,2024-04-24,508.06,510.0,484.58,493.5,37772677,493.5,META,1
1338,2024-04-25,421.4,445.77,414.5,441.38,82890741,441.38,META,1
1339,2024-04-26,441.46,446.44,431.96,443.29,32691443,443.29,META,1
1340,2024-04-29,439.56,439.76,428.56,432.62,21502646,432.62,META,1
1341,2024-04-30,431.05,439.6199,429.72,430.17,18429496,430.17,META,1
1342,2024-05-01,428.6,449.96,427.11,439.19,20344947,439.19,META,1
1343,2024-05-02,438.84,443.96,432.28,441.68,15221322,441.68,META,1
1344,2024-05-03,445.93,454.17,443.85,451.96,16489057,451.96,META,1
1345,2024-05-06,455.58,466.16,453.34,465.68,15094627,465.68,META,1
1346,2024-05-07,466.29,471.53,461.31,468.24,13406816,468.24,META,1
1347,2024-05-08,463.5,475.58,463.002,472.6,11683929,472.6,META,1
1348,2024-05-09,470.0,476.08,467.63,475.42,9437651,475.42,META,1
1349,2024-05-10,477.09,477.5,469.6,476.2,10749999,476.2,META,1
1350,2024-05-13,472.75,473.35,462.85,468.01,14668798,468.01,META,1
1351,2024-05-14,463.37,472.54,460.08,471.85,10478553,471.85,META,1
1352,2024-05-15,474.98,482.4999,471.2,481.54,13100470,481.54,META,1
1353,2024-05-16,475.0,477.69,472.75,473.23,16608179,473.23,META,1
1354,2024-05-17,470.83,472.8,468.42,471.91,10807289,471.91,META,1
1355,2024-05-20,469.95,473.2,467.04,468.84,11745080,468.84,META,1
1356,2024-05-21,467.12,470.7,462.27,464.63,11742189,464.63,META,1
1357,2024-05-22,467.87,473.7199,465.65,467.78,10078611,467.78,META,1
1358,2024-05-23,472.88,474.3581,461.54,465.78,11747913,465.78,META,1
1359,2024-05-24,467.62,479.8499,466.3,478.22,12024254,478.22,META,1
1360,2024-05-28,476.575,480.86,474.84,479.92,10175770,479.92,META,1
1361,2024-05-29,474.66,479.85,473.7,474.36,9226218,474.36,META,1
1362,2024-05-30,471.67,471.73,464.71,467.05,10735226,467.05,META,1
1363,2024-05-31,465.8,469.12,454.4601,466.83,16919805,466.83,META,1
1364,2024-06-03,470.86,479.6,468.24,477.49,11279390,477.49,META,1
1365,2024-06-04,477.0,478.89,473.2322,476.99,7088718,476.99,META,1
1366,2024-06-05,484.45,496.65,483.91,495.06,15690484,495.06,META,1
1367,2024-06-06,492.98,502.82,490.89,493.76,10667339,493.76,META,1
1368,2024-06-07,495.91,498.91,490.1701,492.96,9380745,492.96,META,1
1369,2024-06-10,493.86,502.66,493.41,502.6,11236919,502.6,META,1
1370,2024-06-11,500.16,507.6,498.27,507.47,9673715,507.47,META,1
1371,2024-06-12,513.99,514.01,504.47,508.84,11983227,508.84,META,1
1372,2024-06-13,505.71,509.36,501.36,504.1,9954621,504.1,META,1
1373,2024-06-14,502.65,507.15,500.75,504.16,10243347,504.16,META,1
1374,2024-06-17,501.67,510.75,496.01,506.63,11266601,506.63,META,1
1375,2024-06-18,504.56,506.0,495.02,499.49,13060425,499.49,META,1
1376,2024-06-20,502.0,503.67,496.77,501.7,11801182,501.7,META,1
1377,2024-06-21,503.45,503.45,492.39,494.78,23130732,494.78,META,1
1378,2024-06-24,499.2,507.8,494.29,498.91,13525278,498.91,META,1
1379,2024-06-25,497.05,510.71,495.5,510.6,12109769,510.6,META,1
1380,2024-06-26,506.645,513.81,504.6765,513.12,8882337,513.12,META,1
1381,2024-06-27,514.25,522.8799,513.9,519.56,10121199,519.56,META,1
1382,2024-06-28,517.15,521.88,503.84,504.22,15855137,504.22,META,1
1383,2024-07-01,504.95,506.58,493.17,504.68,10328150,504.68,META,1
1384,2024-07-02,500.76,510.5,499.45,509.5,7739479,509.5,META,1
1385,2024-07-03,506.37,511.28,506.02,509.96,6005615,509.96,META,1
1386,2024-07-05,511.6,540.87,511.6,539.91,21354093,539.91,META,1
1387,2024-07-08,542.35,542.81,526.65,529.32,14917495,529.32,META,1
1388,2024-07-09,533.75,537.48,528.1901,530.0,8769088,530.0,META,1
1389,2024-07-10,530.79,538.88,528.36,534.69,10983276,534.69,META,1
1390,2024-07-11,530.89,535.46,508.3733,512.7,16458253,512.7,META,1
1391,2024-07-12,497.755,508.09,494.23,498.87,19750544,498.87,META,1
1392,2024-07-15,498.63,506.6799,493.37,496.16,12539163,496.16,META,1
1393,2024-07-16,501.5,503.9499,485.79,489.79,14075833,489.79,META,1
1394,2024-07-17,479.17,479.17,459.12,461.99,28076595,461.99,META,1
1395,2024-07-18,475.0,479.2393,464.54,475.85,19267160,475.85,META,1
1396,2024-07-19,476.06,486.71,475.71,476.79,15149416,476.79,META,1
1397,2024-07-22,486.575,492.06,483.9,487.4,12023088,487.4,META,1
1398,2024-07-23,489.84,495.22,487.72,488.69,9455527,488.69,META,1
1399,2024-07-24,472.305,476.3,460.58,461.27,17649738,461.27,META,1
1400,2024-07-25,463.26,463.548,442.65,453.41,18240489,453.41,META,1
1401,2024-07-26,464.195,469.77,459.42,465.7,14222388,465.7,META,1
1402,2024-07-29,469.88,473.96,465.02,465.71,11339630,465.71,META,1
1403,2024-07-30,467.0,472.73,456.7,463.19,11390439,463.19,META,1
1404,2024-07-31,471.02,476.5,466.75,474.83,24285777,474.83,META,1
1405,2024-08-01,521.0,527.1709,492.1,497.74,43083082,497.74,META,1
1406,2024-08-02,489.0,501.145,476.15,488.14,24044658,488.14,META,1
1407,2024-08-05,451.345,483.48,450.8,475.73,21396191,475.73,META,1
1408,2024-08-06,479.0,502.56,478.65,494.09,20954959,494.09,META,1
1409,2024-08-07,503.13,510.15,486.86,488.92,20105307,488.92,META,1
1410,2024-08-08,497.5,509.96,494.72,509.63,16156843,509.63,META,1
1411,2024-08-09,507.71,518.34,505.7,517.77,13696640,517.77,META,1
1412,2024-08-12,516.86,518.02,509.1,515.95,9767422,515.95,META,1
1413,2024-08-13,520.01,531.4999,518.15,528.54,13743839,528.54,META,1
1414,2024-08-14,528.06,534.0,523.13,526.76,11444189,526.76,META,1
1415,2024-08-15,531.79,539.77,526.7,537.33,13482141,537.33,META,1
1416,2024-08-16,531.9,533.66,524.66,527.42,14776684,527.42,META,1
1417,2024-08-19,526.87,531.66,522.76,529.28,9879713,529.28,META,1
1418,2024-08-20,528.35,531.09,525.88,526.73,7944391,526.73,META,1
1419,2024-08-21,527.15,539.4,526.935,535.16,13423292,535.16,META,1
1420,2024-08-22,537.0,544.23,528.59,531.93,15708292,531.93,META,1
1421,2024-08-23,536.92,539.87,525.06,528.0,11323936,528.0,META,1
1422,2024-08-26,527.6,528.0,514.95,521.12,9584002,521.12,META,1
1423,2024-08-27,518.98,524.01,515.31,519.1,6282720,519.1,META,1
1424,2024-08-28,517.675,521.085,512.45,516.78,9106077,516.78,META,1
1425,2024-08-29,519.05,527.2,515.6789,518.22,8317424,518.22,META,1
1426,2024-08-30,521.35,523.54,515.2,521.31,9157541,521.31,META,1
1427,2024-09-03,519.64,525.49,508.6176,511.76,12459113,511.76,META,1
1428,2024-09-04,506.07,516.59,504.07,512.74,8335207,512.74,META,1
1429,2024-09-05,511.72,521.6295,511.15,516.86,8640888,516.86,META,1
1430,2024-09-06,521.88,524.5849,498.25,500.27,14744521,500.27,META,1
1431,2024-09-09,506.16,511.33,502.08,504.79,11047828,504.79,META,1
1432,2024-09-10,508.16,514.18,500.0278,504.79,9899022,504.79,META,1
1433,2024-09-11,507.01,513.12,495.6,511.83,10782532,511.83,META,1
1434,2024-09-12,517.05,526.71,515.22,525.6,11993342,525.6,META,1
1435,2024-09-13,520.34,527.581,517.11,524.62,10321422,524.62,META,1
1436,2024-09-16,524.54,534.1,517.4,533.28,9527646,533.28,META,1
1437,2024-09-17,537.6,542.1,530.57,536.315,11690779,536.315,META,1
1438,2024-09-18,537.065,544.2,533.9026,537.95,10323537,537.95,META,1
1439,2024-09-19,550.0,562.07,546.52,559.1,15646951,559.1,META,1
1440,2024-09-20,560.0,564.5,556.3001,561.35,22066817,561.35,META,1
1441,2024-09-23,569.5,573.9799,562.41,564.41,12830669,564.41,META,1
1442,2024-09-24,566.68,567.745,554.19,563.33,12992956,563.33,META,1
1443,2024-09-25,564.05,576.88,563.72,568.31,16543350,568.31,META,1
1444,2024-09-26,575.73,577.4,562.3501,567.84,14400787,567.84,META,1
1445,2024-09-27,570.1,570.8399,564.51,567.36,9398367,567.36,META,1
1446,2024-09-30,567.7,574.68,564.8,572.44,12807206,572.44,META,1
1447,2024-10-01,577.98,583.04,570.1,576.47,15259274,576.47,META,1
1448,2024-10-02,574.86,576.0,569.34,572.81,6524650,572.81,META,1
1449,2024-10-03,570.15,583.36,568.73,582.77,11580980,582.77,META,1
1450,2024-10-04,583.73,596.85,581.43,595.94,14199788,595.94,META,1
1451,2024-10-07,598.22,602.95,584.04,584.78,12014198,584.78,META,1
1452,2024-10-08,589.69,593.56,585.97,592.89,7857377,592.89,META,1
1453,2024-10-09,593.99,594.39,581.61,590.51,9529707,590.51,META,1
1454,2024-10-10,587.57,590.23,582.52,583.83,7740449,583.83,META,1
1455,2024-10-11,584.83,591.21,582.71,589.95,8587051,589.95,META,1
1456,2024-10-14,594.22,600.1,589.96,590.42,8251971,590.42,META,1
1457,2024-10-15,590.16,590.61,580.143,586.27,9564236,586.27,META,1
1458,2024-10-16,581.395,582.08,574.03,576.79,11268384,576.79,META,1
1459,2024-10-17,583.33,584.97,575.2,576.93,8701158,576.93,META,1
1460,2024-10-18,581.1,583.9675,575.25,576.47,7694274,576.47,META,1
1461,2024-10-21,576.03,577.2399,569.11,575.16,8171879,575.16,META,1
1462,2024-10-22,574.29,583.53,572.12,582.01,8544463,582.01,META,1
1463,2024-10-23,579.97,585.0,562.5,563.69,14248419,563.69,META,1
1464,2024-10-24,567.125,568.8799,561.52,567.78,7184651,567.78,META,1
1465,2024-10-25,573.935,581.29,571.72,573.25,11337874,573.25,META,1
1466,2024-10-28,582.0,583.7499,574.12,578.16,10925131,578.16,META,1
1467,2024-10-29,580.145,593.67,575.398,593.28,13019092,593.28,META,1
1468,2024-10-30,600.98,601.2,589.38,591.8,26864925,591.8,META,1
1469,2024-10-31,585.0,589.9,563.01,567.58,26838395,567.58,META,1
1470,2024-11-01,567.605,573.67,562.56,567.16,15303235,567.16,META,1
1471,2024-11-04,564.1,568.69,557.89,560.68,12064601,560.68,META,1
1472,2024-11-05,567.305,573.48,566.67,572.43,9775379,572.43,META,1
1473,2024-11-06,562.75,573.0,555.1679,572.05,18305429,572.05,META,1
1474,2024-11-07,576.89,594.7999,575.21,591.7,14653708,591.7,META,1
1475,2024-11-08,591.54,593.1,584.52,589.34,9415699,589.34,META,1
1476,2024-11-11,586.36,587.0,576.51,583.17,10209051,583.17,META,1
1477,2024-11-12,588.545,599.66,580.38,584.82,16287724,584.82,META,1
1478,2024-11-13,582.605,585.64,575.17,580.0,10757583,580.0,META,1
1479,2024-11-14,577.0,580.76,573.01,577.16,11053743,577.16,META,1
1480,2024-11-15,571.22,572.57,551.5,554.08,17712864,554.08,META,1
1481,2024-11-18,557.04,559.9,550.09,554.4,14346715,554.4,META,1
1482,2024-11-19,552.3,561.43,550.6,561.09,9522445,561.09,META,1
1483,2024-11-20,562.93,566.3499,554.2001,565.52,9797339,565.52,META,1
1484,2024-11-21,569.52,570.0,549.05,563.09,11154749,563.09,META,1
1485,2024-11-22,563.55,563.8273,554.59,559.14,9164004,559.14,META,1
1486,2024-11-25,562.1,572.5915,556.39,565.11,13599830,565.11,META,1
1487,2024-11-26,566.0,577.5,565.2,573.54,10356550,573.54,META,1
1488,2024-11-27,574.97,574.98,564.1001,569.2,7200228,569.2,META,1
1489,2024-11-29,569.0,578.46,566.9,574.32,7130519,574.32,META,1
1490,2024-12-02,577.5,594.5,575.57,592.83,12522371,592.83,META,1
1491,2024-12-03,595.0,614.2,591.2501,613.65,14907164,613.65,META,1
1492,2024-12-04,612.96,617.78,605.1,613.78,14697006,613.78,META,1
1493,2024-12-05,617.075,619.9,607.05,608.93,8081212,608.93,META,1
1494,2024-12-06,610.1,629.7899,608.53,623.77,16935503,623.77,META,1
1495,2024-12-09,623.925,626.4,606.1701,613.57,11426015,613.57,META,1
1496,2024-12-10,617.56,625.59,612.74,619.32,10938854,619.32,META,1
1497,2024-12-11,623.37,638.4,621.5349,632.68,10837228,632.68,META,1
1498,2024-12-12,631.5,636.6599,627.2094,630.79,7474717,630.79,META,1
1499,2024-12-13,627.22,631.08,616.886,620.35,8453349,620.35,META,1
1500,2024-12-16,629.975,631.15,618.58,624.24,10885625,624.24,META,1
1501,2024-12-17,626.17,632.37,616.54,619.44,12897842,619.44,META,1
1502,2024-12-18,621.0,627.36,596.32,597.19,17075480,597.19,META,1
1503,2024-12-19,610.39,611.52,595.0,595.57,14958082,595.57,META,1
1504,2024-12-20,590.58,603.11,580.0,585.25,48989390,585.25,META,1
1505,2024-12-23,589.6,601.09,586.25,599.85,10205750,599.85,META,1
1506,2024-12-24,602.715,607.99,599.2849,607.75,4726056,607.75,META,1
1507,2024-12-26,605.48,606.3,598.94,603.35,6091239,603.35,META,1
1508,2024-12-27,599.41,601.85,589.8,599.81,8084229,599.81,META,1
1509,2024-12-30,588.75,596.9399,585.58,591.24,7025864,591.24,META,1
1510,2024-12-31,592.265,593.97,583.85,585.51,6019520,585.51,META,1
1511,2019-01-02,36.8214,37.7585,36.6595,37.5385,155820440,37.5385,AAPL,2
1512,2019-01-03,34.2268,34.6362,33.7543,33.7995,384136278,33.7995,AAPL,2
1513,2019-01-04,34.3563,35.312,34.1833,35.2414,246550878,35.2414,AAPL,2
1514,2019-01-07,35.3453,35.3768,34.6813,35.1607,230441584,35.1607,AAPL,2
1515,2019-01-08,35.5535,36.0898,35.3042,35.8306,172587151,35.8306,AAPL,2
1516,2019-01-09,35.959,36.733,35.5694,36.4413,189724860,36.4413,AAPL,2
1517,2019-01-10,36.2519,36.5956,35.8581,36.5584,150523741,36.5584,AAPL,2
1518,2019-01-11,36.3432,36.5338,36.0133,36.2019,113682590,36.2019,AAPL,2
1519,2019-01-14,35.8561,35.9544,35.4701,35.6596,136466639,35.6596,AAPL,2
1520,2019-01-15,35.7233,36.4592,35.6724,36.3894,120779893,36.3894,AAPL,2
1521,2019-01-16,36.3924,37.0542,36.3727,36.8333,128602027,36.8333,AAPL,2
1522,2019-01-17,36.6526,37.4777,36.4306,37.0493,125453013,37.0493,AAPL,2
1523,2019-01-18,37.4383,37.5297,37.0759,37.2752,141985331,37.2752,AAPL,2
1524,2019-01-22,37.1782,37.2527,36.2814,36.4393,127862729,36.4393,AAPL,2
1525,2019-01-23,36.6401,36.8814,36.0602,36.5836,97306731,36.5836,AAPL,2
1526,2019-01-24,36.6301,36.7215,36.0701,36.2981,107028663,36.2981,AAPL,2
1527,2019-01-25,36.9638,37.5875,36.6818,37.5021,141130798,37.5021,AAPL,2
1528,2019-01-28,37.0346,37.1604,36.5238,37.1525,110185935,37.1525,AAPL,2
1529,2019-01-29,37.1407,37.5875,36.6301,36.7705,174951084,36.7705,AAPL,2
1530,2019-01-30,38.8084,39.4968,38.0925,39.279,257079387,39.279,AAPL,2
1531,2019-01-31,39.4879,40.1727,39.1159,39.5656,171385401,39.5656,AAPL,2
1532,2019-02-01,39.6891,40.1677,39.445,39.5822,137429805,39.5822,AAPL,2
1533,2019-02-04,39.7935,40.8021,39.7658,40.7097,132497036,40.7097,AAPL,2
1534,2019-02-05,41.093,41.6164,40.9681,41.4031,151873959,41.4031,AAPL,2
1535,2019-02-06,41.5112,41.7332,41.09,41.4178,118799597,41.4178,AAPL,2
1536,2019-02-07,40.9798,41.3492,40.4916,40.6341,133532373,40.6341,AAPL,2
1537,2019-02-08,40.3415,40.7453,40.2039,40.6831,99778980,40.6831,AAPL,2
1538,2019-02-11,40.8335,40.8709,40.4053,40.4467,87938941,40.4467,AAPL,2
1539,2019-02-12,40.6075,40.8218,40.5134,40.7953,93343006,40.7953,AAPL,2
1540,2019-02-13,40.9131,41.1764,40.5664,40.6271,94208887,40.6271,AAPL,2
1541,2019-02-14,40.5154,40.8848,40.4358,40.7744,91467326,40.7744,AAPL,2
1542,2019-02-15,40.8808,40.9898,40.5253,40.6861,103158766,40.6861,AAPL,2
1543,2019-02-19,40.5154,40.9259,40.4624,40.8041,79474889,40.8041,AAPL,2
1544,2019-02-20,40.865,41.3787,40.8189,41.0701,109389921,41.0701,AAPL,2
1545,2019-02-21,41.0143,41.1498,40.6568,40.8354,72256800,40.8354,AAPL,2
1546,2019-02-22,40.9602,41.3002,40.9111,41.2922,79224933,41.2922,AAPL,2
1547,2019-02-25,41.5742,41.9886,41.523,41.5918,91624869,41.5918,AAPL,2
1548,2019-02-26,41.4671,41.85,41.3412,41.6164,71505064,41.6164,AAPL,2
1549,2019-02-27,41.3512,41.7774,41.2373,41.7459,116599106,41.7459,AAPL,2
1550,2019-02-28,41.6134,41.7558,41.2806,41.3373,118190988,41.3373,AAPL,2
1551,2019-03-01,41.6035,41.8138,41.2726,41.7696,108434046,41.7696,AAPL,2
1552,2019-03-04,41.9443,42.4365,41.5279,41.9826,114926958,41.9826,AAPL,2
1553,2019-03-05,42.0054,42.018,41.6654,41.9061,82677679,41.9061,AAPL,2
1554,2019-03-06,41.6969,41.8962,41.521,41.6605,87172203,41.6605,AAPL,2
1555,2019-03-07,41.5035,41.6429,41.0681,41.1823,103869034,41.1823,AAPL,2
1556,2019-03-08,40.6608,41.3177,40.4644,41.2786,100530435,41.2786,AAPL,2
1557,2019-03-11,41.8962,42.7563,41.8627,42.7086,134090379,42.7086,AAPL,2
1558,2019-03-12,42.9715,43.6081,42.8176,43.1906,136002817,43.1906,AAPL,2
1559,2019-03-13,43.5049,43.7613,43.1935,43.3793,129991512,43.3793,AAPL,2
1560,2019-03-14,43.9008,43.9499,43.5815,43.8615,98771730,43.8615,AAPL,2
1561,2019-03-15,44.1275,44.7179,43.8644,44.432,163546074,44.432,AAPL,2
1562,2019-03-18,44.3536,44.9762,44.3516,44.8859,109831730,44.8859,AAPL,2
1563,2019-03-19,44.9664,45.1206,44.383,44.5294,132562841,44.5294,AAPL,2
1564,2019-03-20,44.4588,45.2384,44.0984,44.9205,130002856,44.9205,AAPL,2
1565,2019-03-21,45.3603,46.8699,45.3122,46.5702,213776292,46.5702,AAPL,2
1566,2019-03-22,46.6311,47.1919,45.542,45.6076,177640622,45.6076,AAPL,2
1567,2019-03-25,45.7208,45.8306,44.5472,45.0617,183662669,45.0617,AAPL,2
1568,2019-03-26,45.7568,46.0459,44.0618,44.5931,208608472,44.5931,AAPL,2
1569,2019-03-27,45.0637,45.2993,44.5354,44.9961,125031477,44.9961,AAPL,2
1570,2019-03-28,45.1127,45.2541,44.767,45.0568,87046442,45.0568,AAPL,2
1571,2019-03-29,45.3161,45.3731,45.0135,45.3445,98706601,45.3445,AAPL,2
1572,2019-04-01,45.7501,45.7597,44.9743,45.6548,116710416,45.6548,AAPL,2
1573,2019-04-02,45.6176,46.423,45.6076,46.3198,95362917,46.3198,AAPL,2
1574,2019-04-03,46.137,46.9119,46.1115,46.634,97482903,46.634,AAPL,2
1575,2019-04-04,46.5005,46.8798,46.1095,46.7135,80067401,46.7135,AAPL,2
1576,2019-04-05,46.8993,47.0524,46.7725,47.03,77605886,47.03,AAPL,2
1577,2019-04-08,46.8924,47.804,46.8729,47.7734,108415314,47.7734,AAPL,2
1578,2019-04-09,47.8215,48.4267,47.5631,47.6271,149828848,47.6271,AAPL,2
1579,2019-04-10,47.4296,47.9216,47.3117,47.8925,90878960,47.8925,AAPL,2
1580,2019-04-11,47.9472,47.9816,47.3726,47.4943,87550974,47.4943,AAPL,2
1581,2019-04-12,47.5562,47.7832,46.8411,47.4747,116286104,47.4747,AAPL,2
1582,2019-04-15,47.4039,47.7125,47.2704,47.5631,73458905,47.5631,AAPL,2
1583,2019-04-16,47.6171,48.0711,47.4002,47.568,107639076,47.568,AAPL,2
1584,2019-04-17,47.6368,48.5529,47.4118,48.4923,121087025,48.4923,AAPL,2
1585,2019-04-18,48.4903,48.7359,48.348,48.6652,101353157,48.6652,AAPL,2
1586,2019-04-22,48.4227,48.9234,48.3048,48.8261,81429916,48.8261,AAPL,2
1587,2019-04-23,48.8049,49.5954,48.675,49.5295,97697207,49.5295,AAPL,2
1588,2019-04-24,49.5,49.7672,49.4254,49.4528,73475509,49.4528,AAPL,2
1589,2019-04-25,49.3762,49.5982,48.9676,49.007,77675260,49.007,AAPL,2
1590,2019-04-26,48.9135,48.9382,48.2497,48.7731,78118848,48.7731,AAPL,2
1591,2019-04-29,48.7979,49.1721,48.6652,48.8456,93012892,48.8456,AAPL,2
1592,2019-04-30,48.4744,48.5589,47.5338,47.9049,194929205,47.9049,AAPL,2
1593,2019-05-01,50.104,51.4014,49.948,50.2593,271553900,50.2593,AAPL,2
1594,2019-05-02,50.0961,50.7629,49.6875,49.9301,134028761,49.9301,AAPL,2
1595,2019-05-03,50.3465,50.5703,50.1903,50.55,87515667,50.55,AAPL,2
1596,2019-05-06,48.7711,49.8548,48.5818,49.7672,135900307,49.7672,AAPL,2
1597,2019-05-07,49.1514,49.5139,47.9392,48.4297,162376480,48.4297,AAPL,2
1598,2019-05-08,48.1995,49.0217,48.1623,48.4363,110333016,48.4363,AAPL,2
1599,2019-05-09,47.8391,48.1457,46.9513,47.9176,146227964,47.9176,AAPL,2
1600,2019-05-10,47.3117,47.6566,46.1979,47.2539,171956151,47.2539,AAPL,2
1601,2019-05-13,44.9861,45.4023,43.8173,44.5077,239647115,44.5077,AAPL,2
1602,2019-05-14,44.6708,45.4567,44.432,45.2149,152431419,45.2149,AAPL,2
1603,2019-05-15,44.6353,45.9545,44.5803,45.7539,110766078,45.7539,AAPL,2
1604,2019-05-16,45.5077,46.1273,45.2561,45.5487,137833626,45.5487,AAPL,2
1605,2019-05-17,44.7966,45.7501,44.7541,45.2933,137198211,45.2933,AAPL,2
1606,2019-05-20,43.9812,44.1788,43.2052,43.8762,161121776,43.8762,AAPL,2
1607,2019-05-21,44.386,45.0568,44.2643,44.716,118361137,44.716,AAPL,2
1608,2019-05-22,44.2553,44.5057,43.7495,43.7995,124135091,43.7995,AAPL,2
1609,2019-05-23,43.0895,43.2691,42.6111,43.0551,152431667,43.0551,AAPL,2
1610,2019-05-24,43.1857,43.6503,42.8038,42.8882,98956893,42.8882,AAPL,2
1611,2019-05-28,42.8755,43.2818,42.634,42.7126,116622379,42.7126,AAPL,2
1612,2019-05-29,42.2794,42.9814,42.179,42.5081,118846504,42.5081,AAPL,2
1613,2019-05-30,42.6439,42.952,42.3382,42.7293,88540415,42.7293,AAPL,2
1614,2019-05-31,42.2331,42.6536,41.9385,41.9561,112847746,41.9561,AAPL,2
1615,2019-06-03,42.0849,42.6369,40.8041,41.5279,168565150,41.5279,AAPL,2
1616,2019-06-04,42.0463,43.0974,41.8236,43.0501,129223436,43.0501,AAPL,2
1617,2019-06-05,44.1621,44.3319,43.4088,43.7476,124238868,43.7476,AAPL,2
1618,2019-06-06,43.8743,44.4479,43.6521,44.386,93998028,44.386,AAPL,2
1619,2019-06-07,44.6934,45.9937,44.5194,45.5664,128040161,45.5664,AAPL,2
1620,2019-06-10,45.9683,46.8198,45.9218,46.151,109414643,46.151,AAPL,2
1621,2019-06-11,46.6939,46.974,46.3953,46.6823,112385817,46.6823,AAPL,2
1622,2019-06-12,46.4808,46.966,46.3445,46.5349,76167102,46.5349,AAPL,2
1623,2019-06-13,46.6557,47.1605,46.3953,46.5281,90444104,46.5281,AAPL,2
1624,2019-06-14,45.9055,46.3915,45.6039,46.1901,78288077,46.1901,AAPL,2
1625,2019-06-17,46.2276,46.7195,46.0528,46.466,61211566,46.466,AAPL,2
1626,2019-06-18,46.9858,47.9954,46.7803,47.5582,110792315,47.5582,AAPL,2
1627,2019-06-19,47.8509,47.9001,47.2863,47.4168,88147428,47.4168,AAPL,2
1628,2019-06-20,48.014,48.0731,47.4553,47.804,89773797,47.804,AAPL,2
1629,2019-06-21,47.6446,48.1309,47.4846,47.6387,199462803,47.6387,AAPL,2
1630,2019-06-24,47.5799,47.9659,47.4895,47.5898,76030366,47.5898,AAPL,2
1631,2019-06-25,47.5532,47.7556,46.8001,46.8679,87922513,46.8679,AAPL,2
1632,2019-06-26,47.3924,48.1653,47.296,47.8805,108774792,47.8805,AAPL,2
1633,2019-06-27,47.9954,48.3068,47.8264,47.8656,87210565,47.8656,AAPL,2
1634,2019-06-28,47.6152,47.8118,47.2213,47.4296,129818818,47.4296,AAPL,2
1635,2019-07-01,48.6867,49.007,48.0828,48.3019,113987582,48.3019,AAPL,2
1636,2019-07-02,48.2673,48.677,48.2554,48.5847,70667454,48.5847,AAPL,2
1637,2019-07-03,48.7144,48.9951,48.5758,48.9873,47411663,48.9873,AAPL,2
1638,2019-07-05,48.732,49.1484,48.6229,48.9432,72045740,48.9432,AAPL,2
1639,2019-07-08,48.121,48.2654,47.5484,47.9313,105733295,47.9313,AAPL,2
1640,2019-07-09,47.7419,48.292,47.6466,48.2272,85868159,48.2272,AAPL,2
1641,2019-07-10,48.3753,48.8231,48.3048,48.7024,74681369,48.7024,AAPL,2
1642,2019-07-11,48.7223,48.9824,48.341,48.351,84256729,48.351,AAPL,2
1643,2019-07-12,48.5169,48.8873,48.456,48.7194,73421485,48.7194,AAPL,2
1644,2019-07-15,48.9085,49.3361,48.8873,49.1796,70718375,49.1796,AAPL,2
1645,2019-07-16,49.0315,49.3939,48.7681,49.009,70382028,49.009,AAPL,2
1646,2019-07-17,48.8989,49.1534,48.7124,48.732,58867721,48.732,AAPL,2
1647,2019-07-18,48.8873,49.3381,48.8165,49.2857,77539839,49.2857,AAPL,2
1648,2019-07-19,49.3175,49.4842,48.4943,48.5509,87334033,48.5509,AAPL,2
1649,2019-07-22,48.8049,49.6631,48.7949,49.6602,92961589,49.6602,AAPL,2
1650,2019-07-23,49.9558,50.0647,49.6777,50.0469,76592817,50.0469,AAPL,2
1651,2019-07-24,49.7652,50.1236,49.6493,50.0057,62556967,50.0057,AAPL,2
1652,2019-07-25,50.0597,50.1453,49.541,49.612,58041966,49.612,AAPL,2
1653,2019-07-26,49.7219,50.2631,49.6413,49.783,73520220,49.783,AAPL,2
1654,2019-07-29,49.9558,50.4793,49.95,50.2514,90438941,50.2514,AAPL,2
1655,2019-07-30,50.0275,50.3663,49.6826,50.0335,141607324,50.0335,AAPL,2
1656,2019-07-31,51.8649,53.0525,50.6334,51.0537,289098001,51.0537,AAPL,2
1657,2019-08-01,51.2598,52.25,49.543,49.948,225406553,49.948,AAPL,2
1658,2019-08-02,49.2555,49.4673,48.3214,48.8912,170509894,48.8912,AAPL,2
1659,2019-08-05,47.4455,47.6073,46.151,46.3347,218625935,46.3347,AAPL,2
1660,2019-08-06,47.0447,47.4649,46.5005,47.2095,149490051,47.2095,AAPL,2
1661,2019-08-07,46.8295,47.8234,46.4505,47.7028,139223326,47.7028,AAPL,2
1662,2019-08-08,47.9758,48.7751,47.788,48.7515,112705625,48.7515,AAPL,2
1663,2019-08-09,48.4247,48.7751,47.9392,48.351,102344680,48.351,AAPL,2
1664,2019-08-12,48.0159,48.6065,47.9079,48.2272,93457576,48.2272,AAPL,2
1665,2019-08-13,48.3579,51.031,48.3116,50.2708,197623658,50.2708,AAPL,2
1666,2019-08-14,48.8705,49.6602,48.734,48.7731,151928309,48.7731,AAPL,2
1667,2019-08-15,48.9432,49.3478,48.0286,48.5319,115911591,48.5319,AAPL,2
1668,2019-08-16,49.1435,49.8329,49.0363,49.6758,119778699,49.6758,AAPL,2
1669,2019-08-19,50.6626,51.1745,50.5243,50.5989,101563865,50.5989,AAPL,2
1670,2019-08-20,50.7256,51.3238,50.591,50.6009,111904917,50.6009,AAPL,2
1671,2019-08-21,51.2365,51.3965,50.9014,51.1531,89645005,51.1531,AAPL,2
1672,2019-08-22,51.2844,51.5821,50.6944,51.1085,92567683,51.1085,AAPL,2
1673,2019-08-23,50.383,51.0115,48.354,48.7457,194892732,48.7457,AAPL,2
1674,2019-08-26,49.5197,49.8408,49.3261,49.6728,108357320,49.6728,AAPL,2
1675,2019-08-27,50.0008,50.1709,48.9599,49.1149,107655678,49.1149,AAPL,2
1676,2019-08-28,49.1002,49.4842,48.9085,49.4383,66336135,49.4383,AAPL,2
1677,2019-08-29,50.1581,50.3563,49.7151,50.2807,87329149,50.2807,AAPL,2
1678,2019-08-30,50.554,50.6208,49.8428,50.2169,87973105,50.2169,AAPL,2
1679,2019-09-03,49.6582,49.7897,49.1297,49.4802,83387973,49.4802,AAPL,2
1680,2019-09-04,50.1313,50.3955,49.8723,50.324,79884634,50.324,AAPL,2
1681,2019-09-05,50.9998,51.4719,50.8809,51.3072,99547998,51.3072,AAPL,2
1682,2019-09-06,51.4918,51.5802,51.1213,51.3012,80489370,51.3012,AAPL,2
1683,2019-09-09,51.6813,52.0644,50.7729,51.5183,113525624,51.5183,AAPL,2
1684,2019-09-10,51.4475,52.147,50.929,52.1272,132101372,52.1272,AAPL,2
1685,2019-09-11,52.4601,53.8155,52.3795,53.7872,184112776,53.7872,AAPL,2
1686,2019-09-12,54.0787,54.4686,53.6082,53.6643,133966786,53.6643,AAPL,2
1687,2019-09-13,52.9228,53.1174,52.2047,52.6212,165296658,52.6212,AAPL,2
1688,2019-09-16,52.3795,52.9543,52.3385,52.898,87954733,52.898,AAPL,2
1689,2019-09-17,52.9128,53.1242,52.7084,53.0945,76432845,53.0945,AAPL,2
1690,2019-09-18,53.1809,53.6053,52.7852,53.5858,106598750,53.5858,AAPL,2
1691,2019-09-19,53.406,53.8263,53.013,53.1574,92235363,53.1574,AAPL,2
1692,2019-09-20,53.2546,53.5346,52.3159,52.3795,241011718,52.3795,AAPL,2
1693,2019-09-23,52.6684,52.8836,52.3598,52.6135,80727793,52.6135,AAPL,2
1694,2019-09-24,53.1742,53.5171,52.2471,52.3677,130673166,52.3677,AAPL,2
1695,2019-09-25,52.573,53.2841,52.2344,53.1742,93453905,53.1742,AAPL,2
1696,2019-09-26,52.9228,53.1526,52.6389,52.8951,79350425,52.8951,AAPL,2
1697,2019-09-27,53.0554,53.1574,52.2696,52.6389,105427269,52.6389,AAPL,2
1698,2019-09-30,53.1427,54.0247,53.1174,53.8766,109406777,53.8766,AAPL,2
1699,2019-10-01,54.1455,54.9018,53.9323,54.0276,150430622,54.0276,AAPL,2
1700,2019-10-02,53.6573,53.7842,52.4269,52.6704,148685066,52.6704,AAPL,2
1701,2019-10-03,52.5445,53.1574,51.753,53.1242,126176606,53.1242,AAPL,2
1702,2019-10-04,54.279,54.722,53.8568,54.6054,144479396,54.6054,AAPL,2
1703,2019-10-07,54.4322,55.3114,54.3281,54.6179,128407193,54.6179,AAPL,2
1704,2019-10-08,54.3233,54.8624,53.9639,53.9816,121728655,53.9816,AAPL,2
1705,2019-10-09,54.611,54.7965,54.279,54.611,79105628,54.611,AAPL,2
1706,2019-10-10,54.8301,55.4351,54.677,55.3505,120399592,55.3505,AAPL,2
1707,2019-10-11,56.0353,57.1677,55.8839,56.8208,174553981,56.8208,AAPL,2
1708,2019-10-14,56.5084,57.2834,56.4535,56.7384,101487252,56.7384,AAPL,2
1709,2019-10-15,56.8661,57.1697,56.5037,56.6075,95779660,56.6075,AAPL,2
1710,2019-10-16,56.1373,56.588,56.095,56.3818,80175096,56.3818,AAPL,2
1711,2019-10-17,56.5558,56.8071,56.1726,56.5978,71803708,56.5978,AAPL,2
1712,2019-10-18,56.4338,57.153,56.3622,56.87,101336278,56.87,AAPL,2
1713,2019-10-21,57.1392,57.9707,57.0911,57.8533,92981987,57.8533,AAPL,2
1714,2019-10-22,58.0133,58.2664,57.6418,57.7253,94297755,57.7253,AAPL,2
1715,2019-10-23,58.2409,58.514,58.027,58.4993,82859908,58.4993,AAPL,2
1716,2019-10-24,58.8176,58.8882,58.1684,58.5975,74478161,58.5975,AAPL,2
1717,2019-10-25,58.4944,59.3548,58.4266,59.3175,76361460,59.3175,AAPL,2
1718,2019-10-28,59.5217,59.9589,59.352,59.9096,100363843,59.9096,AAPL,2
1719,2019-10-29,59.8902,60.0777,58.3549,58.5268,148446491,58.5268,AAPL,2
1720,2019-10-30,58.8794,59.0082,58.0251,58.519,129410081,58.519,AAPL,2
1721,2019-10-31,59.4785,59.9392,57.0764,59.8409,144624755,59.8409,AAPL,2
1722,2019-11-01,60.0276,61.5645,59.9372,61.5381,157057614,61.5381,AAPL,2
1723,2019-11-04,61.9016,62.0262,61.4329,61.9427,107325642,61.9427,AAPL,2
1724,2019-11-05,61.8329,62.1107,61.658,61.8521,83034012,61.8521,AAPL,2
1725,2019-11-06,61.7669,61.9407,61.4271,61.8798,78842484,61.8798,AAPL,2
1726,2019-11-07,62.429,62.816,62.2777,62.5968,98371784,62.5968,AAPL,2
1727,2019-11-08,62.416,62.8376,61.9712,62.7648,72614968,62.7648,AAPL,2
1728,2019-11-11,62.3228,63.3296,62.3189,63.2629,84994659,63.2629,AAPL,2
1729,2019-11-12,63.1066,63.408,62.9544,63.2036,90547418,63.2036,AAPL,2
1730,2019-11-13,63.0034,63.8863,62.9895,63.8117,107002897,63.8117,AAPL,2
1731,2019-11-14,63.6388,63.9119,63.2381,63.3708,92820013,63.3708,AAPL,2
1732,2019-11-15,63.6211,64.125,63.4602,64.119,104002526,64.119,AAPL,2
1733,2019-11-18,64.1289,64.5257,63.7527,64.4463,89940945,64.4463,AAPL,2
1734,2019-11-19,64.6408,64.6641,64.0339,64.2499,79035335,64.2499,AAPL,2
1735,2019-11-20,64.0681,64.1977,62.8276,63.5042,110286752,63.5042,AAPL,2
1736,2019-11-21,63.6231,63.6988,63.0163,63.2156,125782723,63.2156,AAPL,2
1737,2019-11-22,63.359,63.5014,62.9346,63.1606,67686109,63.1606,AAPL,2
1738,2019-11-25,63.3886,64.2843,63.3412,64.2683,87158371,64.2683,AAPL,2
1739,2019-11-26,64.4066,64.4602,63.3363,63.7675,109146836,63.7675,AAPL,2
1740,2019-11-27,64.0779,64.6601,64.0141,64.6252,67512009,64.6252,AAPL,2
1741,2019-11-29,64.3225,64.6641,64.1545,64.4823,48302359,64.4823,AAPL,2
1742,2019-12-02,64.4873,64.7222,63.5652,63.7362,98199640,63.7362,AAPL,2
1743,2019-12-03,62.3258,62.6214,61.8349,62.6017,121756232,62.6017,AAPL,2
1744,2019-12-04,62.9895,63.5319,62.8964,63.1539,69671874,63.1539,AAPL,2
1745,2019-12-05,63.6478,64.1515,63.3924,64.0779,77343294,64.0779,AAPL,2
1746,2019-12-06,64.5376,65.3862,64.4951,65.3173,110028020,65.3173,AAPL,2
1747,2019-12-09,65.1465,65.3399,63.9189,64.4011,133383319,64.4011,AAPL,2
1748,2019-12-10,64.8077,65.1634,64.1445,64.7782,93801560,64.7782,AAPL,2
1749,2019-12-11,64.8586,65.4107,64.783,65.3321,81745034,65.3321,AAPL,2
1750,2019-12-12,64.6112,65.7622,64.4991,65.498,142726832,65.498,AAPL,2
1751,2019-12-13,65.498,66.4251,65.3694,66.3899,138564703,66.3899,AAPL,2
1752,2019-12-16,66.8318,67.7501,66.8278,67.5262,132962476,67.5262,AAPL,2
1753,2019-12-17,67.4555,67.987,67.2689,67.6559,118434478,67.6559,AAPL,2
1754,2019-12-18,67.5115,68.0172,67.3475,67.4976,120294933,67.4976,AAPL,2
1755,2019-12-19,67.4398,67.8424,67.3062,67.5634,102068180,67.5634,AAPL,2
1756,2019-12-20,68.0957,68.1961,67.2099,67.4251,286111237,67.4251,AAPL,2
1757,2019-12-23,67.6853,68.583,67.6461,68.5252,102279285,68.5252,AAPL,2
1758,2019-12-24,68.6908,68.7393,68.2609,68.588,50231037,68.588,AAPL,2
1759,2019-12-26,68.7225,69.966,68.6938,69.9482,96709482,69.9482,AAPL,2
1760,2019-12-27,70.2418,70.9273,69.516,69.9206,151662095,69.9206,AAPL,2
1761,2019-12-30,69.8401,70.621,68.8168,70.3373,149451701,70.3373,AAPL,2
1762,2019-12-31,69.9531,70.8556,69.8538,70.8488,104640624,70.8488,AAPL,2
1763,2020-01-02,71.4752,72.5284,71.2211,72.4683,140550194,72.4683,AAPL,2
1764,2020-01-03,71.6974,72.5245,71.5393,71.7661,151831779,71.7661,AAPL,2
1765,2020-01-06,70.8823,72.3732,70.6367,72.3337,122864387,72.3337,AAPL,2
1766,2020-01-07,72.3435,72.6019,71.7779,71.997,115540977,71.997,AAPL,2
1767,2020-01-08,71.6992,73.4545,71.6974,73.1541,137147834,73.1541,AAPL,2
1768,2020-01-09,74.1291,74.8961,73.8818,74.7105,176648091,74.7105,AAPL,2
1769,2020-01-10,74.9385,75.4405,74.3747,74.8745,145960553,74.8745,AAPL,2
1770,2020-01-13,75.1918,76.504,75.0709,76.4775,126499505,76.4775,AAPL,2
1771,2020-01-14,76.4137,76.6228,75.3214,75.4434,168491215,75.4434,AAPL,2
1772,2020-01-15,75.2429,76.1239,74.6919,75.1183,126330240,75.1183,AAPL,2
1773,2020-01-16,75.6643,76.17,75.3019,76.06,112762447,76.06,AAPL,2
1774,2020-01-17,76.3084,76.9056,76.0031,76.9037,142797603,76.9037,AAPL,2
1775,2020-01-21,76.5334,76.9725,76.2427,76.3821,114849494,76.3821,AAPL,2
1776,2020-01-22,76.8664,77.2082,76.562,76.6543,105513011,76.6543,AAPL,2
1777,2020-01-23,76.7063,77.1033,76.1583,77.0225,108247925,77.0225,AAPL,2
1778,2020-01-24,77.2721,78.0116,76.6098,76.8008,151833857,76.8008,AAPL,2
1779,2020-01-27,74.8087,75.2232,73.5604,74.5445,167793055,74.5445,AAPL,2
1780,2020-01-28,75.4237,76.8229,75.3253,76.6523,168097602,76.6523,AAPL,2
1781,2020-01-29,78.2836,79.1027,77.539,78.256,224428327,78.256,AAPL,2
1782,2020-01-30,77.3437,78.1952,76.9076,78.142,131324144,78.142,AAPL,2
1783,2020-01-31,77.435,77.8584,74.3845,74.6821,206802153,74.6821,AAPL,2
1784,2020-02-03,73.423,75.6408,72.9192,74.4748,180274006,74.4748,AAPL,2
1785,2020-02-04,76.0778,77.1227,75.6741,76.9331,141554298,76.9331,AAPL,2
1786,2020-02-05,78.0577,78.3592,76.9549,77.5568,123121663,77.5568,AAPL,2
1787,2020-02-06,77.8309,78.4703,77.277,78.4673,109235960,78.4673,AAPL,2
1788,2020-02-07,77.9652,78.2149,76.9076,77.4008,121648817,77.4008,AAPL,2
1789,2020-02-10,75.9852,77.7672,75.9049,77.7672,113032814,77.7672,AAPL,2
1790,2020-02-11,78.264,78.3367,77.0814,77.3015,97500861,77.3015,AAPL,2
1791,2020-02-12,77.7474,79.14,77.7474,79.134,117561863,79.134,AAPL,2
1792,2020-02-13,78.4053,78.8965,78.2022,78.5703,97939611,78.5703,AAPL,2
1793,2020-02-14,78.5401,78.8385,78.0824,78.59,82812818,78.59,AAPL,2
1794,2020-02-18,76.2695,77.3338,76.0895,77.1521,157908729,77.1521,AAPL,2
1795,2020-02-19,77.3929,78.4985,77.3929,78.2679,97150281,78.2679,AAPL,2
1796,2020-02-20,78.0284,78.5184,76.9598,77.4674,103954021,77.4674,AAPL,2
1797,2020-02-21,77.0599,77.4989,75.0937,75.7114,134075438,75.7114,AAPL,2
1798,2020-02-24,71.8946,73.5644,69.9502,72.1157,229681062,72.1157,AAPL,2
1799,2020-02-25,72.7857,73.1678,69.2019,69.6713,238444830,69.6713,AAPL,2
1800,2020-02-26,69.2988,72.046,69.292,70.778,205408380,70.778,AAPL,2
1801,2020-02-27,67.987,69.1713,66.0147,66.1513,331406713,66.1513,AAPL,2
1802,2020-02-28,62.2217,67.3356,62.0036,66.1118,441266652,66.1118,AAPL,2
1803,2020-03-02,68.2677,72.9032,67.1678,72.2649,352899017,72.2649,AAPL,2
1804,2020-03-03,73.4416,73.5212,69.1222,69.9727,330238521,69.9727,AAPL,2
1805,2020-03-04,71.6955,73.3797,70.8921,73.2187,226562379,73.2187,AAPL,2
1806,2020-03-05,71.4723,72.4469,70.4775,70.8408,193892199,70.8408,AAPL,2
1807,2020-03-06,68.2001,70.3353,68.0172,69.9008,233796875,69.9008,AAPL,2
1808,2020-03-09,63.7892,67.2571,63.6074,64.3717,296405252,64.3717,AAPL,2
1809,2020-03-10,67.0244,69.2784,65.1485,69.0102,294901490,69.0102,AAPL,2
1810,2020-03-11,67.0863,68.0152,65.7506,66.6147,265017304,66.6147,AAPL,2
1811,2020-03-12,61.8997,65.3007,59.9784,60.0355,432572439,60.0355,AAPL,2
1812,2020-03-13,64.0621,67.6981,61.1787,67.2276,383222079,67.2276,AAPL,2
1813,2020-03-16,58.517,62.6589,58.0446,58.5799,333285892,58.5799,AAPL,2
1814,2020-03-17,59.8607,62.3041,57.6587,61.1569,334973288,61.1569,AAPL,2
1815,2020-03-18,57.9877,60.4636,57.3462,59.6574,310348481,59.6574,AAPL,2
1816,2020-03-19,59.8311,61.1529,58.6762,59.1996,281015868,59.1996,AAPL,2
1817,2020-03-20,59.7809,60.9065,55.1405,55.4419,415226416,55.4419,AAPL,2
1818,2020-03-23,55.1588,55.2621,51.421,54.2652,348098020,54.2652,AAPL,2
1819,2020-03-24,57.1647,59.9046,56.6657,59.7074,297218005,59.7074,AAPL,2
1820,2020-03-25,60.6443,62.4574,59.0828,59.3812,313830379,59.3812,AAPL,2
1821,2020-03-26,59.6209,62.5626,59.5817,62.5035,261069438,62.5035,AAPL,2
1822,2020-03-27,61.1306,61.8818,59.7486,59.9176,211096660,59.9176,AAPL,2
1823,2020-03-30,60.6415,61.7974,60.3193,61.6264,173635558,61.6264,AAPL,2
1824,2020-03-31,61.8161,63.4847,60.9489,61.4987,203638993,61.4987,AAPL,2
1825,2020-04-01,59.6169,60.1523,57.8314,58.2664,182155344,58.2664,AAPL,2
1826,2020-04-02,58.1262,59.29,57.2933,59.2368,171524277,59.2368,AAPL,2
1827,2020-04-03,58.7204,59.4245,57.796,58.3875,134255722,58.3875,AAPL,2
1828,2020-04-06,60.6788,63.6328,60.3143,63.4798,208619599,63.4798,AAPL,2
1829,2020-04-07,65.493,65.7121,62.6411,62.7433,209722589,62.7433,AAPL,2
1830,2020-04-08,63.5437,64.6641,63.1764,64.3478,174585358,64.3478,AAPL,2
1831,2020-04-09,64.9845,65.3173,64.02,64.8157,167578188,64.8157,AAPL,2
1832,2020-04-13,64.894,66.1962,64.29,66.0865,135437077,66.0865,AAPL,2
1833,2020-04-14,67.7179,69.7124,67.2473,69.4247,201564048,69.4247,AAPL,2
1834,2020-04-15,68.2972,69.2508,67.8709,68.7902,135573154,68.7902,AAPL,2
1835,2020-04-16,69.5012,69.6996,68.2855,69.3383,162418698,69.3383,AAPL,2
1836,2020-04-17,68.8522,69.397,66.9567,68.3952,222501672,68.3952,AAPL,2
1837,2020-04-20,67.2227,68.1234,66.9547,66.9741,134395199,66.9741,AAPL,2
1838,2020-04-21,66.8181,67.0517,64.1938,64.9079,187089166,64.9079,AAPL,2
1839,2020-04-22,66.1739,67.2099,65.8319,66.774,121001022,66.774,AAPL,2
1840,2020-04-23,66.721,68.1402,66.4793,66.5176,129019316,66.5176,AAPL,2
1841,2020-04-24,67.04,68.4474,66.991,68.4378,130770804,68.4378,AAPL,2
1842,2020-04-27,68.1517,68.8168,67.705,68.4867,121032249,68.4867,AAPL,2
1843,2020-04-28,68.9464,69.1301,67.2847,67.3759,115778184,67.3759,AAPL,2
1844,2020-04-29,68.8617,70.0582,68.6587,69.5867,141905800,69.5867,AAPL,2
1845,2020-04-30,70.1298,71.231,69.7362,71.056,189231286,71.056,AAPL,2
1846,2020-05-01,69.2312,72.3113,69.1341,69.9108,248723062,69.9108,AAPL,2
1847,2020-05-04,69.9363,71.0285,69.2469,70.8999,138067843,70.8999,AAPL,2
1848,2020-05-05,71.3604,72.7963,71.2162,71.9683,152728910,71.9683,AAPL,2
1849,2020-05-06,72.6687,73.3404,72.2797,72.7101,147128971,72.7101,AAPL,2
1850,2020-05-07,73.3356,73.8072,73.0311,73.4584,119096643,73.4584,AAPL,2
1851,2020-05-08,74.1191,75.2625,73.7923,75.2076,138189930,75.2076,AAPL,2
1852,2020-05-11,74.7185,76.8861,74.5084,76.392,150455881,76.392,AAPL,2
1853,2020-05-12,77.0764,77.5254,75.3968,75.5178,167316042,75.5178,AAPL,2
1854,2020-05-13,75.6995,76.6198,73.5281,74.6084,206821656,74.6084,AAPL,2
1855,2020-05-14,73.8463,75.1262,73.1243,75.064,163839876,75.064,AAPL,2
1856,2020-05-15,72.8346,74.6703,72.8022,74.623,171488429,74.623,AAPL,2
1857,2020-05-18,75.9461,76.7524,75.2565,76.3801,139555418,76.3801,AAPL,2
1858,2020-05-19,76.3969,77.2455,75.9068,75.9391,104872911,75.9391,AAPL,2
1859,2020-05-20,76.7968,77.4842,76.6807,77.4154,114950287,77.4154,AAPL,2
1860,2020-05-21,77.2788,77.8191,76.6001,76.8379,105861860,76.8379,AAPL,2
1861,2020-05-22,76.5768,77.4154,76.4745,77.3338,84330673,77.3338,AAPL,2
1862,2020-05-26,78.4526,78.6313,76.7524,76.8085,129400356,76.8085,AAPL,2
1863,2020-05-27,76.6652,77.2917,75.9263,77.1453,116435022,77.1453,AAPL,2
1864,2020-05-28,76.8182,78.4378,76.5422,77.1798,137930631,77.1798,AAPL,2
1865,2020-05-29,77.4202,77.8809,76.7455,77.1033,158344207,77.1033,AAPL,2
1866,2020-06-01,77.0569,78.1707,76.9254,78.0508,83522030,78.0508,AAPL,2
1867,2020-06-02,77.7836,78.4378,77.3437,78.4133,90350920,78.4133,AAPL,2
1868,2020-06-03,78.7325,79.1046,78.1589,78.8423,107719924,78.8423,AAPL,2
1869,2020-06-04,78.6666,78.9643,77.7915,78.1638,90265917,78.1638,AAPL,2
1870,2020-06-05,78.4153,80.4512,78.386,80.3915,141491140,80.3915,AAPL,2
1871,2020-06-08,80.0889,80.8999,79.3758,80.8667,98610195,80.8667,AAPL,2
1872,2020-06-09,80.5465,83.8141,80.5141,83.4192,152276574,83.4192,AAPL,2
1873,2020-06-10,84.3669,86.0328,83.9289,85.5653,171801179,85.5653,AAPL,2
1874,2020-06-11,84.7098,85.1361,81.3557,81.459,207893685,81.459,AAPL,2
1875,2020-06-12,83.5969,84.3424,81.0512,82.1614,206330428,82.1614,AAPL,2
1876,2020-06-15,80.8145,83.8307,80.6515,83.1777,143098022,83.1777,AAPL,2
1877,2020-06-16,85.2315,85.6526,83.5969,85.3816,170540363,85.3816,AAPL,2
1878,2020-06-17,86.1261,86.1869,85.1419,85.2627,117941588,85.2627,AAPL,2
1879,2020-06-18,85.2195,85.7135,84.6882,85.2971,99812069,85.2971,AAPL,2
1880,2020-06-19,86.0013,86.4699,83.7013,84.8091,272647928,84.8091,AAPL,2
1881,2020-06-22,85.2027,87.1701,85.1567,87.0286,139630430,87.0286,AAPL,2
1882,2020-06-23,88.2709,90.3061,87.8526,88.8868,218710938,88.8868,AAPL,2
1883,2020-06-24,88.5136,89.4339,86.9432,87.3157,198575327,87.3157,AAPL,2
1884,2020-06-25,87.4716,88.5136,86.7123,88.4741,141771864,88.4741,AAPL,2
1885,2020-06-26,88.3711,88.5913,85.6085,85.7588,211599141,85.7588,AAPL,2
1886,2020-06-29,85.6645,87.8281,85.1881,87.7347,134682952,87.7347,AAPL,2
1887,2020-06-30,87.3217,88.7534,87.3017,88.4645,144556088,88.4645,AAPL,2
1888,2020-07-01,88.5428,89.087,88.2513,88.2976,114158943,88.2976,AAPL,2
1889,2020-07-02,89.2071,89.8403,88.1874,88.2976,117565272,88.2976,AAPL,2
1890,2020-07-06,89.7257,91.1272,89.6951,90.6607,122322031,90.6607,AAPL,2
1891,2020-07-07,91.0386,91.8175,90.2687,90.3806,115898295,90.3806,AAPL,2
1892,2020-07-08,91.3558,92.5148,91.2675,92.4835,120709939,92.4835,AAPL,2
1893,2020-07-09,93.3792,93.431,91.8344,92.8155,129524878,92.8155,AAPL,2
1894,2020-07-10,92.4756,93.1031,91.8666,93.0441,93046209,93.0441,AAPL,2
1895,2020-07-13,94.3483,96.9648,92.3998,92.6149,197570967,92.6149,AAPL,2
1896,2020-07-14,91.9972,94.3384,91.0641,94.148,176272820,94.148,AAPL,2
1897,2020-07-15,96.0231,96.2744,93.6003,94.7972,157931644,94.7972,AAPL,2
1898,2020-07-16,93.6671,94.486,93.0286,93.6294,113994447,93.6294,AAPL,2
1899,2020-07-17,94.0794,94.2366,92.9666,93.4409,95035412,93.4409,AAPL,2
1900,2020-07-20,93.5254,95.5487,93.1836,95.4091,93108668,95.4091,AAPL,2
1901,2020-07-21,96.2027,96.2764,93.8429,94.0924,106848421,94.0924,AAPL,2
1902,2020-07-22,93.7935,95.038,93.7052,94.3563,91751742,94.3563,AAPL,2
1903,2020-07-23,94.0924,94.1679,89.2521,90.0614,203091735,90.0614,AAPL,2
1904,2020-07-24,88.2581,90.1831,86.4748,89.8383,191168800,89.8383,AAPL,2
1905,2020-07-27,90.903,92.0611,90.6773,91.9687,124959628,91.9687,AAPL,2
1906,2020-07-28,91.5405,91.7154,90.4521,90.4571,106827458,90.4571,AAPL,2
1907,2020-07-29,90.9416,92.3737,90.906,92.1937,93120370,92.1937,AAPL,2
1908,2020-07-30,91.3638,93.4124,90.9572,93.3085,163016130,93.3085,AAPL,2
1909,2020-07-31,99.8068,103.232,97.7919,103.084,385860944,103.084,AAPL,2
1910,2020-08-03,104.942,108.291,104.646,105.668,317673059,105.668,AAPL,2
1911,2020-08-04,105.865,107.476,105.13,106.376,178131532,106.376,AAPL,2
1912,2020-08-05,106.101,107.093,105.63,106.76,125761421,106.76,AAPL,2
1913,2020-08-06,107.103,110.981,106.505,110.49,208683813,110.49,AAPL,2
1914,2020-08-07,110.02,110.471,107.182,107.967,203797633,107.967,AAPL,2
1915,2020-08-10,109.431,110.57,106.897,109.557,218572454,109.557,AAPL,2
1916,2020-08-11,108.811,109.313,106.033,106.298,193359799,106.298,AAPL,2
1917,2020-08-12,107.387,110.09,107.192,109.834,170764510,109.834,AAPL,2
1918,2020-08-13,111.198,112.761,110.72,111.757,216183672,111.757,AAPL,2
1919,2020-08-14,111.591,111.747,109.863,111.661,170373871,111.661,AAPL,2
1920,2020-08-17,112.78,112.81,110.739,111.375,123033978,111.375,AAPL,2
1921,2020-08-18,111.118,112.721,110.787,112.288,108701553,112.288,AAPL,2
1922,2020-08-19,112.701,113.861,112.337,112.435,149765002,112.435,AAPL,2
1923,2020-08-20,112.474,115.048,112.455,114.939,130593071,114.939,AAPL,2
1924,2020-08-21,115.894,121.334,115.884,120.852,347873075,120.852,AAPL,2
1925,2020-08-24,125.065,125.145,120.451,122.306,355985158,122.306,AAPL,2
1926,2020-08-25,121.177,121.639,119.577,121.294,217638454,121.294,AAPL,2
1927,2020-08-26,122.621,123.416,121.54,122.953,167757074,122.953,AAPL,2
1928,2020-08-27,123.563,123.877,120.342,121.47,160070235,121.47,AAPL,2
1929,2020-08-28,122.454,122.875,121.059,121.284,193079424,121.284,AAPL,2
1930,2020-08-31,123.976,127.286,122.444,125.4,232257981,125.4,AAPL,2
1931,2020-09-01,129.013,130.987,126.863,130.389,156898472,130.389,AAPL,2
1932,2020-09-02,133.716,134.084,123.426,127.678,205931231,127.678,AAPL,2
1933,2020-09-03,123.337,125.203,117.101,117.465,265081345,117.465,AAPL,2
1934,2020-09-04,116.689,120.213,107.752,117.542,342267381,117.542,AAPL,2
1935,2020-09-08,110.739,115.636,109.51,109.644,238086357,109.644,AAPL,2
1936,2020-09-09,113.956,115.774,112.003,114.014,182079500,114.014,AAPL,2
1937,2020-09-10,116.973,117.101,109.333,110.293,187568354,110.293,AAPL,2
1938,2020-09-11,111.337,111.973,106.897,108.84,186113217,108.84,AAPL,2
1939,2020-09-14,111.483,112.652,109.625,112.103,144220596,112.103,AAPL,2
1940,2020-09-15,114.989,115.469,110.401,112.268,190004769,112.268,AAPL,2
1941,2020-09-16,111.973,112.721,108.88,108.968,159529259,108.968,AAPL,2
1942,2020-09-17,106.62,109.036,105.64,107.23,183181105,107.23,AAPL,2
1943,2020-09-18,107.288,107.742,103.104,103.83,295443535,103.83,AAPL,2
1944,2020-09-21,101.585,107.083,100.196,106.973,201398113,106.973,AAPL,2
1945,2020-09-22,109.51,109.684,106.081,108.657,188372021,108.657,AAPL,2
1946,2020-09-23,108.467,108.948,103.762,104.088,155096134,104.088,AAPL,2
1947,2020-09-24,102.203,107.143,102.034,105.158,172615272,105.158,AAPL,2
1948,2020-09-25,105.364,109.273,104.618,109.116,154337492,109.116,AAPL,2
1949,2020-09-28,111.757,112.063,109.605,111.709,141670950,111.709,AAPL,2
1950,2020-09-29,111.317,112.053,110.362,110.864,102966676,110.864,AAPL,2
1951,2020-09-30,110.58,113.956,110.411,112.533,146819031,112.533,AAPL,2
1952,2020-10-01,114.313,114.391,112.552,113.497,119493033,113.497,AAPL,2
1953,2020-10-02,109.714,112.103,109.056,109.844,148914990,109.844,AAPL,2
1954,2020-10-05,110.7,113.358,110.343,113.209,109329578,113.209,AAPL,2
1955,2020-10-06,112.425,112.84,109.086,109.981,166188752,109.981,AAPL,2
1956,2020-10-07,111.385,112.278,110.903,111.826,99661860,111.826,AAPL,2
1957,2020-10-08,112.967,113.113,111.355,111.719,85901657,111.719,AAPL,2
1958,2020-10-09,112.023,113.705,111.67,113.675,103425978,113.675,AAPL,2
1959,2020-10-12,116.679,121.639,115.924,120.881,247203899,120.881,AAPL,2
1960,2020-10-13,121.727,121.845,116.274,117.679,269949556,117.679,AAPL,2
1961,2020-10-14,117.581,119.557,116.245,117.768,155449750,117.768,AAPL,2
1962,2020-10-15,115.372,117.778,114.811,117.306,115828379,117.306,AAPL,2
1963,2020-10-16,117.858,118.114,115.459,115.666,118745296,115.666,AAPL,2
1964,2020-10-19,116.581,117.022,112.387,112.701,124143177,112.701,AAPL,2
1965,2020-10-20,112.919,115.626,112.357,114.193,128037481,114.193,AAPL,2
1966,2020-10-21,113.378,115.354,113.161,113.576,92558364,113.576,AAPL,2
1967,2020-10-22,114.143,114.701,111.355,112.474,104950083,112.474,AAPL,2
1968,2020-10-23,113.104,113.258,111.049,111.786,84970877,111.786,AAPL,2
1969,2020-10-26,110.787,113.258,109.704,111.796,115099237,111.796,AAPL,2
1970,2020-10-27,112.221,113.976,111.307,113.308,94956850,113.308,AAPL,2
1971,2020-10-28,111.796,112.161,107.957,108.055,148118342,108.055,AAPL,2
1972,2020-10-29,109.205,113.636,109.036,112.063,150373338,112.063,AAPL,2
1973,2020-10-30,107.917,108.831,104.666,105.787,196108477,105.787,AAPL,2
1974,2020-11-02,106.033,107.565,104.286,105.698,126435435,105.698,AAPL,2
1975,2020-11-03,106.562,108.34,105.658,107.328,110750284,107.328,AAPL,2
1976,2020-11-04,110.912,112.318,109.186,111.699,142250383,111.699,AAPL,2
1977,2020-11-05,114.618,116.245,113.576,115.666,130057850,115.666,AAPL,2
1978,2020-11-06,115.177,116.043,113.045,115.538,117579376,115.538,AAPL,2
1979,2020-11-09,117.306,118.751,112.967,113.228,158729201,113.228,AAPL,2
1980,2020-11-10,112.474,114.461,111.098,112.889,141787514,112.889,AAPL,2
1981,2020-11-11,114.083,116.463,113.348,116.324,115357422,116.324,AAPL,2
1982,2020-11-12,116.453,117.336,115.421,116.052,106169218,116.052,AAPL,2
1983,2020-11-13,116.274,116.501,114.731,116.099,83916368,116.099,AAPL,2
1984,2020-11-16,115.764,117.778,115.009,117.111,93669728,117.111,AAPL,2
1985,2020-11-17,116.384,117.465,115.804,116.225,76296466,116.225,AAPL,2
1986,2020-11-18,115.459,116.649,114.861,114.89,78403540,114.89,AAPL,2
1987,2020-11-19,114.461,115.904,113.715,115.489,76134153,115.489,AAPL,2
1988,2020-11-20,115.499,115.616,114.173,114.223,75611596,114.223,AAPL,2
1989,2020-11-23,114.073,114.49,110.739,110.826,131448979,110.826,AAPL,2
1990,2020-11-24,110.884,112.77,109.605,112.103,116979755,112.103,AAPL,2
1991,2020-11-25,112.464,113.655,112.103,112.948,78585493,112.948,AAPL,2
1992,2020-11-27,113.477,114.361,113.132,113.497,47964680,113.497,AAPL,2
1993,2020-11-30,113.871,117.759,113.715,115.894,174030270,115.894,AAPL,2
1994,2020-12-01,117.798,120.193,116.835,119.457,131662122,119.457,AAPL,2
1995,2020-12-02,118.781,120.097,117.679,119.813,91431486,119.813,AAPL,2
1996,2020-12-03,120.243,120.5,118.97,119.675,81121208,119.675,AAPL,2
1997,2020-12-04,119.337,119.597,118.289,119.007,80394711,119.007,AAPL,2
1998,2020-12-07,119.066,121.254,119.007,120.47,88980278,120.47,AAPL,2
1999,2020-12-08,121.059,121.658,119.823,121.069,84245241,121.069,AAPL,2
2000,2020-12-09,121.215,122.611,117.788,118.543,118009296,118.543,AAPL,2
2001,2020-12-10,117.306,120.588,116.973,119.968,83529347,119.968,AAPL,2
2002,2020-12-11,119.182,119.497,117.356,119.163,89310778,119.163,AAPL,2
2003,2020-12-14,119.337,120.077,118.309,118.543,81232520,118.543,AAPL,2
2004,2020-12-15,121.03,124.495,120.823,124.475,161869518,124.475,AAPL,2
2005,2020-12-16,124.025,124.959,123.211,124.409,100886901,124.409,AAPL,2
2006,2020-12-17,125.479,126.148,124.633,125.283,96933159,125.283,AAPL,2
2007,2020-12-18,125.538,125.674,122.778,123.307,197792420,123.307,AAPL,2
2008,2020-12-21,121.698,124.9,120.164,124.821,124558281,124.821,AAPL,2
2009,2020-12-22,128.111,130.831,126.217,128.376,173970329,128.376,AAPL,2
2010,2020-12-23,128.649,128.919,127.296,127.471,90629698,127.471,AAPL,2
2011,2020-12-24,127.826,129.918,127.609,128.464,56428097,128.464,AAPL,2
2012,2020-12-28,130.429,133.706,129.967,133.07,127881181,133.07,AAPL,2
2013,2020-12-29,134.386,135.105,130.772,131.283,124348484,131.283,AAPL,2
2014,2020-12-30,131.941,132.384,129.858,130.173,99082532,130.173,AAPL,2
2015,2020-12-31,130.516,131.155,128.219,129.171,101819658,129.171,AAPL,2
2016,2021-01-04,129.977,130.065,123.406,125.979,147209965,125.979,AAPL,2
2017,2021-01-05,125.469,128.238,125.016,127.52,100328379,127.52,AAPL,2
2018,2021-01-06,124.32,127.56,123.033,123.249,159317474,123.249,AAPL,2
2019,2021-01-07,124.949,128.131,124.455,127.433,112566533,127.433,AAPL,2
2020,2021-01-08,128.919,129.113,126.785,128.542,108026084,128.542,AAPL,2
2021,2021-01-11,125.762,126.725,125.085,125.557,103364977,125.557,AAPL,2
2022,2021-01-12,125.085,126.256,123.505,125.38,94458803,125.38,AAPL,2
2023,2021-01-13,125.341,127.954,125.075,127.403,91054103,127.403,AAPL,2
2024,2021-01-14,127.316,127.51,125.341,125.489,92682250,125.489,AAPL,2
2025,2021-01-15,125.36,126.775,123.633,123.758,114642006,123.758,AAPL,2
2026,2021-01-19,124.38,125.293,123.583,124.426,93232431,124.426,AAPL,2
2027,2021-01-20,125.243,128.974,125.135,128.522,107164454,128.522,AAPL,2
2028,2021-01-21,130.251,135.958,130.045,133.249,123816583,133.249,AAPL,2
2029,2021-01-22,132.669,136.135,131.432,135.368,117580853,135.368,AAPL,2
2030,2021-01-25,139.277,141.231,132.921,139.13,161910043,139.13,AAPL,2
2031,2021-01-26,139.797,140.465,137.608,139.367,101073828,139.367,AAPL,2
2032,2021-01-27,139.631,140.465,136.684,138.284,144684801,138.284,AAPL,2
2033,2021-01-28,135.811,138.215,133.08,133.464,146510641,133.464,AAPL,2
2034,2021-01-29,132.225,133.12,126.765,128.454,182365178,128.454,AAPL,2
2035,2021-02-01,130.202,131.784,127.443,130.576,109137157,130.576,AAPL,2
2036,2021-02-02,132.128,132.699,131.026,131.402,85577241,131.402,AAPL,2
2037,2021-02-03,132.156,132.166,130.065,130.379,92332138,130.379,AAPL,2
2038,2021-02-04,132.689,133.756,131.007,133.746,86478871,133.746,AAPL,2
2039,2021-02-05,133.906,133.974,132.454,133.337,77642101,133.337,AAPL,2
2040,2021-02-08,132.619,133.532,131.528,133.482,73132323,133.482,AAPL,2
2041,2021-02-09,133.2,134.416,132.444,132.599,78750293,132.599,AAPL,2
2042,2021-02-10,133.06,133.561,131.016,131.99,74926697,131.99,AAPL,2
2043,2021-02-11,132.493,132.971,130.409,131.735,65934524,131.735,AAPL,2
2044,2021-02-12,130.969,132.128,130.351,131.97,61693196,131.97,AAPL,2
2045,2021-02-16,132.088,132.599,129.456,129.848,82650257,129.848,AAPL,2
2046,2021-02-17,127.954,128.909,126.226,127.55,100609851,127.55,AAPL,2
2047,2021-02-18,125.959,126.735,124.202,126.458,99349729,126.458,AAPL,2
2048,2021-02-19,126.982,127.423,125.567,126.618,89925328,126.618,AAPL,2
2049,2021-02-22,124.791,126.468,122.454,122.845,106591108,122.845,AAPL,2
2050,2021-02-23,120.657,123.544,115.421,122.709,162346787,122.709,AAPL,2
2051,2021-02-24,121.806,122.416,119.163,122.207,113897944,122.207,AAPL,2
2052,2021-02-25,121.55,123.287,117.514,117.945,152014027,117.945,AAPL,2
2053,2021-02-26,119.507,121.717,118.152,118.212,168795990,118.212,AAPL,2
2054,2021-03-01,120.647,124.712,119.705,124.574,119301524,124.574,AAPL,2
2055,2021-03-02,125.184,125.489,121.875,121.982,104893024,121.982,AAPL,2
2056,2021-03-03,121.678,122.562,118.781,118.998,115873963,118.998,AAPL,2
2057,2021-03-04,118.691,120.5,115.646,117.121,182740480,117.121,AAPL,2
2058,2021-03-05,117.935,118.881,114.618,118.367,157724377,118.367,AAPL,2
2059,2021-03-08,117.887,117.955,113.288,113.437,158350085,113.437,AAPL,2
2060,2021-03-09,116.052,118.998,115.814,118.045,132859625,118.045,AAPL,2
2061,2021-03-10,118.631,119.104,116.463,116.983,114824619,116.983,AAPL,2
2062,2021-03-11,119.457,120.115,118.212,118.901,105678299,118.901,AAPL,2
2063,2021-03-12,117.385,118.123,116.176,117.985,90372773,117.985,AAPL,2
2064,2021-03-15,118.357,120.881,117.405,120.872,94973729,120.872,AAPL,2
2065,2021-03-16,122.552,124.025,121.579,122.425,118193771,122.425,AAPL,2
2066,2021-03-17,120.931,122.709,119.27,121.629,114813654,121.629,AAPL,2
2067,2021-03-18,119.793,120.087,117.306,117.504,124596247,117.504,AAPL,2
2068,2021-03-19,116.904,118.377,116.679,116.983,190325355,116.983,AAPL,2
2069,2021-03-22,117.316,120.764,117.249,120.292,114792778,120.292,AAPL,2
2070,2021-03-23,120.233,121.118,119.075,119.457,97924357,119.457,AAPL,2
2071,2021-03-24,119.734,119.813,117.052,117.082,90809158,117.082,AAPL,2
2072,2021-03-25,116.551,118.601,116.023,117.562,101388831,117.562,AAPL,2
2073,2021-03-26,117.336,118.426,115.944,118.162,96492519,118.162,AAPL,2
2074,2021-03-29,118.592,119.497,117.699,118.337,82899396,118.337,AAPL,2
2075,2021-03-30,117.101,117.385,115.884,116.904,87877016,116.904,AAPL,2
2076,2021-03-31,118.592,120.421,118.104,119.085,121369344,119.085,AAPL,2
2077,2021-04-01,120.558,121.059,119.407,119.909,77021842,119.909,AAPL,2
2078,2021-04-05,120.764,123.003,119.978,122.748,90932953,122.748,AAPL,2
2079,2021-04-06,123.337,123.936,122.502,123.053,82234770,123.053,AAPL,2
2080,2021-04-07,122.679,124.702,122.001,124.682,85615053,124.682,AAPL,2
2081,2021-04-08,125.712,127.118,125.293,127.091,91131350,127.091,AAPL,2
2082,2021-04-09,126.548,129.703,126.226,129.663,109432696,129.663,AAPL,2
2083,2021-04-12,129.201,129.515,127.346,127.944,93773027,127.944,AAPL,2
2084,2021-04-13,129.123,131.273,128.62,131.046,93615640,131.046,AAPL,2
2085,2021-04-14,131.547,131.606,128.346,128.719,89467797,128.719,AAPL,2
2086,2021-04-15,130.459,131.606,130.291,131.115,91646793,131.115,AAPL,2
2087,2021-04-16,130.92,131.283,129.937,130.791,87108190,130.791,AAPL,2
2088,2021-04-19,130.163,132.068,129.996,131.451,96690468,131.451,AAPL,2
2089,2021-04-20,131.626,132.128,128.504,129.77,97252709,129.77,AAPL,2
2090,2021-04-21,129.043,130.389,128.003,130.154,70619182,130.154,AAPL,2
2091,2021-04-22,129.703,130.781,128.111,128.63,86743099,128.63,AAPL,2
2092,2021-04-23,128.849,131.725,128.849,130.94,80783888,130.94,AAPL,2
2093,2021-04-26,131.442,131.665,130.211,131.333,68627129,131.333,AAPL,2
2094,2021-04-27,131.616,132.01,130.743,131.007,67714975,131.007,AAPL,2
2095,2021-04-28,130.93,131.626,129.742,130.231,110533718,130.231,AAPL,2
2096,2021-04-29,133.05,133.639,129.133,130.134,154990117,130.134,AAPL,2
2097,2021-04-30,128.474,130.211,127.768,128.161,112666607,128.161,AAPL,2
2098,2021-05-03,128.729,130.705,128.522,129.22,77068991,129.22,AAPL,2
2099,2021-05-04,127.894,128.191,123.534,124.633,141105475,124.633,AAPL,2
2100,2021-05-05,125.959,127.177,124.752,124.88,86162986,124.88,AAPL,2
2101,2021-05-06,124.672,126.498,123.936,126.488,80139267,126.488,AAPL,2
2102,2021-05-07,127.778,128.181,126.439,127.157,80868592,127.157,AAPL,2
2103,2021-05-10,126.38,126.508,123.837,123.877,90184896,123.877,AAPL,2
2104,2021-05-11,120.608,123.317,119.89,122.963,129170192,122.963,AAPL,2
2105,2021-05-12,120.51,121.717,119.377,119.89,114864361,119.89,AAPL,2
2106,2021-05-13,121.658,123.202,121.344,122.04,108401959,122.04,AAPL,2
2107,2021-05-14,123.297,124.89,122.904,124.455,83883942,124.455,AAPL,2
2108,2021-05-17,123.847,123.956,122.237,123.317,76026457,123.317,AAPL,2
2109,2021-05-18,123.603,124.015,121.855,121.923,64863126,121.923,AAPL,2
2110,2021-05-19,120.272,121.991,119.978,121.767,94834631,121.767,AAPL,2
2111,2021-05-20,122.296,124.722,122.168,124.32,78701655,124.32,AAPL,2
2112,2021-05-21,124.821,124.998,122.276,122.493,81198486,122.493,AAPL,2
2113,2021-05-24,123.063,124.939,122.993,124.125,64607144,124.125,AAPL,2
2114,2021-05-25,124.821,125.313,123.367,123.927,73737674,123.927,AAPL,2
2115,2021-05-26,123.985,124.399,123.465,123.877,57933714,123.877,AAPL,2
2116,2021-05-27,123.485,124.642,122.148,122.346,96896569,122.346,AAPL,2
2117,2021-05-28,122.631,122.855,121.629,121.688,73022540,121.688,AAPL,2
2118,2021-06-01,122.148,122.416,121.03,121.364,69260376,121.364,AAPL,2
2119,2021-06-02,121.374,122.306,121.138,122.13,60701525,122.13,AAPL,2
2120,2021-06-03,121.757,121.923,120.243,120.647,78058633,120.647,AAPL,2
2121,2021-06-04,121.158,123.211,120.941,122.943,76973370,122.943,AAPL,2
2122,2021-06-07,123.22,123.367,121.914,122.953,72762896,122.953,AAPL,2
2123,2021-06-08,123.643,125.449,123.259,123.768,76189428,123.768,AAPL,2
2124,2021-06-09,124.222,124.752,123.563,124.153,58242979,124.153,AAPL,2
2125,2021-06-10,124.045,125.184,122.993,123.162,72894860,123.162,AAPL,2
2126,2021-06-11,123.573,124.445,123.152,124.36,54806883,124.36,AAPL,2
2127,2021-06-14,124.821,127.471,124.095,127.413,99232197,127.413,AAPL,2
2128,2021-06-15,126.903,127.53,126.362,126.608,64252212,126.608,AAPL,2
2129,2021-06-16,127.306,127.816,125.449,127.099,94018542,127.099,AAPL,2
2130,2021-06-17,126.765,129.446,126.618,128.699,99042942,128.699,AAPL,2
2131,2021-06-18,127.638,128.426,127.187,127.394,111568135,127.394,AAPL,2
2132,2021-06-21,127.246,129.308,126.188,129.201,81575196,129.201,AAPL,2
2133,2021-06-22,129.033,130.93,128.532,130.841,76578387,130.841,AAPL,2
2134,2021-06-23,130.635,131.165,130.114,130.566,61659310,130.566,AAPL,2
2135,2021-06-24,131.293,131.481,129.82,130.291,70360028,130.291,AAPL,2
2136,2021-06-25,130.341,130.752,129.703,129.996,72482520,129.996,AAPL,2
2137,2021-06-28,130.291,132.068,130.231,131.616,63601942,131.616,AAPL,2
2138,2021-06-29,131.636,133.299,131.195,133.14,66105395,133.14,AAPL,2
2139,2021-06-30,132.98,134.191,132.689,133.756,64779635,133.756,AAPL,2
2140,2021-07-01,133.406,134.112,132.579,134.054,53745415,134.054,AAPL,2
2141,2021-07-02,134.67,136.723,134.523,136.684,80840227,136.684,AAPL,2
2142,2021-07-06,136.792,139.797,136.792,138.69,110778101,138.69,AAPL,2
2143,2021-07-07,140.173,141.498,139.317,141.182,107429415,141.182,AAPL,2
2144,2021-07-08,138.254,140.682,137.361,139.885,108109217,139.885,AAPL,2
2145,2021-07-09,139.407,142.243,139.307,141.715,102288130,141.715,AAPL,2
2146,2021-07-12,142.783,142.891,140.622,141.113,78130874,141.113,AAPL,2
2147,2021-07-13,140.682,144.0,140.271,142.233,103246898,142.233,AAPL,2
2148,2021-07-14,144.622,146.066,144.216,145.652,130099941,145.652,AAPL,2
2149,2021-07-15,145.739,146.486,143.649,144.992,109383930,144.992,AAPL,2
2150,2021-07-16,144.972,146.251,142.462,142.961,95489414,142.961,AAPL,2
2151,2021-07-19,140.378,140.692,138.344,139.111,124348941,139.111,AAPL,2
2152,2021-07-20,140.103,143.659,139.611,142.724,98662388,142.724,AAPL,2
2153,2021-07-21,142.126,142.704,141.241,141.996,76793265,141.996,AAPL,2
2154,2021-07-22,142.517,144.709,142.403,143.364,79194233,143.364,AAPL,2
2155,2021-07-23,144.088,145.229,143.479,145.072,73162119,145.072,AAPL,2
2156,2021-07-26,144.787,146.32,144.236,145.495,74172471,145.495,AAPL,2
2157,2021-07-27,145.632,145.711,142.146,143.334,107334172,143.334,AAPL,2
2158,2021-07-28,141.448,143.529,139.199,141.588,121785481,141.588,AAPL,2
2159,2021-07-29,141.299,143.119,141.192,142.233,58060234,142.233,AAPL,2
2160,2021-07-30,140.997,142.901,140.731,142.442,72131166,142.442,AAPL,2
2161,2021-08-02,142.931,143.509,141.85,142.116,64389049,142.116,AAPL,2
2162,2021-08-03,142.403,144.564,141.783,143.905,66341465,143.905,AAPL,2
2163,2021-08-04,143.817,144.316,142.852,143.509,57721082,143.509,AAPL,2
2164,2021-08-05,143.539,144.365,142.744,143.619,47511194,143.619,AAPL,2
2165,2021-08-06,143.138,143.877,142.433,142.931,55342913,142.931,AAPL,2
2166,2021-08-09,142.991,143.479,142.333,142.881,50007551,142.881,AAPL,2
2167,2021-08-10,143.226,144.454,142.116,142.413,70573865,142.413,AAPL,2
2168,2021-08-11,142.842,143.499,142.343,142.656,49582995,142.656,AAPL,2
2169,2021-08-12,142.981,145.768,142.637,145.613,75436753,145.613,AAPL,2
2170,2021-08-13,145.691,146.163,145.002,145.817,60709024,145.817,AAPL,2
2171,2021-08-16,145.269,147.872,143.254,147.802,105885501,147.802,AAPL,2
2172,2021-08-17,146.929,148.35,145.807,146.891,94301916,146.891,AAPL,2
2173,2021-08-18,146.505,147.41,142.941,143.148,88265529,143.148,AAPL,2
2174,2021-08-19,141.85,144.739,141.328,143.479,88914101,143.479,AAPL,2
2175,2021-08-20,144.197,145.229,143.559,144.925,61910035,144.925,AAPL,2
2176,2021-08-23,145.042,146.891,144.631,146.417,61482828,146.417,AAPL,2
2177,2021-08-24,146.163,147.548,145.867,146.33,49698497,146.33,AAPL,2
2178,2021-08-25,146.515,147.015,144.544,145.091,60316691,145.091,AAPL,2
2179,2021-08-26,145.101,145.837,144.266,144.286,49689058,144.286,AAPL,2
2180,2021-08-27,144.236,145.476,143.609,145.329,57056134,145.329,AAPL,2
2181,2021-08-30,145.72,150.119,145.339,149.766,93000303,149.766,AAPL,2
2182,2021-08-31,149.314,149.453,147.971,148.499,88395513,148.499,AAPL,2
2183,2021-09-01,149.483,151.564,149.002,149.166,82118169,149.166,AAPL,2
2184,2021-09-02,150.484,151.307,149.059,150.278,72770366,150.278,AAPL,2
2185,2021-09-03,150.386,151.219,149.739,150.907,59166179,150.907,AAPL,2
2186,2021-09-07,151.555,153.803,150.995,153.245,84126857,153.245,AAPL,2
2187,2021-09-08,153.526,153.586,150.581,151.693,76092252,151.693,AAPL,2
2188,2021-09-09,152.064,152.675,150.561,150.68,58593252,150.68,AAPL,2
2189,2021-09-10,151.584,152.054,145.427,145.691,144058770,145.691,AAPL,2
2190,2021-09-13,147.321,148.098,145.476,146.26,104705109,146.26,AAPL,2
2191,2021-09-14,147.044,147.753,143.688,144.855,111751921,144.855,AAPL,2
2192,2021-09-15,145.289,146.153,143.158,145.748,85152448,145.748,AAPL,2
2193,2021-09-16,145.171,145.691,143.981,145.513,69562714,145.513,AAPL,2
2194,2021-09-17,145.543,145.543,142.557,142.852,132786668,142.852,AAPL,2
2195,2021-09-20,140.642,141.666,138.156,139.797,126253138,139.797,AAPL,2
2196,2021-09-21,140.771,141.428,139.64,140.281,77537770,140.281,AAPL,2
2197,2021-09-22,141.28,143.216,140.544,142.646,78120965,142.646,AAPL,2
2198,2021-09-23,143.43,143.847,142.442,143.609,66294930,143.609,AAPL,2
2199,2021-09-24,142.462,144.226,142.373,143.698,54679389,143.698,AAPL,2
2200,2021-09-27,142.283,142.754,140.662,142.184,75816719,142.184,AAPL,2
2201,2021-09-28,140.103,141.578,138.573,138.785,111420688,138.785,AAPL,2
2202,2021-09-29,139.337,141.28,138.902,139.689,76278173,139.689,AAPL,2
2203,2021-09-30,140.504,141.211,138.166,138.384,91057554,138.384,AAPL,2
2204,2021-10-01,138.775,139.779,136.056,139.515,96765907,139.515,AAPL,2
2205,2021-10-04,138.642,139.081,135.231,136.085,100531069,136.085,AAPL,2
2206,2021-10-05,136.429,139.111,136.301,138.0,82677817,138.0,AAPL,2
2207,2021-10-06,136.411,139.021,135.329,138.874,85090898,138.874,AAPL,2
2208,2021-10-07,139.914,141.045,139.582,140.143,63119641,140.143,AAPL,2
2209,2021-10-08,140.87,141.017,139.427,139.759,60093647,139.759,AAPL,2
2210,2021-10-11,139.139,141.637,138.69,139.669,65900306,139.669,AAPL,2
2211,2021-10-12,140.083,140.103,137.934,138.394,74676800,138.394,AAPL,2
2212,2021-10-13,138.126,138.284,136.145,137.805,80532331,137.805,AAPL,2
2213,2021-10-14,138.981,140.721,138.394,140.602,71477746,140.602,AAPL,2
2214,2021-10-15,140.612,141.715,140.358,141.666,69466792,141.666,AAPL,2
2215,2021-10-18,140.301,143.619,140.014,143.334,87512160,143.334,AAPL,2
2216,2021-10-19,143.768,145.887,143.334,145.485,78094945,145.485,AAPL,2
2217,2021-10-20,145.427,146.467,144.855,145.976,59731318,145.976,AAPL,2
2218,2021-10-21,145.533,146.35,144.612,146.192,62800973,146.192,AAPL,2
2219,2021-10-22,146.397,146.881,145.367,145.417,60206413,145.417,AAPL,2
2220,2021-10-25,145.407,146.085,144.375,145.367,51860125,145.367,AAPL,2
2221,2021-10-26,146.046,147.528,145.729,146.036,62261523,146.036,AAPL,2
2222,2021-10-27,146.075,146.437,145.22,145.573,57355247,145.573,AAPL,2
2223,2021-10-28,146.525,149.806,146.427,149.225,102326399,149.225,AAPL,2
2224,2021-10-29,143.971,146.643,143.197,146.505,127760568,146.505,AAPL,2
2225,2021-11-01,145.711,146.407,144.544,145.682,76264078,145.682,AAPL,2
2226,2021-11-02,145.387,148.244,145.377,146.723,70674992,146.723,AAPL,2
2227,2021-11-03,147.084,148.638,146.525,148.168,55736277,148.168,AAPL,2
2228,2021-11-04,148.254,149.088,147.331,147.644,61751538,147.644,AAPL,2
2229,2021-11-05,148.776,149.078,146.979,148.177,66837154,148.177,AAPL,2
2230,2021-11-08,148.303,148.459,147.074,147.35,56175070,147.35,AAPL,2
2231,2021-11-09,147.114,148.322,146.979,147.713,57979200,147.713,AAPL,2
2232,2021-11-10,146.939,147.044,144.805,144.875,66554555,144.875,AAPL,2
2233,2021-11-11,145.897,146.36,144.641,144.825,41860027,144.825,AAPL,2
2234,2021-11-12,145.377,147.311,144.444,146.91,65142458,146.91,AAPL,2
2235,2021-11-15,147.283,148.767,146.36,146.919,60465151,146.919,AAPL,2
2236,2021-11-16,146.861,148.379,146.27,147.902,60499258,147.902,AAPL,2
2237,2021-11-17,147.892,151.811,147.892,150.337,90669952,150.337,AAPL,2
2238,2021-11-18,150.543,155.413,149.915,154.629,140718957,154.629,AAPL,2
2239,2021-11-19,154.412,157.712,153.314,157.251,119766379,157.251,AAPL,2
2240,2021-11-22,158.349,162.3,157.692,157.712,119932075,157.712,AAPL,2
2241,2021-11-23,157.802,158.469,155.798,158.086,98056621,158.086,AAPL,2
2242,2021-11-24,157.447,158.803,156.366,158.607,70920798,158.607,AAPL,2
2243,2021-11-26,156.288,157.152,153.147,153.586,78574177,153.586,AAPL,2
2244,2021-11-29,156.101,157.871,155.531,156.957,90609935,156.957,AAPL,2
2245,2021-11-30,156.702,162.122,156.642,161.905,177699155,161.905,AAPL,2
2246,2021-12-01,164.037,166.796,161.15,161.386,155620461,161.386,AAPL,2
2247,2021-12-02,155.471,160.825,154.559,160.394,139607625,160.394,AAPL,2
2248,2021-12-03,160.648,161.571,156.444,158.509,120498950,158.509,AAPL,2
2249,2021-12-06,160.914,164.431,160.904,161.925,109752004,161.925,AAPL,2
2250,2021-12-07,165.598,168.056,164.882,167.662,122931159,167.662,AAPL,2
2251,2021-12-08,168.595,172.348,167.19,171.482,119453248,171.482,AAPL,2
2252,2021-12-09,171.316,173.121,170.351,170.972,111208690,170.972,AAPL,2
2253,2021-12-10,171.6,175.943,171.097,175.764,117823595,175.764,AAPL,2
2254,2021-12-13,177.385,178.387,171.923,172.131,156451554,172.131,AAPL,2
2255,2021-12-14,171.65,174.083,168.674,170.745,142304238,170.745,AAPL,2
2256,2021-12-15,171.512,175.814,168.773,175.615,133812641,175.615,AAPL,2
2257,2021-12-16,175.596,177.413,167.239,168.724,153336372,168.724,AAPL,2
2258,2021-12-17,166.434,169.91,166.198,167.623,200033433,167.623,AAPL,2
2259,2021-12-20,164.822,167.072,164.017,166.257,109754180,166.257,AAPL,2
2260,2021-12-21,168.036,169.644,165.638,169.442,93098761,169.442,AAPL,2
2261,2021-12-22,169.491,172.249,168.615,172.032,94068073,172.032,AAPL,2
2262,2021-12-23,172.239,173.21,171.67,172.66,69790519,172.66,AAPL,2
2263,2021-12-27,173.446,176.718,173.426,176.63,76491210,176.63,AAPL,2
2264,2021-12-28,176.462,177.601,174.858,175.606,80804592,175.606,AAPL,2
2265,2021-12-29,175.645,176.922,174.48,175.694,63656858,175.694,AAPL,2
2266,2021-12-30,175.784,176.864,174.43,174.537,61026904,174.537,AAPL,2
2267,2021-12-31,174.43,175.547,173.614,173.918,65406129,173.918,AAPL,2
2268,2022-01-03,174.172,179.124,174.054,178.268,106897594,178.268,AAPL,2
2269,2022-01-04,178.879,179.18,175.44,176.011,101393726,176.011,AAPL,2
2270,2022-01-05,175.923,176.472,171.05,171.326,96520768,171.326,AAPL,2
2271,2022-01-06,169.083,171.7,168.114,168.467,98936761,168.467,AAPL,2
2272,2022-01-07,169.342,170.559,167.514,168.635,88528090,168.635,AAPL,2
2273,2022-01-10,165.598,168.956,164.714,168.655,109005231,168.655,AAPL,2
2274,2022-01-11,168.783,171.581,167.308,171.482,77735506,171.482,AAPL,2
2275,2022-01-12,172.503,173.535,171.226,171.923,76374400,171.923,AAPL,2
2276,2022-01-13,172.171,172.995,168.26,168.655,86278482,168.655,AAPL,2
2277,2022-01-14,167.818,170.217,167.573,169.521,82128228,169.521,AAPL,2
2278,2022-01-18,167.986,168.995,165.925,166.306,93081224,166.306,AAPL,2
2279,2022-01-19,166.504,167.563,162.532,162.819,96803974,162.819,AAPL,2
2280,2022-01-20,163.557,166.188,160.806,161.13,93338292,161.13,AAPL,2
2281,2022-01-21,161.043,162.918,158.959,159.067,125425923,159.067,AAPL,2
2282,2022-01-24,156.741,158.959,151.517,158.29,166119872,158.29,AAPL,2
2283,2022-01-25,155.718,159.411,153.793,156.503,118227531,156.503,AAPL,2
2284,2022-01-26,160.138,161.013,154.579,156.415,110546657,156.415,AAPL,2
2285,2022-01-27,159.106,160.473,155.032,155.955,124512945,155.955,AAPL,2
2286,2022-01-28,162.31,166.845,159.45,166.825,183710266,166.825,AAPL,2
2287,2022-01-31,166.66,171.403,166.021,171.187,117965368,171.187,AAPL,2
2288,2022-02-01,170.44,171.246,168.773,171.02,88022465,171.02,AAPL,2
2289,2022-02-02,171.147,172.268,169.771,172.229,86695547,172.229,AAPL,2
2290,2022-02-03,170.893,172.62,168.585,169.352,91293845,169.352,AAPL,2
2291,2022-02-04,168.367,170.736,167.387,169.064,84088189,169.064,AAPL,2
2292,2022-02-07,169.53,170.588,167.652,168.348,78771386,168.348,AAPL,2
2293,2022-02-08,168.417,171.962,168.124,171.453,76301739,171.453,AAPL,2
2294,2022-02-09,172.65,173.239,171.522,172.877,72687815,172.877,AAPL,2
2295,2022-02-10,170.775,172.091,168.24,168.802,92653997,168.802,AAPL,2
2296,2022-02-11,169.005,169.741,164.793,165.382,100612371,165.382,AAPL,2
2297,2022-02-14,164.137,166.306,163.349,165.618,87881525,165.618,AAPL,2
2298,2022-02-15,167.672,169.616,166.964,169.461,65551373,169.461,AAPL,2
2299,2022-02-16,168.537,169.999,166.767,169.223,62381273,169.223,AAPL,2
2300,2022-02-17,167.73,168.595,165.215,165.618,70958752,165.618,AAPL,2
2301,2022-02-18,166.544,167.249,162.987,164.067,84401511,164.067,AAPL,2
2302,2022-02-22,161.797,163.479,159.018,161.15,92956697,161.15,AAPL,2
2303,2022-02-23,162.35,162.947,156.672,156.987,91780487,156.987,AAPL,2
2304,2022-02-24,149.64,159.706,149.068,159.599,143925102,159.599,AAPL,2
2305,2022-02-25,160.677,161.935,157.772,161.671,93784129,161.671,AAPL,2
2306,2022-02-28,159.913,162.231,159.294,161.935,96927193,161.935,AAPL,2
2307,2022-03-01,161.513,163.389,158.843,160.049,85117070,160.049,AAPL,2
2308,2022-03-02,161.22,164.127,159.803,163.349,81293607,163.349,AAPL,2
2309,2022-03-03,165.215,165.648,162.36,163.025,78187353,163.025,AAPL,2
2310,2022-03-04,161.316,162.36,158.968,160.02,85469029,160.02,AAPL,2
2311,2022-03-07,160.207,161.836,155.975,156.23,98316217,156.23,AAPL,2
2312,2022-03-08,155.758,159.736,152.79,154.402,133729072,154.402,AAPL,2
2313,2022-03-09,158.359,160.256,156.338,159.803,93254594,159.803,AAPL,2
2314,2022-03-10,157.104,157.29,152.968,155.461,107414998,155.461,AAPL,2
2315,2022-03-11,155.867,156.21,151.517,151.742,98878322,151.742,AAPL,2
2316,2022-03-14,148.528,151.141,147.204,147.713,110871788,147.713,AAPL,2
2317,2022-03-15,147.991,152.567,147.479,152.094,94793694,152.094,AAPL,2
2318,2022-03-16,154.021,156.917,151.477,156.513,104313263,156.513,AAPL,2
2319,2022-03-17,155.551,157.89,154.589,157.516,77103367,157.516,AAPL,2
2320,2022-03-18,157.408,161.306,156.682,160.816,125942208,160.816,AAPL,2
2321,2022-03-21,160.356,163.145,159.873,162.192,97696769,162.192,AAPL,2
2322,2022-03-22,162.32,166.148,161.73,165.559,83136428,165.559,AAPL,2
2323,2022-03-23,164.744,169.313,164.411,166.925,99992393,166.925,AAPL,2
2324,2022-03-24,167.76,170.775,166.925,170.707,91905063,170.707,AAPL,2
2325,2022-03-25,170.52,171.893,169.422,171.345,82131178,171.345,AAPL,2
2326,2022-03-28,168.85,172.338,168.684,172.21,92150293,172.21,AAPL,2
2327,2022-03-29,173.277,175.557,172.937,175.507,102568881,175.507,AAPL,2
2328,2022-03-30,175.106,176.146,173.287,174.34,94456028,174.34,AAPL,2
2329,2022-03-31,174.41,174.597,171.03,171.236,105077133,171.236,AAPL,2
2330,2022-04-01,170.667,171.502,168.625,170.942,80301030,170.942,AAPL,2
2331,2022-04-04,171.197,175.047,171.069,174.997,78052287,174.997,AAPL,2
2332,2022-04-05,174.073,174.858,171.05,171.68,74846217,171.68,AAPL,2
2333,2022-04-06,169.035,170.284,166.845,168.517,90811319,168.517,AAPL,2
2334,2022-04-07,167.857,170.019,166.573,168.82,79121590,168.82,AAPL,2
2335,2022-04-08,168.467,168.467,165.934,166.806,78082393,166.806,AAPL,2
2336,2022-04-11,165.45,165.767,162.31,162.552,73668408,162.552,AAPL,2
2337,2022-04-12,164.773,166.592,163.429,164.421,80824994,164.421,AAPL,2
2338,2022-04-13,164.157,167.74,163.557,167.111,72008593,167.111,AAPL,2
2339,2022-04-14,167.328,167.966,161.856,162.102,76811739,162.102,AAPL,2
2340,2022-04-18,160.756,163.379,160.413,161.885,70382224,161.885,AAPL,2
2341,2022-04-19,161.836,164.576,160.746,164.167,69056531,164.167,AAPL,2
2342,2022-04-20,165.5,165.618,162.898,163.997,69266565,163.997,AAPL,2
2343,2022-04-21,165.648,168.22,162.711,163.213,88944273,163.213,AAPL,2
2344,2022-04-22,163.251,164.625,158.379,158.664,86552776,158.664,AAPL,2
2345,2022-04-25,158.007,160.02,155.404,159.736,97936418,159.736,AAPL,2
2346,2022-04-26,159.116,159.206,153.694,153.773,97504955,153.773,AAPL,2
2347,2022-04-27,152.899,156.711,152.38,153.546,89796136,153.546,AAPL,2
2348,2022-04-28,156.18,161.336,155.867,160.483,132779254,160.483,AAPL,2
2349,2022-04-29,158.714,162.997,154.216,154.609,134340156,154.609,AAPL,2
2350,2022-05-02,153.684,155.179,150.317,154.913,125476800,154.913,AAPL,2
2351,2022-05-03,155.1,157.604,153.304,156.405,90717247,156.405,AAPL,2
2352,2022-05-04,156.593,163.271,156.19,162.819,110386820,162.819,AAPL,2
2353,2022-05-05,160.687,160.914,151.956,153.744,133093807,153.744,AAPL,2
2354,2022-05-06,153.225,156.593,151.427,154.472,118236076,154.472,AAPL,2
2355,2022-05-09,152.158,153.047,148.786,149.344,133970328,149.344,AAPL,2
2356,2022-05-10,152.742,153.942,150.199,151.752,117464384,151.752,AAPL,2
2357,2022-05-11,150.76,152.675,143.207,143.887,145284275,143.887,AAPL,2
2358,2022-05-12,140.223,143.589,136.321,140.014,185922192,140.014,AAPL,2
2359,2022-05-13,142.006,145.461,140.552,144.484,116063484,144.484,AAPL,2
2360,2022-05-16,142.951,144.885,141.607,142.941,88219177,142.941,AAPL,2
2361,2022-05-17,146.202,147.094,144.059,146.573,79760598,146.573,AAPL,2
2362,2022-05-18,144.226,144.729,137.4,138.304,111738284,138.304,AAPL,2
2363,2022-05-19,137.38,139.13,134.162,134.897,138570191,134.897,AAPL,2
2364,2022-05-20,136.606,138.186,130.241,135.132,139924868,135.132,AAPL,2
2365,2022-05-23,135.329,140.701,135.191,140.552,119866816,140.552,AAPL,2
2366,2022-05-24,138.289,139.437,134.878,137.855,106026133,137.855,AAPL,2
2367,2022-05-25,135.958,139.254,135.869,138.01,94164257,138.01,AAPL,2
2368,2022-05-26,134.937,141.764,134.69,141.211,92248905,141.211,AAPL,2
2369,2022-05-27,142.793,147.006,142.666,146.969,92632714,146.969,AAPL,2
2370,2022-05-31,146.407,147.971,144.216,146.182,105604270,146.182,AAPL,2
2371,2022-06-01,147.224,149.031,145.042,146.056,75637347,146.056,AAPL,2
2372,2022-06-02,145.191,148.568,144.236,148.508,73663519,148.508,AAPL,2
2373,2022-06-03,144.276,145.329,141.878,142.783,90180712,142.783,AAPL,2
2374,2022-06-06,144.405,145.916,142.313,143.529,72900213,143.529,AAPL,2
2375,2022-06-07,141.768,146.34,141.528,146.056,69041067,146.056,AAPL,2
2376,2022-06-08,145.927,147.194,144.825,145.319,54931146,145.319,AAPL,2
2377,2022-06-09,144.454,145.309,139.984,140.093,70736164,140.093,AAPL,2
2378,2022-06-10,137.775,138.244,134.612,134.68,93231542,134.68,AAPL,2
2379,2022-06-13,130.497,132.785,129.093,129.525,124429122,129.525,AAPL,2
2380,2022-06-14,130.752,131.501,129.133,130.389,86325912,130.389,AAPL,2
2381,2022-06-15,131.891,134.887,129.8,133.01,93197264,133.01,AAPL,2
2382,2022-06-16,129.722,130.026,126.735,127.738,109924511,127.738,AAPL,2
2383,2022-06-17,127.743,130.704,127.491,129.211,136966197,129.211,AAPL,2
2384,2022-06-21,131.036,134.612,130.94,133.445,82473274,133.445,AAPL,2
2385,2022-06-22,132.384,135.3,131.519,132.931,74743993,132.931,AAPL,2
2386,2022-06-23,134.377,136.115,133.21,135.801,73750790,135.801,AAPL,2
2387,2022-06-24,137.4,139.377,137.275,139.13,90737199,139.13,AAPL,2
2388,2022-06-27,140.148,140.93,138.448,139.13,71484459,139.13,AAPL,2
2389,2022-06-28,139.592,140.862,134.873,134.986,68539284,134.986,AAPL,2
2390,2022-06-29,135.006,138.156,134.23,136.743,67446859,136.743,AAPL,2
2391,2022-06-30,134.799,135.899,131.386,134.279,100763882,134.279,AAPL,2
2392,2022-07-01,133.609,136.558,133.239,136.449,72343442,136.449,AAPL,2
2393,2022-07-05,135.31,139.081,134.484,139.031,74764771,139.031,AAPL,2
2394,2022-07-06,138.83,141.548,138.563,140.368,75410923,140.368,AAPL,2
2395,2022-07-07,140.731,143.932,140.721,143.738,67458363,143.738,AAPL,2
2396,2022-07-08,142.67,144.915,142.413,144.415,65721434,144.415,AAPL,2
2397,2022-07-11,143.069,144.019,141.211,142.283,64456154,142.283,AAPL,2
2398,2022-07-12,143.158,145.797,142.462,143.254,78999511,143.254,AAPL,2
2399,2022-07-13,140.436,143.837,139.582,142.891,72479887,142.891,AAPL,2
2400,2022-07-14,141.508,146.29,140.692,145.817,79561534,145.817,AAPL,2
2401,2022-07-15,147.104,148.168,145.553,147.489,77646522,147.489,AAPL,2
2402,2022-07-18,148.049,148.864,144.079,144.444,82901298,144.444,AAPL,2
2403,2022-07-19,145.279,148.528,144.286,148.303,84491189,148.303,AAPL,2
2404,2022-07-20,148.399,150.975,147.683,150.307,66002061,150.307,AAPL,2
2405,2022-07-21,151.742,152.79,149.225,152.576,66270069,152.576,AAPL,2
2406,2022-07-22,152.615,153.489,150.67,151.337,67887729,151.337,AAPL,2
2407,2022-07-25,151.258,152.271,149.562,150.219,54598958,150.219,AAPL,2
2408,2022-07-26,149.547,150.352,148.108,148.894,56141246,148.894,AAPL,2
2409,2022-07-27,149.855,154.521,149.443,153.992,80050204,153.992,AAPL,2
2410,2022-07-28,154.177,154.825,151.653,154.54,82858395,154.54,AAPL,2
2411,2022-07-29,158.359,160.707,156.652,159.609,103637594,159.609,AAPL,2
2412,2022-08-01,158.136,160.667,158.016,158.626,69062682,158.626,AAPL,2
2413,2022-08-02,157.241,159.509,156.78,157.152,60996281,157.152,AAPL,2
2414,2022-08-03,157.968,163.615,157.881,163.165,84007675,163.165,AAPL,2
2415,2022-08-04,163.04,164.205,161.494,162.849,56482798,162.849,AAPL,2
2416,2022-08-05,160.519,163.115,160.312,162.622,57647798,162.622,AAPL,2
2417,2022-08-08,163.626,165.045,161.492,162.151,61374619,162.151,AAPL,2
2418,2022-08-09,161.314,163.085,160.558,162.201,64194291,162.201,AAPL,2
2419,2022-08-10,164.915,166.549,164.149,166.449,71347306,166.449,AAPL,2
2420,2022-08-11,167.255,168.169,165.415,165.712,58107555,165.712,AAPL,2
2421,2022-08-12,167.02,169.331,166.605,169.262,69180408,169.262,AAPL,2
2422,2022-08-15,168.692,170.531,168.52,170.333,54998816,170.333,AAPL,2
2423,2022-08-16,169.93,170.845,168.83,170.177,57322498,170.177,AAPL,2
2424,2022-08-17,169.92,173.244,169.721,171.672,80875964,171.672,AAPL,2
2425,2022-08-18,170.884,172.015,170.266,171.278,63334685,171.278,AAPL,2
2426,2022-08-19,170.177,170.874,168.485,168.692,71526009,168.692,AAPL,2
2427,2022-08-22,166.891,167.058,164.38,164.805,70184394,164.805,AAPL,2
2428,2022-08-23,164.325,165.929,163.901,164.472,55055130,164.472,AAPL,2
2429,2022-08-24,164.472,165.338,163.505,164.766,54744450,164.766,AAPL,2
2430,2022-08-25,165.995,167.333,165.572,167.226,52077142,167.226,AAPL,2
2431,2022-08-26,167.757,168.228,160.862,160.921,80285163,160.921,AAPL,2
2432,2022-08-29,158.488,160.213,157.183,158.718,74543435,158.718,AAPL,2
2433,2022-08-30,159.454,159.879,155.119,156.289,79212691,156.289,AAPL,2
2434,2022-08-31,157.661,157.931,154.547,154.627,89466709,154.627,AAPL,2
2435,2022-09-01,154.059,155.808,152.119,155.355,75474737,155.355,AAPL,2
2436,2022-09-02,157.116,157.717,152.41,153.241,78248356,153.241,AAPL,2
2437,2022-09-06,153.89,154.499,151.154,151.98,74951048,151.98,AAPL,2
2438,2022-09-07,152.271,154.089,151.076,153.388,88916111,153.388,AAPL,2
2439,2022-09-08,152.089,153.78,150.161,151.912,86348027,151.912,AAPL,2
2440,2022-09-09,152.905,155.218,152.197,154.774,69222730,154.774,AAPL,2
2441,2022-09-12,156.959,161.549,156.673,160.734,106716083,160.734,AAPL,2
2442,2022-09-13,157.263,157.893,150.841,151.301,124713577,151.301,AAPL,2
2443,2022-09-14,152.232,154.509,151.076,152.747,89440596,152.747,AAPL,2
2444,2022-09-15,152.099,152.681,148.884,149.857,91998486,149.857,AAPL,2
2445,2022-09-16,148.718,148.855,145.923,148.214,165000272,148.214,AAPL,2
2446,2022-09-19,146.848,152.01,146.64,151.932,82840576,151.932,AAPL,2
2447,2022-09-20,150.871,155.471,150.555,154.31,109495763,154.31,AAPL,2
2448,2022-09-21,154.745,156.121,151.067,151.184,103402255,151.184,AAPL,2
2449,2022-09-22,149.867,151.922,148.419,150.221,88105713,150.221,AAPL,2
2450,2022-09-23,148.698,148.972,146.11,147.95,97640339,147.95,AAPL,2
2451,2022-09-26,147.192,151.232,147.172,148.283,94904719,148.283,AAPL,2
2452,2022-09-27,150.221,152.168,147.472,149.256,85858853,149.256,AAPL,2
2453,2022-09-28,145.205,148.158,142.453,147.368,149151414,147.368,AAPL,2
2454,2022-09-29,143.691,144.3,138.359,140.131,130287127,140.131,AAPL,2
2455,2022-09-30,138.947,140.74,135.724,135.92,127020282,135.92,AAPL,2
2456,2022-10-03,135.93,140.71,135.413,140.101,116228680,140.101,AAPL,2
2457,2022-10-04,142.638,143.81,141.878,143.691,89302982,143.691,AAPL,2
2458,2022-10-05,141.701,144.949,140.651,143.984,80803703,143.984,AAPL,2
2459,2022-10-06,143.406,145.106,142.825,143.033,69549279,143.033,AAPL,2
2460,2022-10-07,140.191,140.74,137.146,137.78,87366538,137.78,AAPL,2
2461,2022-10-10,138.103,139.55,136.287,138.103,76155065,138.103,AAPL,2
2462,2022-10-11,137.592,139.017,135.94,136.686,78325533,136.686,AAPL,2
2463,2022-10-12,136.835,138.044,135.881,136.058,71614924,136.058,AAPL,2
2464,2022-10-13,132.763,141.22,132.153,140.631,115122751,140.631,AAPL,2
2465,2022-10-14,141.927,142.137,135.91,136.097,90083765,136.097,AAPL,2
2466,2022-10-17,138.74,140.542,137.959,140.061,86680604,140.061,AAPL,2
2467,2022-10-18,143.091,144.28,138.289,141.378,100799139,141.378,AAPL,2
2468,2022-10-19,139.354,142.557,139.166,141.488,62794032,141.488,AAPL,2
2469,2022-10-20,140.661,143.482,140.299,141.026,65604028,141.026,AAPL,2
2470,2022-10-21,140.512,145.41,140.298,144.84,88000037,144.84,AAPL,2
2471,2022-10-24,144.757,147.752,143.592,146.986,77256141,146.986,AAPL,2
2472,2022-10-25,147.614,149.975,146.897,149.827,75985557,149.827,AAPL,2
2473,2022-10-26,148.469,149.484,145.599,146.888,89919254,146.888,AAPL,2
2474,2022-10-27,145.628,146.586,141.754,142.414,111011110,142.414,AAPL,2
2475,2022-10-28,145.754,154.902,145.382,153.173,167525451,153.173,AAPL,2
2476,2022-10-31,150.629,151.697,149.414,150.811,99585686,150.811,AAPL,2
2477,2022-11-01,152.522,152.885,146.67,148.167,81727313,148.167,AAPL,2
2478,2022-11-02,146.488,149.66,142.608,142.638,95174381,142.638,AAPL,2
2479,2022-11-03,139.716,140.444,136.462,136.59,99560618,136.59,AAPL,2
2480,2022-11-04,139.978,140.549,132.384,136.324,142939158,136.324,AAPL,2
2481,2022-11-07,135.073,137.078,133.653,136.855,84632434,136.855,AAPL,2
2482,2022-11-08,138.322,139.329,135.446,137.425,91264855,137.425,AAPL,2
2483,2022-11-09,136.442,136.491,132.592,132.864,76048019,132.864,AAPL,2
2484,2022-11-10,139.14,144.688,137.425,144.688,120647085,144.688,AAPL,2
2485,2022-11-11,143.654,147.78,142.224,147.475,95397462,147.475,AAPL,2
2486,2022-11-14,146.757,148.047,145.239,146.077,74481051,146.077,AAPL,2
2487,2022-11-15,149.953,151.306,146.354,147.81,91224104,147.81,AAPL,2
2488,2022-11-16,146.914,147.642,145.1,146.577,65187076,146.577,AAPL,2
2489,2022-11-17,144.253,149.227,143.976,148.479,81602171,148.479,AAPL,2
2490,2022-11-18,150.041,150.43,147.741,149.042,75958468,149.042,AAPL,2
2491,2022-11-21,147.93,148.136,145.519,145.809,59609993,145.809,AAPL,2
2492,2022-11-22,145.929,148.186,144.742,147.949,52585659,147.949,AAPL,2
2493,2022-11-23,147.23,149.575,147.12,148.827,59180941,148.827,AAPL,2
2494,2022-11-25,146.101,146.667,144.934,145.909,35726832,145.909,AAPL,2
2495,2022-11-28,142.984,144.461,141.248,142.076,70392697,142.076,AAPL,2
2496,2022-11-29,142.146,142.657,138.267,139.071,85027481,139.071,AAPL,2
2497,2022-11-30,139.294,146.509,138.462,145.829,113061195,145.829,AAPL,2
2498,2022-12-01,146.008,146.914,144.431,146.106,72325314,146.106,AAPL,2
2499,2022-12-02,143.792,145.799,143.484,145.614,66434799,145.614,AAPL,2
2500,2022-12-05,145.574,148.678,143.604,144.451,69864771,144.451,AAPL,2
2501,2022-12-06,144.889,145.11,139.809,140.787,65703674,140.787,AAPL,2
2502,2022-12-07,140.077,141.238,137.921,138.844,70772921,138.844,AAPL,2
2503,2022-12-08,140.245,141.386,139.001,140.529,63065619,140.529,AAPL,2
2504,2022-12-09,140.227,143.407,138.805,140.047,77245026,140.047,AAPL,2
2505,2022-12-12,140.578,142.354,138.961,142.344,71525668,142.344,AAPL,2
2506,2022-12-13,147.279,147.741,142.096,143.307,95302547,143.307,AAPL,2
2507,2022-12-14,143.19,144.476,139.061,141.081,83532644,141.081,AAPL,2
2508,2022-12-15,139.011,139.691,134.004,134.47,100424414,134.47,AAPL,2
2509,2022-12-16,134.652,135.605,131.743,132.512,162573061,132.512,AAPL,2
2510,2022-12-19,133.102,133.192,129.368,130.403,80793364,130.403,AAPL,2
2511,2022-12-20,129.437,131.269,127.96,130.334,78600986,130.334,AAPL,2
2512,2022-12-21,131.003,134.776,130.777,133.439,87224320,133.439,AAPL,2
2513,2022-12-22,132.356,132.559,128.363,130.264,79026601,130.264,AAPL,2
2514,2022-12-23,128.973,130.448,127.713,129.9,64777618,129.9,AAPL,2
2515,2022-12-27,129.427,129.457,126.806,128.098,70048896,128.098,AAPL,2
2516,2022-12-28,127.743,129.08,123.999,124.167,86727333,124.167,AAPL,2
2517,2022-12-29,126.088,128.541,125.832,127.683,76845792,127.683,AAPL,2
2518,2022-12-30,126.5,128.02,125.537,128.0,78196363,128.0,AAPL,2
2519,2023-01-03,128.343,128.955,122.325,123.212,113808899,123.212,AAPL,2
2520,2023-01-04,125.004,126.743,123.221,124.481,90458019,124.481,AAPL,2
2521,2023-01-05,125.241,125.871,122.905,123.163,82184128,123.163,AAPL,2
2522,2023-01-06,124.138,128.353,123.034,127.693,89078600,127.693,AAPL,2
2523,2023-01-09,128.525,131.429,127.96,128.216,71858778,128.216,AAPL,2
2524,2023-01-10,128.323,129.312,126.218,128.788,64860105,128.788,AAPL,2
2525,2023-01-11,129.299,131.526,128.52,131.507,70506821,131.507,AAPL,2
2526,2023-01-12,131.889,132.264,129.486,131.429,72456496,131.429,AAPL,2
2527,2023-01-13,130.068,132.913,129.704,132.757,58681848,132.757,AAPL,2
2528,2023-01-17,132.824,135.25,132.137,133.92,64606813,133.92,AAPL,2
2529,2023-01-18,134.781,136.551,133.022,133.202,70723898,133.202,AAPL,2
2530,2023-01-19,132.087,134.226,131.782,133.261,59159643,133.261,AAPL,2
2531,2023-01-20,133.271,135.969,132.225,135.822,81433896,135.822,AAPL,2
2532,2023-01-23,136.067,141.184,135.85,139.011,82993766,139.011,AAPL,2
2533,2023-01-24,138.218,141.033,138.213,140.41,67437396,140.41,AAPL,2
2534,2023-01-25,138.795,140.313,136.746,139.751,66792012,139.751,AAPL,2
2535,2023-01-26,141.042,142.106,139.79,141.821,54921308,141.821,AAPL,2
2536,2023-01-27,141.028,145.041,140.955,143.763,71620263,143.763,AAPL,2
2537,2023-01-30,142.8,143.387,140.727,140.876,64981021,140.876,AAPL,2
2538,2023-01-31,140.578,142.194,140.167,142.146,66868255,142.146,AAPL,2
2539,2023-02-01,141.831,144.431,139.22,143.267,78835283,143.267,AAPL,2
2540,2023-02-02,146.687,148.934,145.968,148.578,120124267,148.578,AAPL,2
2541,2023-02-03,145.829,155.042,145.633,152.203,156686004,152.203,AAPL,2
2542,2023-02-06,150.307,150.825,148.538,149.476,70912203,149.476,AAPL,2
2543,2023-02-07,148.399,152.922,148.399,152.352,84579572,152.352,AAPL,2
2544,2023-02-08,151.593,152.282,148.923,149.662,65087408,149.662,AAPL,2
2545,2023-02-09,151.491,152.035,148.186,148.628,56852078,148.628,AAPL,2
2546,2023-02-10,147.463,149.317,147.228,148.994,58228516,148.994,AAPL,2
2547,2023-02-13,148.936,152.199,148.905,151.796,63041107,151.796,AAPL,2
2548,2023-02-14,150.087,151.717,148.846,151.153,62543014,151.153,AAPL,2
2549,2023-02-15,151.065,153.422,150.838,153.256,66558329,153.256,AAPL,2
2550,2023-02-16,151.46,154.241,151.298,151.657,69090848,151.657,AAPL,2
2551,2023-02-17,150.315,150.957,148.837,150.512,59944854,150.512,AAPL,2
2552,2023-02-21,148.195,149.277,146.423,146.496,59664216,146.496,AAPL,2
2553,2023-02-22,146.882,147.948,145.195,146.921,51701932,146.921,AAPL,2
2554,2023-02-23,148.085,148.33,145.274,147.404,49049444,147.404,AAPL,2
2555,2023-02-24,145.145,145.225,143.775,144.75,56220593,144.75,AAPL,2
2556,2023-02-27,145.736,147.178,145.481,145.945,45607691,145.945,AAPL,2
2557,2023-02-28,145.085,147.088,144.868,145.441,51231339,145.441,AAPL,2
2558,2023-03-01,144.868,145.262,143.073,143.369,56230105,143.369,AAPL,2
2559,2023-03-02,142.453,144.75,141.976,143.96,52987561,143.96,AAPL,2
2560,2023-03-03,146.069,149.091,145.363,149.014,71689921,149.014,AAPL,2
2561,2023-03-06,151.732,154.214,151.41,151.777,88743451,151.777,AAPL,2
2562,2023-03-07,151.647,151.971,149.109,149.576,56942660,149.576,AAPL,2
2563,2023-03-08,150.769,151.42,149.802,150.828,47843883,150.828,AAPL,2
2564,2023-03-09,151.509,152.472,148.217,148.578,54562419,148.578,AAPL,2
2565,2023-03-10,148.203,148.925,145.638,146.516,69500782,146.516,AAPL,2
2566,2023-03-13,145.83,151.094,145.726,148.459,85600563,148.459,AAPL,2
2567,2023-03-14,149.258,151.35,148.095,150.552,74693640,150.552,AAPL,2
2568,2023-03-15,149.169,151.197,147.919,150.947,78212620,150.947,AAPL,2
2569,2023-03-16,150.126,154.369,149.616,153.768,77286806,153.768,AAPL,2
2570,2023-03-17,153.996,154.645,152.219,152.929,100284217,152.929,AAPL,2
2571,2023-03-20,152.999,155.711,152.09,155.297,74638425,155.297,AAPL,2
2572,2023-03-21,155.219,157.27,154.449,157.152,74939315,157.152,AAPL,2
2573,2023-03-22,157.171,159.975,155.701,155.721,76726716,155.721,AAPL,2
2574,2023-03-23,156.709,159.391,155.574,156.806,68537575,156.806,AAPL,2
2575,2023-03-24,156.739,158.198,155.741,158.11,60058597,158.11,AAPL,2
2576,2023-03-27,157.805,158.622,155.761,156.166,53099563,156.166,AAPL,2
2577,2023-03-28,155.86,156.372,153.897,155.544,46614827,155.544,AAPL,2
2578,2023-03-29,157.241,158.899,157.221,158.622,52000304,158.622,AAPL,2
2579,2023-03-30,159.372,160.3,159.116,160.191,50171878,160.191,AAPL,2
2580,2023-03-31,160.27,162.796,159.747,162.698,69680576,162.698,AAPL,2
2581,2023-04-03,162.075,164.069,162.027,163.95,57747571,163.95,AAPL,2
2582,2023-04-04,164.371,164.61,162.904,163.418,46904843,163.418,AAPL,2
2583,2023-04-05,162.538,162.845,159.64,161.571,52209146,161.571,AAPL,2
2584,2023-04-06,160.26,162.756,159.835,162.461,46004646,162.461,AAPL,2
2585,2023-04-10,159.265,159.865,157.941,159.865,48362907,159.865,AAPL,2
2586,2023-04-11,160.182,160.191,158.365,158.652,48289258,158.652,AAPL,2
2587,2023-04-12,159.066,159.895,157.646,157.961,50811799,157.961,AAPL,2
2588,2023-04-13,159.47,163.586,159.265,163.348,69372315,163.348,AAPL,2
2589,2023-04-14,162.393,164.099,161.631,163.003,50055110,163.003,AAPL,2
2590,2023-04-17,162.884,163.182,161.838,163.022,42078293,163.022,AAPL,2
2591,2023-04-18,163.881,165.174,163.438,164.247,50598901,164.247,AAPL,2
2592,2023-04-19,163.586,165.915,163.328,165.39,48366235,165.39,AAPL,2
2593,2023-04-20,163.871,165.627,163.348,164.424,53166569,164.424,AAPL,2
2594,2023-04-21,162.845,164.229,162.293,162.815,59127154,162.815,AAPL,2
2595,2023-04-24,162.796,163.388,161.701,163.122,42517524,163.122,AAPL,2
2596,2023-04-25,162.983,164.084,161.542,161.581,49373588,161.581,AAPL,2
2597,2023-04-26,160.877,163.072,160.625,161.571,46114791,161.571,AAPL,2
2598,2023-04-27,162.983,166.308,162.983,166.16,65781023,166.16,AAPL,2
2599,2023-04-28,166.24,167.581,165.637,167.413,56024215,167.413,AAPL,2
2600,2023-05-01,167.019,168.172,166.387,167.325,53183352,167.325,AAPL,2
2601,2023-05-02,167.818,168.074,165.302,166.288,49081317,166.288,AAPL,2
2602,2023-05-03,167.236,168.638,164.928,165.212,66017876,165.212,AAPL,2
2603,2023-05-04,162.688,164.808,162.115,163.576,82335250,163.576,AAPL,2
2604,2023-05-05,168.692,171.971,168.48,171.251,114989181,171.251,AAPL,2
2605,2023-05-08,170.177,171.528,169.81,171.182,56720457,171.182,AAPL,2
2606,2023-05-09,170.738,171.221,169.309,169.477,45940542,169.477,AAPL,2
2607,2023-05-10,170.709,171.707,169.605,171.236,54451861,171.236,AAPL,2
2608,2023-05-11,171.528,172.258,169.869,171.429,50185040,171.429,AAPL,2
2609,2023-05-12,171.538,171.972,168.948,170.501,46085852,170.501,AAPL,2
2610,2023-05-15,171.082,171.132,169.415,170.006,37719028,170.006,AAPL,2
2611,2023-05-16,169.927,171.062,169.737,170.006,42621458,170.006,AAPL,2
2612,2023-05-17,169.651,170.851,168.376,170.619,58655062,170.619,AAPL,2
2613,2023-05-18,170.925,173.138,170.511,172.952,66291703,172.952,AAPL,2
2614,2023-05-19,174.274,174.274,172.842,173.06,56486930,173.06,AAPL,2
2615,2023-05-22,171.892,172.614,171.371,172.111,44099827,172.111,AAPL,2
2616,2023-05-23,171.054,171.301,169.221,169.504,51363270,169.504,AAPL,2
2617,2023-05-24,169.038,170.35,168.476,169.778,45691472,169.778,AAPL,2
2618,2023-05-25,170.341,171.808,169.631,170.915,56738733,170.915,AAPL,2
2619,2023-05-26,171.241,173.663,171.034,173.324,55500601,173.324,AAPL,2
2620,2023-05-30,174.836,176.845,174.454,175.174,56643737,175.174,AAPL,2
2621,2023-05-31,175.199,177.199,174.642,175.124,100834611,175.124,AAPL,2
2622,2023-06-01,175.569,177.959,174.809,177.93,69738189,177.93,AAPL,2
2623,2023-06-02,178.86,179.601,177.109,178.78,62749476,178.78,AAPL,2
2624,2023-06-05,180.441,182.732,175.9,177.426,123426772,177.426,AAPL,2
2625,2023-06-06,177.806,177.959,175.303,177.06,65635550,177.06,AAPL,2
2626,2023-06-07,176.299,179.038,175.194,175.687,62696543,175.687,AAPL,2
2627,2023-06-08,175.761,178.671,175.333,178.403,50824425,178.403,AAPL,2
2628,2023-06-09,179.322,180.042,178.462,178.79,49493556,178.79,AAPL,2
2629,2023-06-12,179.097,181.685,178.8,181.586,55419650,181.586,AAPL,2
2630,2023-06-13,180.608,181.942,180.251,181.111,55595898,181.111,AAPL,2
2631,2023-06-14,181.171,182.179,179.839,181.743,58160407,181.743,AAPL,2
2632,2023-06-15,181.753,184.282,181.576,183.779,66227441,183.779,AAPL,2
2633,2023-06-16,184.49,184.747,182.061,182.702,102485346,182.702,AAPL,2
2634,2023-06-20,182.199,183.867,182.199,182.791,50403589,182.791,AAPL,2
2635,2023-06-21,182.682,183.186,180.401,181.753,50116754,181.753,AAPL,2
2636,2023-06-22,181.536,184.802,181.468,184.757,51867380,184.757,AAPL,2
2637,2023-06-23,183.325,185.31,182.791,184.441,53761768,184.441,AAPL,2
2638,2023-06-26,185.076,185.795,183.01,183.049,48672395,183.049,AAPL,2
2639,2023-06-27,183.66,186.131,183.443,185.805,51346653,185.805,AAPL,2
2640,2023-06-28,185.676,187.623,185.35,186.98,51838507,186.98,AAPL,2
2641,2023-06-29,186.815,187.79,186.675,187.315,46909904,187.315,AAPL,2
2642,2023-06-30,189.331,192.148,188.967,191.642,86247596,191.642,AAPL,2
2643,2023-07-03,191.456,191.554,189.459,190.151,31840060,190.151,AAPL,2
2644,2023-07-05,189.269,190.665,188.335,189.036,47489812,189.036,AAPL,2
2645,2023-07-06,187.565,189.717,186.931,189.509,45704145,189.509,AAPL,2
2646,2023-07-07,189.114,190.359,187.957,188.393,47383271,188.393,AAPL,2
2647,2023-07-10,186.99,187.713,184.792,186.347,60649541,186.347,AAPL,2
2648,2023-07-11,186.891,187.03,184.362,185.825,47204245,185.825,AAPL,2
2649,2023-07-12,187.405,189.4,186.208,187.495,61487678,187.495,AAPL,2
2650,2023-07-13,188.216,188.897,187.505,188.256,41844181,188.256,AAPL,2
2651,2023-07-14,187.947,188.887,187.355,188.403,42121410,188.403,AAPL,2
2652,2023-07-17,189.598,191.991,189.509,191.662,51133408,191.662,AAPL,2
2653,2023-07-18,191.031,192.001,190.107,191.406,48940727,191.406,AAPL,2
2654,2023-07-19,190.784,195.855,190.339,192.761,81484579,192.761,AAPL,2
2655,2023-07-20,192.751,194.113,190.186,190.813,60304435,190.813,AAPL,2
2656,2023-07-21,191.771,192.631,188.937,189.638,72825085,189.638,AAPL,2
2657,2023-07-24,191.091,192.572,189.944,190.439,46057470,190.439,AAPL,2
2658,2023-07-25,191.011,192.11,190.602,191.3,37735771,191.3,AAPL,2
2659,2023-07-26,191.35,193.293,191.001,192.168,48048115,192.168,AAPL,2
2660,2023-07-27,193.669,194.835,190.241,190.901,48036286,190.901,AAPL,2
2661,2023-07-28,192.335,194.269,191.811,193.482,48877639,193.482,AAPL,2
2662,2023-07-31,193.708,194.133,192.918,194.094,39295388,194.094,AAPL,2
2663,2023-08-01,193.881,194.373,192.938,193.258,35709696,193.258,AAPL,2
2664,2023-08-02,192.701,192.841,189.55,190.271,51000989,190.271,AAPL,2
2665,2023-08-03,189.274,190.062,188.403,188.877,62998835,188.877,AAPL,2
2666,2023-08-04,183.295,185.134,179.74,179.809,117364409,179.809,AAPL,2
2667,2023-08-07,179.947,180.932,175.224,176.706,98760518,176.706,AAPL,2
2668,2023-08-08,177.536,178.109,175.45,177.644,68646287,177.644,AAPL,2
2669,2023-08-09,178.701,178.76,174.885,176.054,61111409,176.054,AAPL,2
2670,2023-08-10,177.328,178.582,175.469,175.836,55350679,175.836,AAPL,2
2671,2023-08-11,175.429,176.717,174.668,175.895,52597305,175.895,AAPL,2
2672,2023-08-14,176.073,177.775,175.414,177.548,44146180,177.548,AAPL,2
2673,2023-08-15,176.972,177.568,175.163,175.559,44092574,175.559,AAPL,2
2674,2023-08-16,175.243,176.637,174.62,174.688,47470847,174.688,AAPL,2
2675,2023-08-17,175.253,175.613,171.631,172.146,66774630,172.146,AAPL,2
2676,2023-08-18,170.464,173.233,170.127,172.63,61831207,172.63,AAPL,2
2677,2023-08-21,173.203,174.252,171.882,173.965,46810834,173.965,AAPL,2
2678,2023-08-22,175.173,175.786,174.372,175.342,42537652,175.342,AAPL,2
2679,2023-08-23,176.617,179.615,176.424,179.188,53290776,179.188,AAPL,2
2680,2023-08-24,178.748,179.172,174.133,174.501,55537773,174.501,AAPL,2
2681,2023-08-25,175.489,177.24,173.945,176.707,52003902,176.707,AAPL,2
2682,2023-08-28,178.171,178.665,176.642,178.269,44292812,178.269,AAPL,2
2683,2023-08-29,177.78,182.93,177.587,182.158,53575002,182.158,AAPL,2
2684,2023-08-30,182.97,185.849,182.77,185.649,61469085,185.649,AAPL,2
2685,2023-08-31,185.839,187.104,185.48,185.869,61449455,185.869,AAPL,2
2686,2023-09-01,187.466,187.895,186.271,187.441,46259582,187.441,AAPL,2
2687,2023-09-05,186.271,187.954,185.61,187.679,45767865,187.679,AAPL,2
2688,2023-09-06,186.39,186.839,179.536,180.959,82636637,180.959,AAPL,2
2689,2023-09-07,173.312,176.31,171.691,175.667,113700736,175.667,AAPL,2
2690,2023-09-08,176.449,178.317,175.895,176.281,66308850,176.281,AAPL,2
2691,2023-09-11,178.151,178.378,175.449,177.448,59588201,177.448,AAPL,2
2692,2023-09-12,177.578,178.211,172.957,174.422,91343823,174.422,AAPL,2
2693,2023-09-13,174.63,175.409,172.126,172.354,85175814,172.354,AAPL,2
2694,2023-09-14,172.146,174.222,171.73,173.867,61551836,173.867,AAPL,2
2695,2023-09-15,174.6,174.615,171.967,173.144,110436602,173.144,AAPL,2
2696,2023-09-18,174.6,177.468,174.292,176.073,67982193,176.073,AAPL,2
2697,2023-09-19,175.627,177.715,175.243,177.161,52385315,177.161,AAPL,2
2698,2023-09-20,177.35,177.78,173.531,173.62,59065761,173.62,AAPL,2
2699,2023-09-21,172.689,174.422,172.007,172.077,63829473,172.077,AAPL,2
2700,2023-09-22,172.808,175.192,172.195,172.928,57336533,172.928,AAPL,2
2701,2023-09-25,172.344,175.084,172.294,174.202,46670196,174.202,AAPL,2
2702,2023-09-26,172.957,173.331,169.83,170.127,65284813,170.127,AAPL,2
2703,2023-09-27,170.78,171.196,167.248,168.614,67642810,168.614,AAPL,2
2704,2023-09-28,167.535,170.197,165.834,168.869,56900924,168.869,AAPL,2
2705,2023-09-29,170.187,171.225,168.527,169.386,52419824,169.386,AAPL,2
2706,2023-10-02,169.396,172.442,169.107,171.897,52726545,171.897,AAPL,2
2707,2023-10-03,170.419,171.778,168.999,170.562,50128935,170.562,AAPL,2
2708,2023-10-04,169.267,172.354,169.147,171.808,53591516,171.808,AAPL,2
2709,2023-10-05,171.937,173.58,170.839,173.046,49050748,173.046,AAPL,2
2710,2023-10-06,171.947,176.093,171.335,175.598,57883655,175.598,AAPL,2
2711,2023-10-09,174.924,177.141,173.925,177.081,42847482,177.081,AAPL,2
2712,2023-10-10,176.201,177.804,176.054,176.489,44168813,176.489,AAPL,2
2713,2023-10-11,176.3,177.933,175.706,177.883,48063404,177.883,AAPL,2
2714,2023-10-12,178.151,180.397,177.131,178.784,57354458,178.784,AAPL,2
2715,2023-10-13,179.486,179.99,176.241,176.942,52010459,176.942,AAPL,2
2716,2023-10-16,174.864,177.166,174.63,176.817,53082792,176.817,AAPL,2
2717,2023-10-17,174.762,176.518,172.938,175.263,58169375,175.263,AAPL,2
2718,2023-10-18,173.71,175.682,173.243,173.965,55354396,173.965,AAPL,2
2719,2023-10-19,174.163,175.945,173.321,173.59,59941780,173.59,AAPL,2
2720,2023-10-20,173.441,173.551,170.8,171.037,64936180,171.037,AAPL,2
2721,2023-10-23,169.087,172.156,168.118,171.156,56583228,171.156,AAPL,2
2722,2023-10-24,171.206,171.817,169.623,171.592,44288715,171.592,AAPL,2
2723,2023-10-25,170.048,171.215,168.829,169.277,57772760,169.277,AAPL,2
2724,2023-10-26,168.556,169.551,163.904,165.112,71386161,165.112,AAPL,2
2725,2023-10-27,165.131,167.159,165.052,166.427,59129388,166.427,AAPL,2
2726,2023-10-30,167.219,169.346,167.07,168.476,51681830,168.476,AAPL,2
2727,2023-10-31,167.545,169.077,166.11,168.949,45329179,168.949,AAPL,2
2728,2023-11-01,169.177,172.372,168.306,172.116,57548311,172.116,AAPL,2
2729,2023-11-02,173.65,175.885,173.59,175.677,78167941,175.677,AAPL,2
2730,2023-11-03,172.382,174.934,171.502,174.767,80689311,174.767,AAPL,2
2731,2023-11-06,174.501,177.518,174.332,177.32,64529124,177.32,AAPL,2
2732,2023-11-07,177.27,180.497,177.062,179.884,71289843,179.884,AAPL,2
2733,2023-11-08,180.407,181.495,179.655,180.939,49871864,180.939,AAPL,2
2734,2023-11-09,181.009,182.158,179.874,180.467,54342777,180.467,AAPL,2
2735,2023-11-10,182.25,184.82,181.812,184.655,66802901,184.655,AAPL,2
2736,2023-11-13,184.083,184.289,182.487,183.071,44039533,183.071,AAPL,2
2737,2023-11-14,185.945,186.349,184.556,185.686,60676036,185.686,AAPL,2
2738,2023-11-15,186.088,187.727,186.024,186.25,54298491,186.25,AAPL,2
2739,2023-11-16,187.796,189.174,186.885,187.935,54926786,187.935,AAPL,2
2740,2023-11-17,188.471,188.598,186.808,187.915,51422490,187.915,AAPL,2
2741,2023-11-20,188.113,190.109,188.103,189.659,46978121,189.659,AAPL,2
2742,2023-11-21,189.619,189.728,187.964,188.856,38494623,188.856,AAPL,2
2743,2023-11-22,189.698,191.126,189.04,189.52,40004273,189.52,AAPL,2
2744,2023-11-24,189.085,189.114,187.48,188.193,24275454,188.193,AAPL,2
2745,2023-11-27,188.143,188.886,187.132,188.014,40935583,188.014,AAPL,2
2746,2023-11-28,188.004,189.293,187.629,188.618,38778210,188.618,AAPL,2
2747,2023-11-29,189.114,190.294,187.201,187.599,43420447,187.599,AAPL,2
2748,2023-11-30,188.064,188.54,186.428,188.173,49255176,188.173,AAPL,2
2749,2023-12-01,188.55,189.768,187.46,189.45,46136455,189.45,AAPL,2
2750,2023-12-04,188.203,188.272,185.697,187.659,43799286,187.659,AAPL,2
2751,2023-12-05,188.431,192.581,188.401,191.61,67257630,191.61,AAPL,2
2752,2023-12-06,192.63,192.938,190.313,190.521,41477784,190.521,AAPL,2
2753,2023-12-07,191.818,193.176,191.778,192.451,47926030,192.451,AAPL,2
2754,2023-12-08,192.383,194.156,191.858,193.879,53910723,193.879,AAPL,2
2755,2023-12-11,191.305,191.679,189.629,191.373,61519246,191.373,AAPL,2
2756,2023-12-12,191.275,192.899,189.927,192.889,53194564,192.889,AAPL,2
2757,2023-12-13,193.264,196.148,193.027,196.108,71069074,196.108,AAPL,2
2758,2023-12-14,196.168,197.752,194.326,196.257,67462723,196.257,AAPL,2
2759,2023-12-15,195.682,196.544,195.158,195.722,129752308,195.722,AAPL,2
2760,2023-12-18,194.256,194.79,192.571,194.058,56278377,194.058,AAPL,2
2761,2023-12-19,194.326,195.108,194.058,195.098,41098551,195.098,AAPL,2
2762,2023-12-20,195.058,195.832,193.007,193.007,52736191,193.007,AAPL,2
2763,2023-12-21,194.266,195.236,191.689,192.86,46921526,192.86,AAPL,2
2764,2023-12-22,193.354,193.582,191.165,191.788,37500407,191.788,AAPL,2
2765,2023-12-26,191.798,192.077,191.026,191.245,29192421,191.245,AAPL,2
2766,2023-12-27,190.689,191.689,189.301,191.345,48541816,191.345,AAPL,2
2767,2023-12-28,192.324,192.84,191.364,191.768,34371462,191.768,AAPL,2
2768,2023-12-29,192.087,192.581,189.931,190.729,43075140,190.729,AAPL,2
2769,2024-01-02,185.397,186.678,182.165,183.903,83267691,183.903,AAPL,2
2770,2024-01-03,182.497,184.141,181.714,182.527,58966121,182.527,AAPL,2
2771,2024-01-04,180.447,181.375,179.186,180.207,72663377,180.207,AAPL,2
2772,2024-01-05,180.287,181.049,178.483,179.485,62968769,179.485,AAPL,2
2773,2024-01-08,180.382,183.863,179.803,183.824,59703025,183.824,AAPL,2
2774,2024-01-09,182.2,183.419,181.02,183.409,43246403,183.409,AAPL,2
2775,2024-01-10,182.626,184.655,182.2,184.448,47234815,184.448,AAPL,2
2776,2024-01-11,184.795,185.299,181.902,183.853,49592373,183.853,AAPL,2
2777,2024-01-12,184.319,184.994,183.457,184.18,40860050,184.18,AAPL,2
2778,2024-01-16,180.457,182.537,179.239,181.912,66222590,181.912,AAPL,2
2779,2024-01-17,179.575,181.219,178.613,180.97,47764295,180.97,AAPL,2
2780,2024-01-18,184.349,187.37,184.093,186.865,78742434,186.865,AAPL,2
2781,2024-01-19,187.56,190.154,187.054,189.768,69553699,189.768,AAPL,2
2782,2024-01-22,190.501,193.503,190.462,192.077,60701751,192.077,AAPL,2
2783,2024-01-23,193.195,193.919,192.017,193.354,42755592,193.354,AAPL,2
2784,2024-01-24,193.592,194.542,192.521,192.68,54137805,192.68,AAPL,2
2785,2024-01-25,193.394,194.43,191.307,192.353,55339861,192.353,AAPL,2
2786,2024-01-26,192.451,192.938,190.144,190.62,45015153,190.62,AAPL,2
2787,2024-01-29,190.214,190.402,187.806,189.936,47590861,189.936,AAPL,2
2788,2024-01-30,189.154,190.006,185.716,186.279,56386900,186.279,AAPL,2
2789,2024-01-31,185.291,185.344,182.626,182.674,55991635,182.674,AAPL,2
2790,2024-02-01,182.264,185.201,182.1,185.113,65498181,185.113,AAPL,2
2791,2024-02-02,178.178,185.577,177.574,184.113,103520169,184.113,AAPL,2
2792,2024-02-05,186.388,187.48,184.103,185.926,70326767,185.926,AAPL,2
2793,2024-02-06,185.113,187.54,185.023,187.53,43901482,187.53,AAPL,2
2794,2024-02-07,188.856,189.264,186.847,187.639,53943628,187.639,AAPL,2
2795,2024-02-08,187.614,187.761,185.597,186.558,41348888,186.558,AAPL,2
2796,2024-02-09,187.123,188.453,186.478,187.321,45523567,187.321,AAPL,2
2797,2024-02-12,186.89,187.143,185.279,185.636,42122767,185.636,AAPL,2
2798,2024-02-13,184.267,184.703,182.028,183.542,56990666,183.542,AAPL,2
2799,2024-02-14,183.82,184.03,180.963,182.659,55076163,182.659,AAPL,2
2800,2024-02-15,182.065,182.998,179.884,182.372,65968275,182.372,AAPL,2
2801,2024-02-16,181.936,183.355,180.194,180.835,50158318,180.835,AAPL,2
2802,2024-02-20,180.319,180.953,178.543,180.089,54103327,180.089,AAPL,2
2803,2024-02-21,180.469,181.41,179.197,180.845,41868450,180.845,AAPL,2
2804,2024-02-22,181.995,183.458,180.983,182.878,52718779,182.878,AAPL,2
2805,2024-02-23,183.513,183.542,180.756,181.042,45487739,181.042,AAPL,2
2806,2024-02-26,180.766,181.281,179.187,179.695,41200794,179.695,AAPL,2
2807,2024-02-27,179.635,182.434,178.108,181.152,54761954,181.152,AAPL,2
2808,2024-02-28,181.033,181.639,178.673,179.953,49353278,179.953,AAPL,2
2809,2024-02-29,179.804,181.092,178.078,179.286,137797580,179.286,AAPL,2
2810,2024-03-01,178.098,179.069,175.945,178.207,74163170,178.207,AAPL,2
2811,2024-03-04,174.725,175.468,172.383,173.684,82175016,173.684,AAPL,2
2812,2024-03-05,169.379,170.648,168.247,168.744,95908393,168.744,AAPL,2
2813,2024-03-06,169.676,169.854,167.315,167.752,69147208,167.752,AAPL,2
2814,2024-03-07,167.782,169.349,167.126,167.633,72350481,167.633,AAPL,2
2815,2024-03-08,167.633,172.295,167.574,169.349,76889186,169.349,AAPL,2
2816,2024-03-11,171.541,172.97,170.658,171.353,60630058,171.353,AAPL,2
2817,2024-03-12,171.749,172.622,169.627,171.827,60313394,171.827,AAPL,2
2818,2024-03-13,171.373,171.782,169.379,169.744,52916866,169.744,AAPL,2
2819,2024-03-14,171.511,172.898,170.658,171.6,73508296,171.6,AAPL,2
2820,2024-03-15,169.784,171.223,168.906,171.223,122745892,171.223,AAPL,2
2821,2024-03-18,174.149,176.272,172.116,172.315,76220921,172.315,AAPL,2
2822,2024-03-19,172.93,175.176,171.63,174.655,55665660,174.655,AAPL,2
2823,2024-03-20,174.298,177.224,173.674,177.224,53858898,177.224,AAPL,2
2824,2024-03-21,175.617,176.054,169.458,169.983,107047439,169.983,AAPL,2
2825,2024-03-22,170.37,171.65,168.684,170.885,71740624,170.885,AAPL,2
2826,2024-03-25,169.185,170.549,168.078,169.468,54731182,169.468,AAPL,2
2827,2024-03-26,168.625,170.033,168.207,168.337,57856592,168.337,AAPL,2
2828,2024-03-27,169.031,172.196,168.734,171.907,60764941,171.907,AAPL,2
2829,2024-03-28,170.36,170.837,169.13,170.092,66208412,170.092,AAPL,2
2830,2024-04-01,169.804,169.864,168.103,168.655,46617704,168.655,AAPL,2
2831,2024-04-02,167.712,167.969,166.869,167.474,49731884,167.474,AAPL,2
2832,2024-04-03,167.424,169.3,167.216,168.277,48080757,168.277,AAPL,2
2833,2024-04-04,168.911,170.53,167.454,167.454,54142477,167.454,AAPL,2
2834,2024-04-05,168.217,169.011,167.584,168.207,42448294,168.207,AAPL,2
2835,2024-04-08,167.663,167.831,166.879,167.087,37730809,167.087,AAPL,2
2836,2024-04-09,167.334,168.704,166.988,168.297,42797503,168.297,AAPL,2
2837,2024-04-10,167.434,167.722,165.758,166.422,50114837,166.422,AAPL,2
2838,2024-04-11,166.978,174.039,166.8,173.624,91813176,173.624,AAPL,2
2839,2024-04-12,172.85,176.916,172.8,175.121,102500262,175.121,AAPL,2
2840,2024-04-15,173.94,175.201,171.104,171.293,74131605,171.293,AAPL,2
2841,2024-04-16,170.36,172.355,166.909,168.009,74312531,168.009,AAPL,2
2842,2024-04-17,168.237,169.27,166.64,166.64,51316434,166.64,AAPL,2
2843,2024-04-18,166.67,167.275,165.202,165.688,43474675,165.688,AAPL,2
2844,2024-04-19,164.865,165.054,162.747,163.596,68320632,163.596,AAPL,2
2845,2024-04-22,164.176,165.907,163.437,164.499,48508950,164.499,AAPL,2
2846,2024-04-23,164.012,165.698,163.586,165.549,49941863,165.549,AAPL,2
2847,2024-04-24,165.192,167.93,164.865,167.653,48645447,167.653,AAPL,2
2848,2024-04-25,168.152,169.23,166.791,168.517,50970756,168.517,AAPL,2
2849,2024-04-26,168.507,169.954,167.811,167.93,45204120,167.93,AAPL,2
2850,2024-04-29,171.967,174.607,171.7,172.096,68725508,172.096,AAPL,2
2851,2024-04-30,171.927,173.575,168.625,168.951,66472635,168.951,AAPL,2
2852,2024-05-01,168.207,171.308,167.742,167.93,50794145,167.93,AAPL,2
2853,2024-05-02,171.114,172.012,169.508,171.63,94983469,171.63,AAPL,2
2854,2024-05-03,185.136,185.486,181.182,181.896,164555603,181.896,AAPL,2
2855,2024-05-06,180.878,182.709,178.962,180.239,79210596,180.239,AAPL,2
2856,2024-05-07,181.966,183.405,179.854,180.923,77936389,180.923,AAPL,2
2857,2024-05-08,181.371,181.589,179.982,181.261,45424638,181.261,AAPL,2
2858,2024-05-09,181.082,183.166,180.637,183.077,49382548,183.077,AAPL,2
2859,2024-05-10,183.652,183.841,180.9,181.814,51104249,181.814,AAPL,2
2860,2024-05-13,184.184,185.839,183.375,185.025,72534130,185.025,AAPL,2
2861,2024-05-14,186.244,187.03,185.035,186.166,52749472,186.166,AAPL,2
2862,2024-05-15,186.643,189.364,186.106,188.44,70878138,188.44,AAPL,2
2863,2024-05-16,189.185,189.806,188.38,188.56,53204149,188.56,AAPL,2
2864,2024-05-17,188.232,189.523,187.904,188.589,41563315,188.589,AAPL,2
2865,2024-05-20,188.048,190.624,187.735,189.751,44662573,189.751,AAPL,2
2866,2024-05-21,189.801,191.429,189.632,191.053,42596762,191.053,AAPL,2
2867,2024-05-22,190.968,191.521,188.987,189.612,34883876,189.612,AAPL,2
2868,2024-05-23,189.692,189.711,185.364,185.619,51352351,185.619,AAPL,2
2869,2024-05-24,187.547,189.294,186.773,188.698,36573704,188.698,AAPL,2
2870,2024-05-28,190.219,191.698,187.824,188.708,52635132,188.708,AAPL,2
2871,2024-05-29,188.331,190.95,188.232,189.006,53428448,189.006,AAPL,2
2872,2024-05-30,189.473,190.883,189.344,189.999,50287182,189.999,AAPL,2
2873,2024-05-31,190.149,191.272,188.629,190.953,75668744,190.953,AAPL,2
2874,2024-06-03,191.598,193.674,191.222,192.721,50420680,192.721,AAPL,2
2875,2024-06-04,193.322,194.003,191.731,193.039,47793867,193.039,AAPL,2
2876,2024-06-05,194.083,195.571,193.555,194.548,54524612,194.548,AAPL,2
2877,2024-06-06,194.366,195.175,192.861,193.169,41461455,193.169,AAPL,2
2878,2024-06-07,193.337,195.611,192.831,195.561,53464589,195.561,AAPL,2
2879,2024-06-10,195.571,195.968,190.853,191.817,97922672,191.817,AAPL,2
2880,2024-06-11,192.343,205.763,192.324,205.754,173544040,205.754,AAPL,2
2881,2024-06-12,205.97,218.715,205.505,211.634,199480004,211.634,AAPL,2
2882,2024-06-13,213.292,215.286,210.172,212.794,98527404,212.794,AAPL,2
2883,2024-06-14,212.408,213.718,209.875,211.056,70599014,211.056,AAPL,2
2884,2024-06-17,211.931,217.473,211.284,215.209,94364893,215.209,AAPL,2
2885,2024-06-18,216.121,217.154,211.564,212.844,80486221,212.844,AAPL,2
2886,2024-06-20,212.488,212.794,207.441,208.265,86757726,208.265,AAPL,2
2887,2024-06-21,208.97,210.46,205.714,206.09,248095025,206.09,AAPL,2
2888,2024-06-24,206.319,211.265,205.196,206.736,81275296,206.736,AAPL,2
2889,2024-06-25,207.739,209.953,207.203,207.659,57099062,207.659,AAPL,2
2890,2024-06-26,210.072,213.412,209.218,211.811,66662900,211.811,AAPL,2
2891,2024-06-27,213.242,214.284,210.917,212.655,50110758,212.655,AAPL,2
2892,2024-06-28,214.315,214.612,208.883,209.198,83103341,209.198,AAPL,2
2893,2024-07-01,210.66,216.044,210.49,215.286,60813180,215.286,AAPL,2
2894,2024-07-02,214.692,218.893,213.648,218.783,58440422,218.783,AAPL,2
2895,2024-07-03,218.516,220.056,217.553,220.056,37623613,220.056,AAPL,2
2896,2024-07-05,220.156,224.921,220.156,224.814,60822723,224.814,AAPL,2
2897,2024-07-08,225.558,226.314,221.744,226.284,59487167,226.284,AAPL,2
2898,2024-07-09,226.392,227.853,224.846,227.138,48496987,227.138,AAPL,2
2899,2024-07-10,227.753,231.509,227.703,231.409,63053048,231.409,AAPL,2
2900,2024-07-11,229.828,230.822,224.247,226.035,65150125,226.035,AAPL,2
2901,2024-07-12,227.376,231.07,227.138,228.984,53406814,228.984,AAPL,2
2902,2024-07-15,234.884,235.63,231.519,232.819,63056637,232.819,AAPL,2
2903,2024-07-16,233.414,234.677,230.762,233.237,43527921,233.237,AAPL,2
2904,2024-07-17,227.903,229.898,225.111,227.336,57735372,227.336,AAPL,2
2905,2024-07-18,228.726,228.885,220.77,222.667,66483086,222.667,AAPL,2
2906,2024-07-19,223.304,225.27,221.769,222.797,49485285,222.797,AAPL,2
2907,2024-07-22,225.479,226.244,221.585,222.449,48529217,222.449,AAPL,2
2908,2024-07-23,222.852,225.409,221.179,223.491,40231666,223.491,AAPL,2
2909,2024-07-24,222.489,223.284,215.666,217.066,62197163,217.066,AAPL,2
2910,2024-07-25,217.453,219.361,213.172,216.024,51740242,216.024,AAPL,2
2911,2024-07-26,217.224,218.009,214.552,216.49,41883897,216.49,AAPL,2
2912,2024-07-29,215.496,217.821,214.295,216.768,36558404,216.768,AAPL,2
2913,2024-07-30,217.712,218.838,214.662,217.323,41926681,217.323,AAPL,2
2914,2024-07-31,219.946,222.309,219.142,220.581,50376103,220.581,AAPL,2
2915,2024-08-01,222.857,222.966,215.556,216.888,62925496,216.888,AAPL,2
2916,2024-08-02,217.672,224.078,216.24,218.377,106285571,218.377,AAPL,2
2917,2024-08-05,197.746,212.059,194.677,207.859,120360552,207.859,AAPL,2
2918,2024-08-06,203.915,208.573,199.714,205.832,70133615,205.832,AAPL,2
2919,2024-08-07,205.505,212.198,204.997,208.404,63947814,208.404,AAPL,2
2920,2024-08-08,211.673,212.754,207.421,211.871,47481463,211.871,AAPL,2
2921,2024-08-09,210.67,215.316,210.54,214.782,42488275,214.782,AAPL,2
2922,2024-08-12,214.862,218.281,214.392,216.312,38242110,216.312,AAPL,2
2923,2024-08-13,217.785,220.648,217.785,220.032,44403834,220.032,AAPL,2
2924,2024-08-14,219.336,221.782,218.471,220.479,42196724,220.479,AAPL,2
2925,2024-08-15,223.343,224.089,221.513,223.461,46675227,223.461,AAPL,2
2926,2024-08-16,222.666,225.558,222.398,224.786,44589783,224.786,AAPL,2
2927,2024-08-19,224.456,224.726,221.792,224.626,40916800,224.626,AAPL,2
2928,2024-08-20,224.506,225.898,224.188,225.243,30469554,225.243,AAPL,2
2929,2024-08-21,225.252,226.703,223.791,225.133,34961137,225.133,AAPL,2
2930,2024-08-22,226.515,227.062,222.646,223.274,43941234,223.274,AAPL,2
2931,2024-08-23,224.395,226.943,223.075,225.571,38894922,225.571,AAPL,2
2932,2024-08-26,225.491,226.008,222.636,225.908,30774435,225.908,AAPL,2
2933,2024-08-27,224.731,227.568,223.631,226.753,36136796,226.753,AAPL,2
2934,2024-08-28,226.645,228.573,224.416,225.223,38266321,225.223,AAPL,2
2935,2024-08-29,228.812,231.616,227.598,228.503,52198422,228.503,AAPL,2
2936,2024-08-30,228.901,229.111,226.207,227.718,53288998,227.718,AAPL,2
2937,2024-09-03,227.271,227.718,219.932,221.523,50473043,221.523,AAPL,2
2938,2024-09-04,220.419,220.538,216.262,219.614,44086925,219.614,AAPL,2
2939,2024-09-05,220.384,224.218,220.281,221.136,36821466,221.136,AAPL,2
2940,2024-09-06,222.696,223.98,218.54,219.584,48695532,219.584,AAPL,2
2941,2024-09-09,219.584,220.032,215.497,219.673,67558049,219.673,AAPL,2
2942,2024-09-10,217.695,220.242,215.517,218.878,51881383,218.878,AAPL,2
2943,2024-09-11,220.217,221.841,216.671,221.413,44838004,221.413,AAPL,2
2944,2024-09-12,221.255,222.299,218.59,221.523,37709262,221.523,AAPL,2
2945,2024-09-13,222.328,222.786,220.668,221.255,36973538,221.255,AAPL,2
2946,2024-09-16,215.327,216.005,212.722,215.109,59691486,215.109,AAPL,2
2947,2024-09-17,214.542,215.687,213.3,215.577,45775518,215.577,AAPL,2
2948,2024-09-18,216.332,221.463,216.322,219.455,60232012,219.455,AAPL,2
2949,2024-09-19,223.731,228.533,223.372,227.588,67157155,227.588,AAPL,2
2950,2024-09-20,228.682,231.785,226.347,226.923,320473399,226.923,AAPL,2
2951,2024-09-23,226.068,228.166,224.546,225.203,54450752,225.203,AAPL,2
2952,2024-09-24,227.366,228.066,224.466,226.098,43801198,226.098,AAPL,2
2953,2024-09-25,223.671,226.018,222.766,225.103,42546825,225.103,AAPL,2
2954,2024-09-26,226.028,227.221,224.148,226.247,36842895,226.247,AAPL,2
2955,2024-09-27,227.181,228.236,226.028,226.515,34217462,226.515,AAPL,2
2956,2024-09-30,228.752,231.696,228.366,231.696,55101764,231.696,AAPL,2
2957,2024-10-01,228.236,228.366,222.488,224.943,63641211,224.943,AAPL,2
2958,2024-10-02,224.626,226.098,221.772,225.511,33065654,225.511,AAPL,2
2959,2024-10-03,223.881,225.536,222.071,224.406,34235755,224.406,AAPL,2
2960,2024-10-04,226.625,226.723,222.876,225.531,37555273,225.531,AAPL,2
2961,2024-10-07,223.244,224.426,220.092,220.449,39727687,220.449,AAPL,2
2962,2024-10-08,223.045,224.716,222.001,224.506,32034974,224.506,AAPL,2
2963,2024-10-09,223.97,228.465,223.571,228.256,33780139,228.256,AAPL,2
2964,2024-10-10,226.505,228.216,225.898,227.758,28342159,227.758,AAPL,2
2965,2024-10-11,228.016,228.126,226.068,226.277,31937926,226.277,AAPL,2
2966,2024-10-14,227.421,230.433,227.321,230.006,40106538,230.006,AAPL,2
2967,2024-10-15,232.303,236.161,231.069,232.541,65115783,232.541,AAPL,2
2968,2024-10-16,230.303,230.821,228.553,230.483,34274052,230.483,AAPL,2
2969,2024-10-17,232.123,232.541,229.231,230.851,33179496,230.851,AAPL,2
2970,2024-10-18,234.857,234.857,232.7,233.685,46692784,233.685,AAPL,2
2971,2024-10-21,233.138,235.524,233.138,235.157,36458507,235.157,AAPL,2
2972,2024-10-22,232.576,234.897,231.298,234.541,39065203,234.541,AAPL,2
2973,2024-10-23,232.77,233.828,226.485,229.468,52581246,229.468,AAPL,2
2974,2024-10-24,228.692,229.527,227.132,229.281,31284584,229.281,AAPL,2
2975,2024-10-25,228.455,231.915,228.286,230.116,39020680,230.116,AAPL,2
2976,2024-10-28,232.014,233.416,231.248,232.093,36290230,232.093,AAPL,2
2977,2024-10-29,231.795,233.013,231.02,232.363,35616572,232.363,AAPL,2
2978,2024-10-30,231.308,232.163,228.266,228.812,47335819,228.812,AAPL,2
2979,2024-10-31,228.056,228.543,224.108,224.646,64732356,224.646,AAPL,2
2980,2024-11-01,219.728,224.089,219.037,221.662,65644114,221.662,AAPL,2
2981,2024-11-04,219.753,221.543,218.481,220.767,45197412,220.767,AAPL,2
2982,2024-11-05,220.553,222.696,219.902,222.2,28269546,222.2,AAPL,2
2983,2024-11-06,221.364,224.801,219.952,221.473,54868187,221.473,AAPL,2
2984,2024-11-07,223.367,226.6,223.314,226.207,42374838,226.207,AAPL,2
2985,2024-11-08,226.148,227.63,225.386,225.938,38502175,225.938,AAPL,2
2986,2024-11-11,223.988,224.684,220.503,223.221,42195582,223.221,AAPL,2
2987,2024-11-12,223.538,224.574,222.349,223.221,40581010,223.221,AAPL,2
2988,2024-11-13,223.002,225.629,221.757,224.107,48785869,224.107,AAPL,2
2989,2024-11-14,224.008,227.84,223.988,227.192,45127121,227.192,AAPL,2
2990,2024-11-15,225.381,225.898,223.261,223.988,48140443,223.988,AAPL,2
2991,2024-11-18,224.236,228.705,224.156,226.994,44888123,226.994,AAPL,2
2992,2024-11-19,225.958,229.124,225.639,227.252,36375550,227.252,AAPL,2
2993,2024-11-20,227.034,228.894,224.873,227.968,35328629,227.968,AAPL,2
2994,2024-11-21,227.85,229.119,224.694,227.491,42298772,227.491,AAPL,2
2995,2024-11-22,227.034,229.681,227.034,228.835,38340877,228.835,AAPL,2
2996,2024-11-25,230.418,232.195,228.705,231.821,90560571,231.821,AAPL,2
2997,2024-11-26,232.28,234.51,232.28,234.001,46194172,234.001,AAPL,2
2998,2024-11-27,233.409,234.629,232.757,233.872,33649943,233.872,AAPL,2
2999,2024-11-29,233.747,236.74,232.916,236.262,28610190,236.262,AAPL,2
3000,2024-12-02,236.202,239.707,236.093,238.512,48354814,238.512,AAPL,2
3001,2024-12-03,238.731,241.666,237.824,241.559,39036775,241.559,AAPL,2
3002,2024-12-04,241.776,243.011,240.163,241.915,44584672,241.915,AAPL,2
3003,2024-12-05,242.892,243.438,241.039,241.945,40214941,241.945,AAPL,2
3004,2024-12-06,241.811,243.528,240.989,241.746,37037375,241.746,AAPL,2
3005,2024-12-09,240.742,246.126,240.662,245.639,44851168,245.639,AAPL,2
3006,2024-12-10,245.779,247.091,244.236,246.655,37081762,246.655,AAPL,2
3007,2024-12-11,246.845,249.671,245.152,245.38,45410268,245.38,AAPL,2
3008,2024-12-12,245.779,247.621,244.574,246.845,32925776,246.845,AAPL,2
3009,2024-12-13,246.7,248.167,245.132,247.012,33305242,247.012,AAPL,2
3010,2024-12-16,246.875,250.248,246.535,249.91,51928555,249.91,AAPL,2
3011,2024-12-17,248.954,252.687,248.656,252.338,51588632,252.338,AAPL,2
3012,2024-12-18,251.025,253.135,246.625,246.934,57030876,246.934,AAPL,2
3013,2024-12-19,246.385,250.865,245.984,248.666,61157618,248.666,AAPL,2
3014,2024-12-20,246.924,253.852,244.584,253.344,148162352,253.344,AAPL,2
3015,2024-12-23,253.623,254.499,252.308,254.121,41043567,254.121,AAPL,2
3016,2024-12-24,254.339,257.047,254.141,257.037,23339789,257.037,AAPL,2
3017,2024-12-26,257.027,258.929,256.47,257.854,27386286,257.854,AAPL,2
3018,2024-12-27,256.669,257.535,251.921,254.439,42546883,254.439,AAPL,2
3019,2024-12-30,251.095,252.358,249.621,251.065,35718359,251.065,AAPL,2
3020,2024-12-31,251.304,252.141,248.307,249.292,39659279,249.292,AAPL,2
3021,2019-01-02,73.26,77.668,73.0465,76.9565,159662060,76.9565,AMZN,3
3022,2019-01-03,76.0005,76.9,74.8555,75.014,139511440,75.014,AMZN,3
3023,2019-01-04,76.5,79.7,75.9155,78.7695,183651500,78.7695,AMZN,3
3024,2019-01-07,80.1155,81.728,79.4595,81.4755,159864260,81.4755,AMZN,3
3025,2019-01-08,83.2345,83.8305,80.8305,82.829,177628560,82.829,AMZN,3
3026,2019-01-09,82.649,83.39,82.07,82.971,126976020,82.971,AMZN,3
3027,2019-01-10,82.0505,83.1625,81.081,82.811,130153860,82.811,AMZN,3
3028,2019-01-11,82.0275,83.0145,81.811,82.028,93724440,82.028,AMZN,3
3029,2019-01-14,80.75,82.41,79.7575,80.8605,120117760,80.8605,AMZN,3
3030,2019-01-15,81.6,83.758,81.3005,83.728,119970200,83.728,AMZN,3
3031,2019-01-16,84.211,85.25,83.794,84.189,127337280,84.189,AMZN,3
3032,2019-01-17,84.0,85.0085,83.875,84.661,84177500,84.661,AMZN,3
3033,2019-01-18,85.6,85.81,84.577,84.81,120410060,84.81,AMZN,3
3034,2019-01-22,84.05,84.0935,80.51,81.6085,128335920,81.6085,AMZN,3
3035,2019-01-23,82.8,82.8715,80.6,82.001,104504240,82.001,AMZN,3
3036,2019-01-24,82.0535,82.863,81.589,82.7465,81798860,82.7465,AMZN,3
3037,2019-01-25,83.525,84.174,83.0805,83.5285,99193580,83.5285,AMZN,3
3038,2019-01-28,82.1795,82.25,80.7045,81.8945,96754220,81.8945,AMZN,3
3039,2019-01-29,81.5635,81.619,79.536,79.694,92655640,79.694,AMZN,3
3040,2019-01-30,81.15,83.8475,80.984,83.5215,115676440,83.5215,AMZN,3
3041,2019-01-31,84.6425,86.8205,83.954,85.9365,218206760,85.9365,AMZN,3
3042,2019-02-01,81.944,83.653,81.1005,81.3115,230124260,81.3115,AMZN,3
3043,2019-02-04,81.15,82.4815,80.675,81.6655,98583740,81.6655,AMZN,3
3044,2019-02-05,82.167,83.263,82.125,82.9405,89062100,82.9405,AMZN,3
3045,2019-02-06,83.5375,83.613,81.667,82.013,78797660,82.013,AMZN,3
3046,2019-02-07,81.25,81.277,79.6455,80.7185,92531780,80.7185,AMZN,3
3047,2019-02-08,79.3,79.4295,78.338,79.411,113149140,79.411,AMZN,3
3048,2019-02-11,80.049,80.4645,79.3,79.55,66346560,79.55,AMZN,3
3049,2019-02-12,80.2,81.97,79.944,81.9005,97172080,81.9005,AMZN,3
3050,2019-02-13,82.35,82.819,81.8555,82.0,71206420,82.0,AMZN,3
3051,2019-02-14,81.225,81.895,80.303,81.1325,82410480,81.1325,AMZN,3
3052,2019-02-15,81.393,81.4455,80.225,80.3975,86877860,80.3975,AMZN,3
3053,2019-02-19,80.05,81.7,80.028,81.379,73633120,81.379,AMZN,3
3054,2019-02-20,81.5,81.7465,80.506,81.105,66751780,81.105,AMZN,3
3055,2019-02-21,80.9925,81.178,80.0455,80.972,69667840,80.972,AMZN,3
3056,2019-02-22,81.175,81.747,81.0585,81.578,61923820,81.578,AMZN,3
3057,2019-02-25,82.0725,82.73,81.5195,81.65,63689240,81.65,AMZN,3
3058,2019-02-26,81.299,81.9995,80.8065,81.82,53316300,81.82,AMZN,3
3059,2019-02-27,81.409,82.0905,80.755,82.0545,62976480,82.0545,AMZN,3
3060,2019-02-28,81.7625,82.5885,81.6915,81.9915,60517820,81.9915,AMZN,3
3061,2019-03-01,82.7565,83.713,82.55,83.5865,99497540,83.5865,AMZN,3
3062,2019-03-04,84.25,85.4715,83.718,84.8085,123347160,84.8085,AMZN,3
3063,2019-03-05,85.1475,85.39,84.4505,84.6215,73630440,84.6215,AMZN,3
3064,2019-03-06,84.7985,84.8875,83.414,83.4475,79920020,83.4475,AMZN,3
3065,2019-03-07,83.3685,83.4875,81.0255,81.2975,99140340,81.2975,AMZN,3
3066,2019-03-08,80.2005,81.136,79.3285,81.04,93340280,81.04,AMZN,3
3067,2019-03-11,81.306,83.6145,81.3005,83.531,77527040,83.531,AMZN,3
3068,2019-03-12,83.45,84.2135,83.049,83.655,72289960,83.655,AMZN,3
3069,2019-03-13,84.15,85.0,83.9675,84.5405,71040820,84.5405,AMZN,3
3070,2019-03-14,84.56,85.1,84.217,84.311,58932360,84.311,AMZN,3
3071,2019-03-15,85.15,85.94,84.6565,85.618,151017400,85.618,AMZN,3
3072,2019-03-18,85.635,87.5,85.6315,87.1075,108581160,87.1075,AMZN,3
3073,2019-03-19,87.6755,89.208,87.6755,88.0925,127283220,88.0925,AMZN,3
3074,2019-03-20,88.497,89.975,88.3515,89.8635,125312660,89.8635,AMZN,3
3075,2019-03-21,89.813,91.1875,89.364,90.963,115355940,90.963,AMZN,3
3076,2019-03-22,90.5085,90.949,88.1555,88.2385,127259660,88.2385,AMZN,3
3077,2019-03-25,87.8895,89.134,87.375,88.713,102076060,88.713,AMZN,3
3078,2019-03-26,89.65,90.2885,88.668,89.188,97317600,89.188,AMZN,3
3079,2019-03-27,89.2065,89.375,87.284,88.285,86496020,88.285,AMZN,3
3080,2019-03-28,88.5,88.8965,87.6735,88.671,60859160,88.671,AMZN,3
3081,2019-03-29,89.329,89.643,88.8315,89.0375,66415860,89.0375,AMZN,3
3082,2019-04-01,90.0055,90.7835,89.9365,90.7095,84775040,90.7095,AMZN,3
3083,2019-04-02,90.551,91.0,90.256,90.699,68962300,90.699,AMZN,3
3084,2019-04-03,91.336,91.5,90.481,91.035,79611800,91.035,AMZN,3
3085,2019-04-04,91.0325,91.4375,90.21,90.943,72477340,90.943,AMZN,3
3086,2019-04-05,91.45,91.929,91.2595,91.864,72809520,91.864,AMZN,3
3087,2019-04-08,91.6615,92.51,91.2555,92.493,75056820,92.493,AMZN,3
3088,2019-04-09,92.2745,92.6545,91.589,91.792,74287360,91.792,AMZN,3
3089,2019-04-10,92.05,92.4,91.4405,92.3665,59279460,92.3665,AMZN,3
3090,2019-04-11,92.435,92.4975,92.0155,92.2035,53096840,92.2035,AMZN,3
3091,2019-04-12,92.42,92.575,92.065,92.153,62288260,92.153,AMZN,3
3092,2019-04-15,92.1,92.3425,90.945,92.2435,74488460,92.2435,AMZN,3
3093,2019-04-16,92.5675,93.4885,92.4,93.152,60892360,93.152,AMZN,3
3094,2019-04-17,93.6495,93.8235,93.022,93.241,57870340,93.241,AMZN,3
3095,2019-04-18,93.4395,93.541,92.974,93.0845,54997640,93.0845,AMZN,3
3096,2019-04-22,92.77,94.421,92.282,94.3655,67476140,94.3655,AMZN,3
3097,2019-04-23,94.56,96.463,94.479,96.1885,92808820,96.1885,AMZN,3
3098,2019-04-24,96.25,96.4845,94.908,95.0875,73515620,95.0875,AMZN,3
3099,2019-04-25,95.85,96.1225,95.0155,95.1125,121984020,95.1125,AMZN,3
3100,2019-04-26,96.45,97.55,94.9,97.5315,168651260,97.5315,AMZN,3
3101,2019-04-29,97.45,97.817,96.7045,96.9215,80425100,96.9215,AMZN,3
3102,2019-04-30,96.505,96.7855,95.3475,96.326,70120140,96.326,AMZN,3
3103,2019-05-01,96.6545,97.182,95.5275,95.576,62339280,95.576,AMZN,3
3104,2019-05-02,95.6665,96.0775,94.0935,95.041,79258300,95.041,AMZN,3
3105,2019-05-03,97.45,98.22,96.8,98.123,127631280,98.123,AMZN,3
3106,2019-05-06,95.899,97.95,95.525,97.5275,108356820,97.5275,AMZN,3
3107,2019-05-07,96.9995,97.455,95.169,96.05,118042680,96.05,AMZN,3
3108,2019-05-08,95.9435,96.7685,95.5,95.8885,81571360,95.8885,AMZN,3
3109,2019-05-09,95.0,95.47,93.8,94.9935,106165260,94.9935,AMZN,3
3110,2019-05-10,94.9,95.1895,92.8,94.499,114359880,94.499,AMZN,3
3111,2019-05-13,91.828,92.327,90.9,91.134,115668200,91.134,AMZN,3
3112,2019-05-14,91.975,92.622,90.7875,92.006,92582140,92.006,AMZN,3
3113,2019-05-15,91.3975,93.7215,91.15,93.5575,93852840,93.5575,AMZN,3
3114,2019-05-16,94.297,95.8755,94.1145,95.3785,94156440,95.3785,AMZN,3
3115,2019-05-17,94.6525,95.5265,93.3665,93.45,94732360,93.45,AMZN,3
3116,2019-05-20,92.6345,93.389,91.777,92.9485,75963960,92.9485,AMZN,3
3117,2019-05-21,93.7395,93.95,92.3,92.876,80102440,92.876,AMZN,3
3118,2019-05-22,92.589,93.5745,92.55,92.984,58732020,92.984,AMZN,3
3119,2019-05-23,91.8295,92.2,90.21,90.774,88485300,90.774,AMZN,3
3120,2019-05-24,91.7945,92.088,90.8925,91.164,67393460,91.164,AMZN,3
3121,2019-05-28,91.6375,92.4635,91.3675,91.8215,63999300,91.8215,AMZN,3
3122,2019-05-29,91.156,91.5,90.3765,90.9595,85580500,90.9595,AMZN,3
3123,2019-05-30,91.2745,91.4735,90.3915,90.816,62937000,90.816,AMZN,3
3124,2019-05-31,89.5005,89.7795,88.635,88.7535,92376380,88.7535,AMZN,3
3125,2019-06-03,88.0005,88.3145,83.6,84.6345,181974160,84.6345,AMZN,3
3126,2019-06-04,84.962,86.541,84.0445,86.478,113582420,86.478,AMZN,3
3127,2019-06-05,87.48,87.6,85.7625,86.925,84795640,86.925,AMZN,3
3128,2019-06-06,86.8855,88.0,86.3065,87.718,73785440,87.718,AMZN,3
3129,2019-06-07,88.185,90.3125,87.9745,90.2015,96164920,90.2015,AMZN,3
3130,2019-06-10,91.1,94.2435,90.9,93.0315,107420140,93.0315,AMZN,3
3131,2019-06-11,94.1625,94.685,92.9,93.185,80853880,93.185,AMZN,3
3132,2019-06-12,92.699,93.25,92.219,92.766,53566700,92.766,AMZN,3
3133,2019-06-13,93.336,94.1545,93.111,93.515,55916200,93.515,AMZN,3
3134,2019-06-14,93.2,93.8,92.95,93.4835,57023260,93.4835,AMZN,3
3135,2019-06-17,93.825,94.7845,93.7725,94.3015,52686840,94.3015,AMZN,3
3136,2019-06-18,95.0675,96.0835,94.9895,95.0685,77914560,95.0685,AMZN,3
3137,2019-06-19,95.392,95.979,94.6235,95.4395,57906940,95.4395,AMZN,3
3138,2019-06-20,96.6665,96.76,95.29,95.9095,64343060,95.9095,AMZN,3
3139,2019-06-21,95.805,96.2975,95.379,95.565,78671520,95.565,AMZN,3
3140,2019-06-24,95.633,95.843,95.065,95.695,45659380,95.695,AMZN,3
3141,2019-06-25,95.592,95.8195,93.621,93.9135,60246940,93.9135,AMZN,3
3142,2019-06-26,94.624,95.19,94.366,94.8915,48838200,94.8915,AMZN,3
3143,2019-06-27,95.1,95.562,94.902,95.214,42834420,95.214,AMZN,3
3144,2019-06-28,95.455,95.647,94.2,94.6815,60747160,94.6815,AMZN,3
3145,2019-07-01,96.149,96.491,95.733,96.1095,64066940,96.1095,AMZN,3
3146,2019-07-02,95.969,96.7395,95.3315,96.7155,53025980,96.7155,AMZN,3
3147,2019-07-03,96.7945,97.0795,96.525,96.95,33805880,96.95,AMZN,3
3148,2019-07-05,96.43,97.295,96.265,97.1455,52567180,97.1455,AMZN,3
3149,2019-07-08,96.706,97.8,96.4125,97.616,57667420,97.616,AMZN,3
3150,2019-07-09,97.39,99.5005,97.174,99.415,86913960,99.415,AMZN,3
3151,2019-07-10,99.8255,101.247,99.77,100.87,98638040,100.87,AMZN,3
3152,2019-07-11,101.281,101.79,99.765,100.054,86355320,100.054,AMZN,3
3153,2019-07-12,100.414,100.85,100.194,100.55,50185940,100.55,AMZN,3
3154,2019-07-15,101.07,101.145,100.078,101.05,59626860,101.05,AMZN,3
3155,2019-07-16,100.529,101.316,100.061,100.495,52363960,100.495,AMZN,3
3156,2019-07-17,100.352,100.6,99.6015,99.6015,51176180,99.6015,AMZN,3
3157,2019-07-18,98.895,99.375,97.5775,98.895,70085040,98.895,AMZN,3
3158,2019-07-19,99.5605,99.8,98.1115,98.226,63712240,98.226,AMZN,3
3159,2019-07-22,98.557,99.45,97.913,99.2815,58162220,99.2815,AMZN,3
3160,2019-07-23,99.7995,99.8895,98.6565,99.7245,54069600,99.7245,AMZN,3
3161,2019-07-24,98.465,100.065,98.2935,100.04,52626000,100.04,AMZN,3
3162,2019-07-25,100.05,100.06,98.636,98.691,82729220,98.691,AMZN,3
3163,2019-07-26,97.1,97.545,96.2255,97.1525,98542860,97.1525,AMZN,3
3164,2019-07-29,96.5,96.6115,94.527,95.6225,89863800,95.6225,AMZN,3
3165,2019-07-30,94.556,95.4945,94.174,94.9265,58217760,94.9265,AMZN,3
3166,2019-07-31,94.9055,94.9775,92.472,93.339,89414540,93.339,AMZN,3
3167,2019-08-01,93.586,94.896,92.2005,92.766,94266220,92.766,AMZN,3
3168,2019-08-02,92.2535,92.318,90.401,91.162,99124500,91.162,AMZN,3
3169,2019-08-05,88.511,89.4335,87.439,88.2565,121164240,88.2565,AMZN,3
3170,2019-08-06,89.3915,89.6885,87.67,89.3915,101405160,89.3915,AMZN,3
3171,2019-08-07,88.6995,89.9465,87.85,89.67,90537680,89.67,AMZN,3
3172,2019-08-08,90.3,91.713,89.9055,91.6445,74024840,91.6445,AMZN,3
3173,2019-08-09,91.4475,91.5545,90.111,90.379,57595400,90.379,AMZN,3
3174,2019-08-12,89.7995,90.049,88.85,89.246,58109960,89.246,AMZN,3
3175,2019-08-13,89.15,91.587,89.0,91.217,81500420,91.217,AMZN,3
3176,2019-08-14,89.6505,89.7825,87.861,88.148,97872980,88.148,AMZN,3
3177,2019-08-15,89.0995,89.4,88.098,88.806,76198960,88.806,AMZN,3
3178,2019-08-16,89.6445,90.1455,89.2275,89.6285,61084800,89.6285,AMZN,3
3179,2019-08-19,90.904,91.3,90.6305,90.806,56406060,90.806,AMZN,3
3180,2019-08-20,90.725,90.841,89.994,90.069,38656700,90.069,AMZN,3
3181,2019-08-21,90.9695,91.479,90.75,91.177,40784620,91.177,AMZN,3
3182,2019-08-22,91.4,91.4705,90.005,90.28,53167760,90.28,AMZN,3
3183,2019-08-23,89.6515,90.245,87.2615,87.481,105557960,87.481,AMZN,3
3184,2019-08-26,88.3455,88.5,87.1755,88.4435,61706400,88.4435,AMZN,3
3185,2019-08-27,88.7865,88.97,87.334,88.0915,60544900,88.0915,AMZN,3
3186,2019-08-28,87.75,88.393,87.2025,88.2125,48437860,88.2125,AMZN,3
3187,2019-08-29,89.15,89.9275,88.8625,89.32,60360240,89.32,AMZN,3
3188,2019-08-30,89.8745,89.987,88.2285,88.8145,61282940,88.8145,AMZN,3
3189,2019-09-03,88.5,90.04,88.4,89.492,70937180,89.492,AMZN,3
3190,2019-09-04,90.25,90.3815,89.8115,90.031,46524560,90.031,AMZN,3
3191,2019-09-05,91.0975,92.1,90.779,92.036,66503780,92.036,AMZN,3
3192,2019-09-06,91.911,92.0325,91.32,91.6755,49938660,91.6755,AMZN,3
3193,2019-09-09,92.05,92.5,91.2305,91.5675,59990300,91.5675,AMZN,3
3194,2019-09-10,91.1375,91.2905,90.267,91.0275,52277580,91.0275,AMZN,3
3195,2019-09-11,90.607,91.671,90.454,91.1495,48655340,91.1495,AMZN,3
3196,2019-09-12,91.8815,92.683,91.714,92.1775,56470100,92.1775,AMZN,3
3197,2019-09-13,92.1005,92.306,91.7585,91.967,39426340,91.967,AMZN,3
3198,2019-09-16,91.201,91.2845,90.01,90.392,73509460,90.392,AMZN,3
3199,2019-09-17,90.354,91.1995,90.205,91.1275,40661160,91.1275,AMZN,3
3200,2019-09-18,90.852,91.103,89.775,90.873,50720240,90.873,AMZN,3
3201,2019-09-19,91.051,91.6285,90.895,91.075,41566700,91.075,AMZN,3
3202,2019-09-20,91.0855,91.5315,89.046,89.708,111116780,89.708,AMZN,3
3203,2019-09-23,88.85,89.635,88.366,89.265,62782840,89.265,AMZN,3
3204,2019-09-24,89.5305,89.7855,86.7775,87.0805,92758020,87.0805,AMZN,3
3205,2019-09-25,87.368,88.65,86.15,88.4165,70621960,88.4165,AMZN,3
3206,2019-09-26,88.1395,88.1685,86.575,86.992,71439040,86.992,AMZN,3
3207,2019-09-27,87.4,87.456,85.691,86.2725,78960580,86.2725,AMZN,3
3208,2019-09-30,86.3495,86.873,85.461,86.7955,55215360,86.7955,AMZN,3
3209,2019-10-01,87.3,87.78,86.4205,86.7825,63409200,86.7825,AMZN,3
3210,2019-10-02,86.387,86.4445,85.25,85.6615,66769520,85.6615,AMZN,3
3211,2019-10-03,85.65,86.25,84.253,86.221,72487420,86.221,AMZN,3
3212,2019-10-04,86.301,87.029,85.9615,86.9825,49785540,86.9825,AMZN,3
3213,2019-10-07,86.5815,87.3915,86.185,86.633,43751960,86.633,AMZN,3
3214,2019-10-08,86.1245,86.35,85.25,85.2755,52536800,85.2755,AMZN,3
3215,2019-10-09,85.9805,86.4975,85.718,86.0995,41786700,86.0995,AMZN,3
3216,2019-10-10,86.262,86.9145,85.6875,86.013,54430620,86.013,AMZN,3
3217,2019-10-11,87.146,87.2725,86.493,86.596,65590680,86.596,AMZN,3
3218,2019-10-14,86.4455,87.0945,86.1,86.8215,38577960,86.8215,AMZN,3
3219,2019-10-15,87.107,88.8225,87.031,88.369,62584880,88.369,AMZN,3
3220,2019-10-16,88.6665,89.312,88.526,88.8715,56081360,88.8715,AMZN,3
3221,2019-10-17,89.8245,89.9425,89.101,89.374,54275460,89.374,AMZN,3
3222,2019-10-18,89.39,89.699,87.46,87.8755,67321820,87.8755,AMZN,3
3223,2019-10-21,88.483,89.294,88.25,89.283,44498040,89.283,AMZN,3
3224,2019-10-22,89.4075,89.489,88.1,88.2865,44688500,88.2865,AMZN,3
3225,2019-10-23,88.065,88.5025,87.1,88.1085,43807600,88.1085,AMZN,3
3226,2019-10-24,88.5545,89.417,88.0135,89.039,104087000,89.039,AMZN,3
3227,2019-10-25,84.8775,88.2105,84.75,88.0665,192528040,88.0665,AMZN,3
3228,2019-10-28,87.403,88.935,87.125,88.854,74177020,88.854,AMZN,3
3229,2019-10-29,88.7405,88.85,87.7905,88.1355,45537100,88.1355,AMZN,3
3230,2019-10-30,88.012,89.119,87.956,88.9995,48988100,88.9995,AMZN,3
3231,2019-10-31,88.7995,89.6,88.574,88.833,55623700,88.833,AMZN,3
3232,2019-11-01,89.4005,89.8725,89.2605,89.572,55807080,89.572,AMZN,3
3233,2019-11-04,90.0505,90.753,90.0505,90.233,55438440,90.233,AMZN,3
3234,2019-11-05,90.458,90.5125,89.7,90.0855,37710860,90.0855,AMZN,3
3235,2019-11-06,90.05,90.125,89.429,89.7885,40595660,89.7885,AMZN,3
3236,2019-11-07,90.188,90.295,89.174,89.41,53021720,89.41,AMZN,3
3237,2019-11-08,89.3945,89.494,88.702,89.294,42523960,89.294,AMZN,3
3238,2019-11-11,88.9,89.0,88.3565,88.5825,38956200,88.5825,AMZN,3
3239,2019-11-12,88.733,89.311,88.5955,88.9,40778500,88.9,AMZN,3
3240,2019-11-13,88.6695,88.75,87.366,87.6555,58537840,87.6555,AMZN,3
3241,2019-11-14,87.5715,88.3295,87.478,87.73,45388340,87.73,AMZN,3
3242,2019-11-15,88.0025,88.084,86.643,86.9745,78622820,86.9745,AMZN,3
3243,2019-11-18,86.915,87.685,86.1355,87.6265,56838140,87.6265,AMZN,3
3244,2019-11-19,87.8495,88.034,87.1515,87.6395,45490700,87.6395,AMZN,3
3245,2019-11-20,87.457,88.126,86.706,87.2765,55875180,87.2765,AMZN,3
3246,2019-11-21,87.15,87.3435,86.518,86.7355,53258760,86.7355,AMZN,3
3247,2019-11-22,86.951,87.3215,86.55,87.286,49581620,87.286,AMZN,3
3248,2019-11-25,87.6625,88.871,87.662,88.692,69789340,88.692,AMZN,3
3249,2019-11-26,88.996,89.8515,88.9175,89.847,63808560,89.847,AMZN,3
3250,2019-11-27,90.05,91.225,89.8655,90.9255,60467100,90.9255,AMZN,3
3251,2019-11-29,90.889,91.2345,90.0395,90.04,38468800,90.04,AMZN,3
3252,2019-12-02,90.22,90.2775,88.134,89.08,78635000,89.08,AMZN,3
3253,2019-12-03,88.0,88.6435,87.3615,88.498,70591640,88.498,AMZN,3
3254,2019-12-04,88.7005,89.4545,88.011,88.0345,53614000,88.0345,AMZN,3
3255,2019-12-05,88.175,88.175,87.0,87.024,56557040,87.024,AMZN,3
3256,2019-12-06,87.56,87.72,87.0065,87.58,62399580,87.58,AMZN,3
3257,2019-12-09,87.533,88.3445,87.2805,87.471,50049780,87.471,AMZN,3
3258,2019-12-10,87.37,87.5335,86.75,86.9605,50312880,86.9605,AMZN,3
3259,2019-12-11,87.0835,87.5,86.7855,87.436,42026360,87.436,AMZN,3
3260,2019-12-12,87.5,88.2,87.272,88.0165,62078980,88.0165,AMZN,3
3261,2019-12-13,88.25,88.4495,87.75,88.047,54958180,88.047,AMZN,3
3262,2019-12-16,88.35,88.475,87.8525,88.4605,62986900,88.4605,AMZN,3
3263,2019-12-17,88.9005,89.6,88.8695,89.533,72933940,89.533,AMZN,3
3264,2019-12-18,89.751,89.91,89.118,89.2015,67082740,89.2015,AMZN,3
3265,2019-12-19,89.025,89.6495,88.703,89.614,54766400,89.614,AMZN,3
3266,2019-12-20,89.981,90.1485,89.1225,89.325,103049200,89.325,AMZN,3
3267,2019-12-23,89.413,89.65,89.2255,89.65,42749860,89.65,AMZN,3
3268,2019-12-24,89.6905,89.7785,89.379,89.4605,17626740,89.4605,AMZN,3
3269,2019-12-26,90.0505,93.523,89.975,93.4385,120492160,93.4385,AMZN,3
3270,2019-12-27,94.146,95.07,93.3005,93.49,123775080,93.49,AMZN,3
3271,2019-12-30,93.7,94.2,92.031,92.3445,73546120,92.3445,AMZN,3
3272,2019-12-31,92.1,92.663,91.6115,92.392,50207600,92.392,AMZN,3
3273,2020-01-02,93.75,94.9005,93.2075,94.9005,80718200,94.9005,AMZN,3
3274,2020-01-03,93.225,94.31,93.225,93.7485,75332080,93.7485,AMZN,3
3275,2020-01-06,93.0,95.1845,93.0,95.144,81313960,95.144,AMZN,3
3276,2020-01-07,95.225,95.6945,94.602,95.343,82680200,95.343,AMZN,3
3277,2020-01-08,94.902,95.55,94.322,94.5985,70239320,94.5985,AMZN,3
3278,2020-01-09,95.4945,95.891,94.79,95.0525,63499240,95.0525,AMZN,3
3279,2020-01-10,95.2685,95.347,94.0,94.158,57139180,94.158,AMZN,3
3280,2020-01-13,94.5655,94.9,94.04,94.565,55716880,94.565,AMZN,3
3281,2020-01-14,94.294,94.3555,92.9275,93.472,68927620,93.472,AMZN,3
3282,2020-01-15,93.6125,93.943,92.7545,93.101,57931840,93.101,AMZN,3
3283,2020-01-16,94.1495,94.2795,93.301,93.897,53189860,93.897,AMZN,3
3284,2020-01-17,94.2945,94.332,92.8625,93.236,79946800,93.236,AMZN,3
3285,2020-01-21,93.25,94.7135,93.0,94.6,74155700,94.6,AMZN,3
3286,2020-01-22,94.8045,95.125,94.167,94.373,64325140,94.373,AMZN,3
3287,2020-01-23,94.2555,94.499,93.638,94.229,49692260,94.229,AMZN,3
3288,2020-01-24,94.5685,94.7495,92.372,93.082,75323620,93.082,AMZN,3
3289,2020-01-27,91.0,92.05,90.767,91.417,70570180,91.417,AMZN,3
3290,2020-01-28,92.025,92.9055,91.501,92.6625,56160800,92.6625,AMZN,3
3291,2020-01-29,93.2,93.7375,92.751,92.9,42027800,92.9,AMZN,3
3292,2020-01-30,92.9,93.6435,92.5305,93.534,126548760,93.534,AMZN,3
3293,2020-01-31,102.574,102.786,100.114,100.436,311345660,100.436,AMZN,3
3294,2020-02-03,100.53,102.425,100.012,100.21,117981880,100.21,AMZN,3
3295,2020-02-04,101.494,102.99,100.768,102.484,105786760,102.484,AMZN,3
3296,2020-02-05,103.551,103.551,101.6,101.994,87523480,101.994,AMZN,3
3297,2020-02-06,102.051,102.815,101.24,102.512,63659080,102.512,AMZN,3
3298,2020-02-07,102.1,104.926,101.905,103.964,101906940,103.964,AMZN,3
3299,2020-02-10,104.251,106.78,104.248,106.696,101124700,106.696,AMZN,3
3300,2020-02-11,107.545,109.297,106.8,107.54,114920220,107.54,AMZN,3
3301,2020-02-12,108.16,109.012,107.764,108.0,66685280,108.0,AMZN,3
3302,2020-02-13,107.249,108.514,107.1,107.494,60635820,107.494,AMZN,3
3303,2020-02-14,107.784,107.952,106.294,106.744,52123380,106.744,AMZN,3
3304,2020-02-18,106.251,108.304,106.206,107.784,59021400,107.784,AMZN,3
3305,2020-02-19,108.39,109.255,108.056,108.511,51223300,108.511,AMZN,3
3306,2020-02-20,108.654,108.84,106.372,107.655,62626840,107.655,AMZN,3
3307,2020-02-21,107.108,107.228,104.4,104.798,93014800,104.798,AMZN,3
3308,2020-02-24,100.159,101.965,99.3985,100.464,130939940,100.464,AMZN,3
3309,2020-02-25,101.321,101.73,97.921,98.637,124381880,98.637,AMZN,3
3310,2020-02-26,98.514,100.734,98.0225,98.9795,104808040,98.9795,AMZN,3
3311,2020-02-27,96.719,98.75,94.138,94.215,162879860,94.215,AMZN,3
3312,2020-02-28,90.7295,94.488,90.5565,94.1875,189875940,94.1875,AMZN,3
3313,2020-03-02,95.476,97.7255,93.5,97.6975,135233020,97.6975,AMZN,3
3314,2020-03-03,98.7685,99.8165,94.4045,95.4495,150689820,95.4495,AMZN,3
3315,2020-03-04,97.3285,98.9,96.1,98.7915,95458380,98.7915,AMZN,3
3316,2020-03-05,96.65,98.036,95.5,96.2015,94964200,96.2015,AMZN,3
3317,2020-03-06,93.75,95.5435,93.475,95.0545,105471600,95.0545,AMZN,3
3318,2020-03-09,88.693,93.1385,88.0645,90.0305,156264640,90.0305,AMZN,3
3319,2020-03-10,93.544,94.7135,90.9085,94.591,142666200,94.591,AMZN,3
3320,2020-03-11,92.8925,93.566,90.075,91.043,112936620,91.043,AMZN,3
3321,2020-03-12,86.099,88.25,83.75,83.8305,226924280,83.8305,AMZN,3
3322,2020-03-13,87.75,89.3155,84.031,89.25,176194500,89.25,AMZN,3
3323,2020-03-16,82.0755,87.9726,81.3016,84.4575,178345300,84.4575,AMZN,3
3324,2020-03-17,88.7735,92.8888,84.462,90.392,218342580,90.392,AMZN,3
3325,2020-03-18,87.5,92.083,87.25,91.5,192904360,91.5,AMZN,3
3326,2020-03-19,93.0,97.25,91.6325,94.0465,207998860,94.0465,AMZN,3
3327,2020-03-20,96.3155,97.85,91.0365,92.3045,196357000,92.3045,AMZN,3
3328,2020-03-23,91.3875,95.97,90.6,95.1415,156169780,95.1415,AMZN,3
3329,2020-03-24,97.5748,97.75,95.017,97.005,142941600,97.005,AMZN,3
3330,2020-03-25,96.0345,97.513,94.289,94.292,129581460,94.292,AMZN,3
3331,2020-03-26,95.1,97.8245,94.4645,97.7745,124702360,97.7745,AMZN,3
3332,2020-03-27,96.543,96.9895,94.996,95.005,107757940,95.005,AMZN,3
3333,2020-03-30,96.1415,98.6815,95.617,98.1975,122521740,98.1975,AMZN,3
3334,2020-03-31,98.2175,99.651,97.2005,97.486,102472520,97.486,AMZN,3
3335,2020-04-01,96.6485,97.248,94.65,95.385,82437500,95.385,AMZN,3
3336,2020-04-02,95.082,96.3763,94.5,95.9415,86719700,95.9415,AMZN,3
3337,2020-04-03,95.5575,96.3165,94.4575,95.3295,72197400,95.3295,AMZN,3
3338,2020-04-06,96.8,99.926,96.501,99.8795,115463620,99.8795,AMZN,3
3339,2020-04-07,100.855,101.786,99.881,100.58,102279660,100.58,AMZN,3
3340,2020-04-08,101.05,102.2,100.558,102.15,79546260,102.15,AMZN,3
3341,2020-04-09,102.215,102.65,100.883,102.138,93112340,102.138,AMZN,3
3342,2020-04-13,102.0,109.0,101.9,108.444,134334180,108.444,AMZN,3
3343,2020-04-14,110.023,114.6,109.31,114.166,161743860,114.166,AMZN,3
3344,2020-04-15,112.884,116.668,112.25,115.384,137331340,115.384,AMZN,3
3345,2020-04-16,117.3,123.05,116.75,120.41,240764020,120.41,AMZN,3
3346,2020-04-17,118.616,120.0,115.801,118.75,158600200,118.75,AMZN,3
3347,2020-04-20,119.497,122.249,119.303,119.681,115413880,119.681,AMZN,3
3348,2020-04-21,120.83,121.415,113.983,116.406,149533580,116.406,AMZN,3
3349,2020-04-22,118.45,119.7,117.55,118.174,84365900,118.174,AMZN,3
3350,2020-04-23,119.999,121.211,119.104,119.972,101331040,119.972,AMZN,3
3351,2020-04-24,120.85,121.022,119.1,120.511,76635940,120.511,AMZN,3
3352,2020-04-27,122.16,122.244,118.15,118.8,112912900,118.8,AMZN,3
3353,2020-04-28,118.605,118.675,115.3,115.704,105388920,115.704,AMZN,3
3354,2020-04-29,116.501,119.594,115.5,118.636,91831860,118.636,AMZN,3
3355,2020-04-30,120.992,123.75,119.801,123.7,190692220,123.7,AMZN,3
3356,2020-05-01,116.84,118.122,112.91,114.302,195452100,114.302,AMZN,3
3357,2020-05-04,112.819,116.349,112.819,115.8,97318520,115.8,AMZN,3
3358,2020-05-05,117.0,117.55,115.356,115.89,64849920,115.89,AMZN,3
3359,2020-05-06,116.472,117.872,116.0,117.563,62356280,117.563,AMZN,3
3360,2020-05-07,118.739,118.8,117.156,118.381,67928220,118.381,AMZN,3
3361,2020-05-08,118.607,119.362,117.85,118.98,64224560,118.98,AMZN,3
3362,2020-05-11,118.735,120.983,118.606,120.45,65184620,120.45,AMZN,3
3363,2020-05-12,120.592,120.95,117.75,117.848,61498320,117.848,AMZN,3
3364,2020-05-13,118.34,120.385,116.89,118.396,95658380,118.396,AMZN,3
3365,2020-05-14,118.051,119.568,117.66,119.442,72962560,119.442,AMZN,3
3366,2020-05-15,118.426,120.55,117.818,120.489,84699020,120.489,AMZN,3
3367,2020-05-18,120.217,121.65,119.2,121.313,87331440,121.313,AMZN,3
3368,2020-05-19,121.492,124.25,121.448,122.466,86409960,122.466,AMZN,3
3369,2020-05-20,123.893,125.001,123.364,124.897,79962860,124.897,AMZN,3
3370,2020-05-21,125.0,126.272,122.127,122.337,102288060,122.337,AMZN,3
3371,2020-05-22,122.751,123.492,121.506,121.844,57341580,121.844,AMZN,3
3372,2020-05-26,122.9,123.1,120.703,121.093,71363060,121.093,AMZN,3
3373,2020-05-27,120.249,120.679,116.5,120.52,101138900,120.52,AMZN,3
3374,2020-05-28,119.216,121.848,118.912,120.055,63862720,120.055,AMZN,3
3375,2020-05-29,120.797,122.118,119.91,122.118,70586580,122.118,AMZN,3
3376,2020-06-01,122.4,123.846,122.208,123.552,58760640,123.552,AMZN,3
3377,2020-06-02,123.35,123.676,122.266,123.62,50598060,123.62,AMZN,3
3378,2020-06-03,123.401,124.4,123.059,123.92,53420480,123.92,AMZN,3
3379,2020-06-04,123.872,125.377,122.501,123.03,58974200,123.03,AMZN,3
3380,2020-06-05,122.226,124.432,121.857,124.15,66128900,124.15,AMZN,3
3381,2020-06-08,125.01,126.5,124.367,126.203,79413080,126.203,AMZN,3
3382,2020-06-09,126.472,131.322,126.25,130.043,103519000,130.043,AMZN,3
3383,2020-06-10,132.25,136.118,131.313,132.372,98920620,132.372,AMZN,3
3384,2020-06-11,130.175,133.569,126.812,127.898,116002140,127.898,AMZN,3
3385,2020-06-12,130.06,131.074,125.167,127.251,108722540,127.251,AMZN,3
3386,2020-06-15,126.33,129.2,125.4,128.634,77466700,128.634,AMZN,3
3387,2020-06-16,131.0,131.0,128.8,130.764,71912980,130.764,AMZN,3
3388,2020-06-17,132.375,132.75,131.591,132.049,59186320,132.049,AMZN,3
3389,2020-06-18,132.35,132.982,131.806,132.699,49755480,132.699,AMZN,3
3390,2020-06-19,133.904,134.872,132.95,133.751,115539260,133.751,AMZN,3
3391,2020-06-22,134.225,135.75,133.45,135.691,64175600,135.691,AMZN,3
3392,2020-06-23,136.301,139.156,135.902,138.22,84634140,138.22,AMZN,3
3393,2020-06-24,139.0,139.8,136.05,136.72,90532100,136.72,AMZN,3
3394,2020-06-25,136.978,137.812,135.607,137.729,59373140,137.729,AMZN,3
3395,2020-06-26,138.753,139.128,134.4,134.644,130015680,134.644,AMZN,3
3396,2020-06-29,134.501,134.84,131.504,134.019,84468440,134.019,AMZN,3
3397,2020-06-30,134.253,138.482,133.752,137.941,75393720,137.941,AMZN,3
3398,2020-07-01,137.9,144.75,137.7,143.935,127268780,143.935,AMZN,3
3399,2020-07-02,145.6,147.778,143.555,144.515,131867740,144.515,AMZN,3
3400,2020-07-06,146.748,152.994,146.5,152.852,137612840,152.852,AMZN,3
3401,2020-07-07,152.928,153.478,149.5,150.006,105150280,150.006,AMZN,3
3402,2020-07-08,151.13,154.198,150.622,154.056,100752700,154.056,AMZN,3
3403,2020-07-09,155.8,159.694,153.7,159.132,127773180,159.132,AMZN,3
3404,2020-07-10,159.588,160.75,156.785,160.0,109719640,160.0,AMZN,3
3405,2020-07-13,162.553,167.214,153.42,155.2,154408400,155.2,AMZN,3
3406,2020-07-14,154.45,156.369,147.5,154.2,144638660,154.2,AMZN,3
3407,2020-07-15,154.012,154.918,148.659,150.444,115777480,150.444,AMZN,3
3408,2020-07-16,148.553,151.6,145.912,149.995,127884920,149.995,AMZN,3
3409,2020-07-17,150.45,151.2,147.422,148.098,95226380,148.098,AMZN,3
3410,2020-07-20,150.01,160.068,149.701,159.842,151963520,159.842,AMZN,3
3411,2020-07-21,161.624,162.029,155.286,156.914,122699300,156.914,AMZN,3
3412,2020-07-22,156.25,157.5,153.263,154.996,82084500,154.996,AMZN,3
3413,2020-07-23,154.914,154.914,148.5,149.328,113138120,149.328,AMZN,3
3414,2020-07-24,146.5,151.579,144.4,150.445,112648260,150.445,AMZN,3
3415,2020-07-27,153.1,154.9,150.788,152.76,83409840,152.76,AMZN,3
3416,2020-07-28,152.714,153.855,149.788,150.016,62533020,150.016,AMZN,3
3417,2020-07-29,151.55,151.958,149.838,151.676,59481200,151.676,AMZN,3
3418,2020-07-30,150.7,154.6,150.25,152.594,122565300,152.594,AMZN,3
3419,2020-07-31,162.2,162.341,157.55,158.234,161667380,158.234,AMZN,3
3420,2020-08-03,159.026,159.2,155.2,155.594,101493260,155.594,AMZN,3
3421,2020-08-04,155.06,158.362,155.06,156.942,93885880,156.942,AMZN,3
3422,2020-08-05,157.188,160.679,156.365,160.252,78600500,160.252,AMZN,3
3423,2020-08-06,159.718,162.373,158.272,161.25,78812040,161.25,AMZN,3
3424,2020-08-07,161.2,162.04,157.034,158.373,78722540,158.373,AMZN,3
3425,2020-08-10,158.516,158.626,155.076,157.408,63345480,157.408,AMZN,3
3426,2020-08-11,155.66,157.961,153.65,154.034,74361140,154.034,AMZN,3
3427,2020-08-12,155.4,158.719,155.071,158.112,70544580,158.112,AMZN,3
3428,2020-08-13,159.15,160.876,157.75,158.051,62980860,158.051,AMZN,3
3429,2020-08-14,158.909,158.912,156.0,157.401,55034460,157.401,AMZN,3
3430,2020-08-17,158.656,159.748,157.709,159.12,53824740,159.12,AMZN,3
3431,2020-08-18,160.6,166.0,160.291,165.624,106919480,165.624,AMZN,3
3432,2020-08-19,165.151,165.795,162.8,163.024,83702740,163.024,AMZN,3
3433,2020-08-20,162.6,165.631,161.9,164.868,66649560,164.868,AMZN,3
3434,2020-08-21,164.75,165.72,163.77,164.236,71517240,164.236,AMZN,3
3435,2020-08-24,165.508,169.016,162.878,165.373,93325160,165.373,AMZN,3
3436,2020-08-25,164.749,167.87,163.35,167.324,79856840,167.324,AMZN,3
3437,2020-08-26,167.556,172.587,167.228,172.092,130174860,172.092,AMZN,3
3438,2020-08-27,172.502,172.65,168.9,170.0,85295900,170.0,AMZN,3
3439,2020-08-28,171.15,171.668,169.325,170.09,57939560,170.09,AMZN,3
3440,2020-08-31,170.45,174.75,170.25,172.548,83717700,172.548,AMZN,3
3441,2020-09-01,174.479,175.694,173.35,174.956,69528140,174.956,AMZN,3
3442,2020-09-02,177.35,177.612,174.334,176.572,78629520,176.572,AMZN,3
3443,2020-09-03,174.25,174.42,165.15,168.4,163222260,168.4,AMZN,3
3444,2020-09-04,165.9,169.075,155.556,164.731,175635080,164.731,AMZN,3
3445,2020-09-08,157.2,162.542,156.5,157.492,121884100,157.492,AMZN,3
3446,2020-09-09,160.15,165.159,159.25,163.43,103773500,163.43,AMZN,3
3447,2020-09-10,165.361,167.494,158.528,158.756,106614820,158.756,AMZN,3
3448,2020-09-11,160.434,160.867,154.199,155.811,101879640,155.811,AMZN,3
3449,2020-09-14,158.647,159.37,154.8,155.148,90591920,155.148,AMZN,3
3450,2020-09-15,156.808,158.751,155.446,157.806,80430700,157.806,AMZN,3
3451,2020-09-16,158.999,159.362,153.708,153.905,90623780,153.905,AMZN,3
3452,2020-09-17,150.462,151.472,148.628,150.436,128981000,150.436,AMZN,3
3453,2020-09-18,151.587,151.89,145.277,147.746,177851600,147.746,AMZN,3
3454,2020-09-21,145.325,148.1,143.55,148.023,122358500,148.023,AMZN,3
3455,2020-09-22,151.692,156.7,150.01,156.45,138976320,156.45,AMZN,3
3456,2020-09-23,156.022,156.35,149.619,149.993,113053300,149.993,AMZN,3
3457,2020-09-24,148.89,153.465,148.25,150.99,110587840,150.99,AMZN,3
3458,2020-09-25,152.743,155.077,149.95,154.757,92304040,154.757,AMZN,3
3459,2020-09-28,157.442,158.752,155.858,158.703,84483300,158.703,AMZN,3
3460,2020-09-29,158.77,159.413,156.627,157.244,70067960,157.244,AMZN,3
3461,2020-09-30,157.057,160.644,156.7,157.436,97922020,157.436,AMZN,3
3462,2020-10-01,160.4,161.2,158.6,161.063,99438440,161.063,AMZN,3
3463,2020-10-02,157.682,159.79,156.15,156.25,112261960,156.25,AMZN,3
3464,2020-10-05,157.292,160.127,157.042,159.96,75506640,159.96,AMZN,3
3465,2020-10-06,158.25,159.1,154.5,154.998,101737140,154.998,AMZN,3
3466,2020-10-07,156.75,160.0,156.619,159.784,86188780,159.784,AMZN,3
3467,2020-10-08,161.249,161.665,158.749,159.528,63482280,159.528,AMZN,3
3468,2020-10-09,160.5,164.45,159.892,164.332,98157420,164.332,AMZN,3
3469,2020-10-12,167.497,174.812,166.978,172.146,167283960,172.146,AMZN,3
3470,2020-10-13,173.4,174.619,171.211,172.182,114893940,172.182,AMZN,3
3471,2020-10-14,172.35,173.244,167.0,168.186,116578320,168.186,AMZN,3
3472,2020-10-15,164.6,167.794,164.0,166.932,104468960,166.932,AMZN,3
3473,2020-10-16,168.162,169.983,158.0,163.636,129487060,163.636,AMZN,3
3474,2020-10-19,164.98,166.45,159.637,160.36,104472520,160.36,AMZN,3
3475,2020-10-20,161.114,163.3,159.6,160.85,90193560,160.85,AMZN,3
3476,2020-10-21,160.625,161.694,158.0,159.247,91854720,159.247,AMZN,3
3477,2020-10-22,159.493,159.938,156.097,158.82,84240100,158.82,AMZN,3
3478,2020-10-23,159.55,160.266,157.0,160.22,69333740,160.22,AMZN,3
3479,2020-10-26,159.937,164.149,157.665,160.352,118023020,160.352,AMZN,3
3480,2020-10-27,161.247,164.583,160.565,164.316,85820940,164.316,AMZN,3
3481,2020-10-28,162.465,163.201,158.123,158.139,111766600,158.139,AMZN,3
3482,2020-10-29,160.064,162.862,158.2,160.55,131930580,160.55,AMZN,3
3483,2020-10-30,157.888,158.35,150.95,151.808,167921620,151.808,AMZN,3
3484,2020-11-02,153.087,153.985,147.506,150.224,145147000,150.224,AMZN,3
3485,2020-11-03,150.926,153.745,149.049,152.42,97957600,152.42,AMZN,3
3486,2020-11-04,157.999,162.242,156.986,162.058,136780820,162.058,AMZN,3
3487,2020-11-05,165.998,168.34,164.444,166.1,115785700,166.1,AMZN,3
3488,2020-11-06,165.232,166.1,161.6,165.568,92946600,165.568,AMZN,3
3489,2020-11-09,161.552,164.45,155.605,157.187,143808120,157.187,AMZN,3
3490,2020-11-10,154.751,155.7,150.974,151.751,131819120,151.751,AMZN,3
3491,2020-11-11,153.089,156.957,152.5,156.87,87338460,156.87,AMZN,3
3492,2020-11-12,157.998,158.794,154.302,155.514,87424160,155.514,AMZN,3
3493,2020-11-13,156.1,157.086,154.27,156.44,75251740,156.44,AMZN,3
3494,2020-11-16,154.66,157.135,153.634,156.553,76173520,156.553,AMZN,3
3495,2020-11-17,159.177,159.462,156.763,156.783,68894700,156.783,AMZN,3
3496,2020-11-18,156.7,157.0,155.255,155.273,58336720,155.273,AMZN,3
3497,2020-11-19,155.266,156.25,154.046,155.851,60205400,155.851,AMZN,3
3498,2020-11-20,155.851,156.644,154.902,154.97,67602760,154.97,AMZN,3
3499,2020-11-23,155.835,156.987,153.273,154.92,94177740,154.92,AMZN,3
3500,2020-11-24,155.025,156.712,154.313,155.903,72042040,155.903,AMZN,3
3501,2020-11-25,157.094,159.9,157.013,159.254,75808060,159.254,AMZN,3
3502,2020-11-27,160.563,160.81,159.502,159.767,47857340,159.767,AMZN,3
3503,2020-11-30,160.424,161.42,156.278,158.402,81278320,158.402,AMZN,3
3504,2020-12-01,159.425,162.448,157.859,161.004,90887640,161.004,AMZN,3
3505,2020-12-02,161.082,161.6,158.663,160.176,62586080,160.176,AMZN,3
3506,2020-12-03,160.273,161.432,159.066,159.336,57840780,159.336,AMZN,3
3507,2020-12-04,158.129,159.91,157.938,158.129,58272220,158.129,AMZN,3
3508,2020-12-07,157.824,159.038,157.084,157.9,54917500,157.9,AMZN,3
3509,2020-12-08,157.945,159.206,156.001,158.864,65580980,158.864,AMZN,3
3510,2020-12-09,158.394,158.722,154.4,155.21,81925180,155.21,AMZN,3
3511,2020-12-10,154.45,157.105,153.8,155.074,60603580,155.074,AMZN,3
3512,2020-12-11,154.833,155.934,153.641,155.821,61293900,155.821,AMZN,3
3513,2020-12-14,157.15,159.523,156.3,157.848,83115880,157.848,AMZN,3
3514,2020-12-15,159.05,159.425,156.524,158.256,66473720,158.256,AMZN,3
3515,2020-12-16,158.8,162.35,158.184,162.048,88552320,162.048,AMZN,3
3516,2020-12-17,162.5,163.176,161.05,161.804,69486940,161.804,AMZN,3
3517,2020-12-18,162.2,162.471,158.58,160.082,119914260,160.082,AMZN,3
3518,2020-12-21,160.001,161.348,158.3,160.309,76736920,160.309,AMZN,3
3519,2020-12-22,160.142,161.1,159.004,160.326,47635620,160.326,AMZN,3
3520,2020-12-23,160.25,160.507,159.209,159.264,41875740,159.264,AMZN,3
3521,2020-12-24,159.695,160.1,158.45,158.634,29038340,158.634,AMZN,3
3522,2020-12-28,159.7,165.2,158.634,164.198,113735740,164.198,AMZN,3
3523,2020-12-29,165.497,167.532,164.061,166.1,97458660,166.1,AMZN,3
3524,2020-12-30,167.05,167.105,164.123,164.292,64186200,164.292,AMZN,3
3525,2020-12-31,163.75,164.146,162.06,162.846,59144120,162.846,AMZN,3
3526,2021-01-04,163.5,163.6,157.201,159.332,88228980,159.332,AMZN,3
3527,2021-01-05,158.3,161.169,158.253,160.926,53110960,160.926,AMZN,3
3528,2021-01-06,157.324,159.875,156.558,156.919,87896300,156.919,AMZN,3
3529,2021-01-07,157.85,160.427,157.75,158.108,70290900,158.108,AMZN,3
3530,2021-01-08,159.0,159.532,157.11,159.135,70754880,159.135,AMZN,3
3531,2021-01-11,157.401,157.819,155.5,155.71,73381900,155.71,AMZN,3
3532,2021-01-12,156.0,157.107,154.3,156.041,70291640,156.041,AMZN,3
3533,2021-01-13,156.422,159.498,156.104,158.294,66424880,158.294,AMZN,3
3534,2021-01-14,158.376,158.9,156.03,156.373,61418380,156.373,AMZN,3
3535,2021-01-15,156.151,157.127,154.758,155.212,84879900,155.212,AMZN,3
3536,2021-01-19,155.35,157.25,154.8,156.038,66102840,156.038,AMZN,3
3537,2021-01-20,159.099,163.99,158.75,163.169,106196700,163.169,AMZN,3
3538,2021-01-21,164.65,167.428,164.478,165.349,98901020,165.349,AMZN,3
3539,2021-01-22,165.216,166.096,164.158,164.612,56438280,164.612,AMZN,3
3540,2021-01-25,166.425,168.194,162.157,164.7,74995160,164.7,AMZN,3
3541,2021-01-26,164.818,166.9,164.144,166.306,59104700,166.306,AMZN,3
3542,2021-01-27,167.074,167.326,160.354,161.629,93203160,161.629,AMZN,3
3543,2021-01-28,161.752,165.084,161.434,161.881,62984560,161.881,AMZN,3
3544,2021-01-29,161.5,161.849,159.228,160.31,85871120,160.31,AMZN,3
3545,2021-02-01,162.118,167.513,161.751,167.144,83204240,167.144,AMZN,3
3546,2021-02-02,169.0,171.387,168.056,169.0,141972740,169.0,AMZN,3
3547,2021-02-03,171.251,171.7,165.431,165.627,141775620,165.627,AMZN,3
3548,2021-02-04,166.5,167.35,163.888,166.55,73413220,166.55,AMZN,3
3549,2021-02-05,165.95,168.85,165.136,167.608,72416160,167.608,AMZN,3
3550,2021-02-08,167.925,168.25,165.2,166.147,65147820,166.147,AMZN,3
3551,2021-02-09,165.624,166.9,164.892,165.25,44070520,165.25,AMZN,3
3552,2021-02-10,165.7,165.898,162.7,164.329,63031000,164.329,AMZN,3
3553,2021-02-11,164.6,164.6,162.403,163.106,46028340,163.106,AMZN,3
3554,2021-02-12,162.5,164.012,161.666,163.886,46706780,163.886,AMZN,3
3555,2021-02-16,162.703,165.415,162.68,163.448,51494420,163.448,AMZN,3
3556,2021-02-17,163.18,166.046,162.975,165.432,66041980,165.432,AMZN,3
3557,2021-02-18,164.121,166.9,163.697,166.412,60672140,166.412,AMZN,3
3558,2021-02-19,166.412,166.675,162.288,162.495,86103680,162.495,AMZN,3
3559,2021-02-22,160.406,161.616,158.613,159.037,70313580,159.037,AMZN,3
3560,2021-02-23,156.551,160.236,154.68,159.725,93348020,159.725,AMZN,3
3561,2021-02-24,158.338,158.562,156.269,157.977,60225500,157.977,AMZN,3
3562,2021-02-25,156.837,158.913,152.388,152.858,90676020,152.858,AMZN,3
3563,2021-02-26,154.76,156.122,151.835,154.646,85518600,154.646,AMZN,3
3564,2021-03-01,156.394,157.478,154.9,157.307,54679260,157.307,AMZN,3
3565,2021-03-02,157.174,158.176,154.356,154.727,51915240,154.727,AMZN,3
3566,2021-03-03,154.059,155.389,149.75,150.25,79774500,150.25,AMZN,3
3567,2021-03-04,150.6,152.906,147.272,148.878,109631560,148.878,AMZN,3
3568,2021-03-05,150.25,150.45,144.05,150.023,107771020,150.023,AMZN,3
3569,2021-03-08,150.75,153.23,147.566,147.598,83700160,147.598,AMZN,3
3570,2021-03-09,150.9,154.548,150.257,153.142,80600640,153.142,AMZN,3
3571,2021-03-10,154.922,155.823,151.502,152.882,60249780,152.882,AMZN,3
3572,2021-03-11,155.2,156.589,154.146,155.68,55527820,155.68,AMZN,3
3573,2021-03-12,153.75,154.949,152.275,154.474,48437760,154.474,AMZN,3
3574,2021-03-15,153.728,154.112,151.604,154.084,58371840,154.084,AMZN,3
3575,2021-03-16,155.248,156.445,153.793,154.593,50775280,154.593,AMZN,3
3576,2021-03-17,153.661,158.652,153.511,156.786,62371680,156.786,AMZN,3
3577,2021-03-18,155.05,155.832,151.25,151.4,73140540,151.4,AMZN,3
3578,2021-03-19,151.462,153.864,150.832,153.748,92507080,153.748,AMZN,3
3579,2021-03-22,153.392,156.329,153.002,155.544,58043580,155.544,AMZN,3
3580,2021-03-23,156.35,159.1,156.043,156.875,76345260,156.875,AMZN,3
3581,2021-03-24,157.552,158.016,154.258,154.354,59179620,154.354,AMZN,3
3582,2021-03-25,153.65,155.489,151.857,152.313,71269380,152.313,AMZN,3
3583,2021-03-26,152.203,152.833,149.8,152.602,66258480,152.602,AMZN,3
3584,2021-03-29,152.772,154.562,151.422,153.786,54919360,153.786,AMZN,3
3585,2021-03-30,153.501,153.65,151.7,152.764,46752060,152.764,AMZN,3
3586,2021-03-31,153.203,155.966,153.125,154.704,61877920,154.704,AMZN,3
3587,2021-04-01,155.897,158.122,155.778,158.05,58806360,158.05,AMZN,3
3588,2021-04-05,158.65,161.798,158.062,161.336,66697640,161.336,AMZN,3
3589,2021-04-06,161.188,162.366,160.852,161.191,50756180,161.191,AMZN,3
3590,2021-04-07,161.69,165.181,161.182,163.969,66924540,163.969,AMZN,3
3591,2021-04-08,165.545,166.225,164.6,164.965,56241800,164.965,AMZN,3
3592,2021-04-09,165.235,168.61,164.445,168.61,86829460,168.61,AMZN,3
3593,2021-04-12,167.76,169.752,167.558,168.969,65635960,168.969,AMZN,3
3594,2021-04-13,170.042,171.6,169.782,170.0,66316740,170.0,AMZN,3
3595,2021-04-14,170.202,170.206,166.3,166.65,62904080,166.65,AMZN,3
3596,2021-04-15,168.55,169.85,167.6,168.954,64671600,168.954,AMZN,3
3597,2021-04-16,169.0,170.34,167.78,169.972,63720980,169.972,AMZN,3
3598,2021-04-19,169.516,171.797,168.008,168.6,54508100,168.6,AMZN,3
3599,2021-04-20,168.68,169.15,165.8,166.734,52460640,166.734,AMZN,3
3600,2021-04-21,165.8,168.143,165.19,168.101,44223320,168.101,AMZN,3
3601,2021-04-22,168.584,168.644,165.072,165.452,51611800,165.452,AMZN,3
3602,2021-04-23,165.955,168.75,165.425,167.044,63933040,167.044,AMZN,3
3603,2021-04-26,167.4,171.422,166.547,170.45,97614160,170.45,AMZN,3
3604,2021-04-27,172.174,173.0,169.901,170.872,76542800,170.872,AMZN,3
3605,2021-04-28,171.74,174.494,171.25,172.925,92637680,172.925,AMZN,3
3606,2021-04-29,175.255,175.722,171.75,173.566,153647620,173.566,AMZN,3
3607,2021-04-30,176.256,177.7,173.125,173.371,140186920,173.371,AMZN,3
3608,2021-05-03,174.236,174.332,168.635,169.324,117510600,169.324,AMZN,3
3609,2021-05-04,167.81,168.399,163.606,165.594,108788980,165.594,AMZN,3
3610,2021-05-05,166.943,167.735,163.218,163.527,74226160,163.527,AMZN,3
3611,2021-05-06,163.5,165.72,162.36,165.318,88953920,165.318,AMZN,3
3612,2021-05-07,165.954,166.544,164.454,164.58,94205520,164.58,AMZN,3
3613,2021-05-10,164.116,164.15,159.5,159.524,116772060,159.524,AMZN,3
3614,2021-05-11,156.814,161.9,156.368,161.195,92395620,161.195,AMZN,3
3615,2021-05-12,159.25,160.397,156.655,157.597,98728200,157.597,AMZN,3
3616,2021-05-13,159.273,160.192,156.65,158.074,67137540,158.074,AMZN,3
3617,2021-05-14,159.278,161.443,159.15,161.145,66500440,161.145,AMZN,3
3618,2021-05-17,162.296,164.638,161.73,163.52,74478500,163.52,AMZN,3
3619,2021-05-18,164.629,165.6,161.518,161.614,56567820,161.614,AMZN,3
3620,2021-05-19,159.75,161.738,159.2,161.59,53594160,161.59,AMZN,3
3621,2021-05-20,162.22,162.984,161.809,162.384,52663840,162.384,AMZN,3
3622,2021-05-21,162.5,162.835,159.85,160.154,82097640,160.154,AMZN,3
3623,2021-05-24,160.775,162.897,160.525,162.249,48456260,162.249,AMZN,3
3624,2021-05-25,163.334,163.991,160.688,162.953,65222180,162.953,AMZN,3
3625,2021-05-26,163.73,164.786,162.926,163.258,47679720,163.258,AMZN,3
3626,2021-05-27,162.8,163.018,161.502,161.506,51223140,161.506,AMZN,3
3627,2021-05-28,162.1,162.4,160.985,161.154,46630180,161.154,AMZN,3
3628,2021-06-01,162.175,162.549,160.453,160.932,48600900,160.932,AMZN,3
3629,2021-06-02,161.155,161.75,160.4,161.7,40290480,161.7,AMZN,3
3630,2021-06-03,160.212,160.722,159.202,159.35,47965860,159.35,AMZN,3
3631,2021-06-04,160.6,161.05,159.94,160.311,44994980,160.311,AMZN,3
3632,2021-06-07,159.866,160.4,158.61,159.901,44315120,159.901,AMZN,3
3633,2021-06-08,161.13,163.977,160.901,163.206,68334600,163.206,AMZN,3
3634,2021-06-09,163.644,164.879,163.535,164.058,49110600,164.058,AMZN,3
3635,2021-06-10,164.1,167.55,164.058,167.483,69529600,167.483,AMZN,3
3636,2021-06-11,167.483,168.329,166.672,167.342,56347040,167.342,AMZN,3
3637,2021-06-14,167.342,169.25,166.775,169.194,51393100,169.194,AMZN,3
3638,2021-06-15,169.2,169.849,168.156,169.156,48524000,169.156,AMZN,3
3639,2021-06-16,169.6,171.318,168.026,170.762,84055640,170.762,AMZN,3
3640,2021-06-17,170.159,174.86,170.05,174.462,102730620,174.462,AMZN,3
3641,2021-06-18,173.999,175.35,173.686,174.345,104954740,174.345,AMZN,3
3642,2021-06-21,173.821,174.1,171.7,172.698,65542600,172.698,AMZN,3
3643,2021-06-22,172.903,176.189,172.805,175.272,66901640,175.272,AMZN,3
3644,2021-06-23,175.25,176.05,174.16,175.191,56266820,175.191,AMZN,3
3645,2021-06-24,175.382,176.243,171.542,172.454,76639980,172.454,AMZN,3
3646,2021-06-25,173.2,173.241,169.709,170.073,78819940,170.073,AMZN,3
3647,2021-06-28,170.8,172.4,170.675,172.194,44855860,172.194,AMZN,3
3648,2021-06-29,171.941,172.802,171.152,172.407,41968780,172.407,AMZN,3
3649,2021-06-30,172.053,173.58,171.75,172.008,48079840,172.008,AMZN,3
3650,2021-07-01,171.73,172.85,170.471,171.648,40741060,171.648,AMZN,3
3651,2021-07-02,172.582,175.586,171.846,175.549,63533940,175.549,AMZN,3
3652,2021-07-06,176.506,184.274,176.45,183.787,134895360,183.787,AMZN,3
3653,2021-07-07,185.869,186.71,183.945,184.829,106561240,184.829,AMZN,3
3654,2021-07-08,182.178,187.999,181.056,186.57,103612460,186.57,AMZN,3
3655,2021-07-09,186.126,187.4,184.67,185.967,74964740,185.967,AMZN,3
3656,2021-07-12,187.2,187.864,184.84,185.928,51432700,185.928,AMZN,3
3657,2021-07-13,185.105,188.654,183.566,183.868,76918340,183.868,AMZN,3
3658,2021-07-14,185.442,185.883,183.041,184.084,65931360,184.084,AMZN,3
3659,2021-07-15,184.71,184.77,181.046,181.56,63705840,181.56,AMZN,3
3660,2021-07-16,181.666,182.303,178.523,178.682,80874120,178.682,AMZN,3
3661,2021-07-19,176.629,177.51,174.958,177.48,75691900,177.48,AMZN,3
3662,2021-07-20,178.366,179.6,175.9,178.66,65113600,178.66,AMZN,3
3663,2021-07-21,178.819,179.322,177.182,179.26,46379780,179.26,AMZN,3
3664,2021-07-22,179.362,182.001,179.114,181.902,65307040,181.902,AMZN,3
3665,2021-07-23,182.0,183.306,181.102,182.832,48725840,182.832,AMZN,3
3666,2021-07-26,183.658,185.604,182.362,184.991,58001360,184.991,AMZN,3
3667,2021-07-27,184.925,184.925,179.308,181.32,82637800,181.32,AMZN,3
3668,2021-07-28,181.689,182.921,180.05,181.516,59987560,181.516,AMZN,3
3669,2021-07-29,181.388,181.897,179.001,179.996,110399040,179.996,AMZN,3
3670,2021-07-30,167.397,168.407,165.349,166.38,199311860,166.38,AMZN,3
3671,2021-08-02,167.655,167.946,165.85,166.574,67078300,166.574,AMZN,3
3672,2021-08-03,167.036,169.55,164.988,168.312,83146860,168.312,AMZN,3
3673,2021-08-04,168.968,169.444,167.278,167.736,43678900,167.736,AMZN,3
3674,2021-08-05,167.811,169.45,167.046,168.8,48670060,168.8,AMZN,3
3675,2021-08-06,168.75,168.75,166.452,167.247,52752880,167.247,AMZN,3
3676,2021-08-09,167.18,167.744,166.426,167.094,42964400,167.094,AMZN,3
3677,2021-08-10,167.251,167.9,165.75,166.034,48251020,166.034,AMZN,3
3678,2021-08-11,166.572,166.885,163.89,164.606,58944980,164.606,AMZN,3
3679,2021-08-12,164.5,165.726,163.484,165.175,46476460,165.175,AMZN,3
3680,2021-08-13,165.284,165.303,164.15,164.698,41133980,164.698,AMZN,3
3681,2021-08-16,164.15,165.0,160.556,164.95,66569880,164.95,AMZN,3
3682,2021-08-17,163.875,164.024,161.284,162.098,67758440,162.098,AMZN,3
3683,2021-08-18,162.099,162.705,160.0,160.061,56086220,160.061,AMZN,3
3684,2021-08-19,159.701,161.65,159.123,159.388,75657240,159.388,AMZN,3
3685,2021-08-20,160.194,160.39,158.788,159.998,67168560,159.998,AMZN,3
3686,2021-08-23,160.595,164.045,160.5,163.294,65362620,163.294,AMZN,3
3687,2021-08-24,164.0,165.775,163.729,165.289,51036820,165.289,AMZN,3
3688,2021-08-25,165.493,166.05,164.308,164.959,33606120,164.959,AMZN,3
3689,2021-08-26,164.95,166.6,164.8,165.8,41975220,165.8,AMZN,3
3690,2021-08-27,166.662,167.616,165.688,167.482,48047380,167.482,AMZN,3
3691,2021-08-30,167.871,172.25,167.761,171.079,63844880,171.079,AMZN,3
3692,2021-08-31,171.24,173.629,169.78,173.54,87128260,173.54,AMZN,3
3693,2021-09-01,174.82,176.35,173.762,173.95,72598220,173.95,AMZN,3
3694,2021-09-02,174.738,175.598,172.75,173.156,58511880,173.156,AMZN,3
3695,2021-09-03,172.6,174.134,171.822,173.902,51566480,173.902,AMZN,3
3696,2021-09-07,173.9,176.404,173.847,175.464,54823680,175.464,AMZN,3
3697,2021-09-08,175.582,177.282,174.784,176.275,61067280,176.275,AMZN,3
3698,2021-09-09,176.301,177.499,174.018,174.208,54384820,174.208,AMZN,3
3699,2021-09-10,175.092,175.422,173.145,173.458,47945380,173.458,AMZN,3
3700,2021-09-13,174.14,174.898,171.9,172.858,51380440,172.858,AMZN,3
3701,2021-09-14,173.778,174.34,171.886,172.5,38737940,172.5,AMZN,3
3702,2021-09-15,172.126,174.271,170.1,173.79,59150740,173.79,AMZN,3
3703,2021-09-16,172.998,174.628,172.307,174.412,51671960,174.412,AMZN,3
3704,2021-09-17,174.421,174.87,172.606,173.126,92331120,173.126,AMZN,3
3705,2021-09-20,169.8,170.95,165.251,167.786,93382600,167.786,AMZN,3
3706,2021-09-21,168.75,168.985,166.62,167.182,55617560,167.182,AMZN,3
3707,2021-09-22,167.55,169.45,167.052,169.002,48228060,169.002,AMZN,3
3708,2021-09-23,169.002,171.448,169.002,170.8,47588280,170.8,AMZN,3
3709,2021-09-24,170.1,171.463,169.67,171.276,42324820,171.276,AMZN,3
3710,2021-09-27,168.575,170.778,166.98,170.29,72689000,170.29,AMZN,3
3711,2021-09-28,167.886,168.46,164.505,165.798,88616380,165.798,AMZN,3
3712,2021-09-29,166.106,167.565,164.894,165.056,51245360,165.056,AMZN,3
3713,2021-09-30,165.8,166.392,163.7,164.252,56940660,164.252,AMZN,3
3714,2021-10-01,164.45,165.459,162.797,164.163,56712340,164.163,AMZN,3
3715,2021-10-04,163.969,163.999,158.812,159.489,90461140,159.489,AMZN,3
3716,2021-10-05,160.225,163.036,160.123,161.05,65384160,161.05,AMZN,3
3717,2021-10-06,160.676,163.217,159.931,163.1,50659540,163.1,AMZN,3
3718,2021-10-07,164.577,166.287,164.153,165.122,48181500,165.122,AMZN,3
3719,2021-10-08,165.85,166.072,164.41,164.431,39964340,164.431,AMZN,3
3720,2021-10-11,163.75,164.629,161.905,162.315,40684060,162.315,AMZN,3
3721,2021-10-12,162.85,163.376,161.814,162.366,36391420,162.366,AMZN,3
3722,2021-10-13,163.486,164.419,163.054,164.214,48501720,164.214,AMZN,3
3723,2021-10-14,165.123,165.63,164.539,164.993,42240400,164.993,AMZN,3
3724,2021-10-15,165.571,170.521,165.2,170.451,103598820,170.451,AMZN,3
3725,2021-10-18,169.418,172.459,169.255,172.337,63482300,172.337,AMZN,3
3726,2021-10-19,171.714,172.734,171.1,172.208,47721580,172.208,AMZN,3
3727,2021-10-20,172.633,173.143,170.018,170.753,42795540,170.753,AMZN,3
3728,2021-10-21,170.712,172.014,170.15,171.751,37627700,171.751,AMZN,3
3729,2021-10-22,171.05,171.492,166.565,166.778,62781060,166.778,AMZN,3
3730,2021-10-25,166.75,167.39,164.885,166.018,44519120,166.018,AMZN,3
3731,2021-10-26,167.476,170.806,167.199,168.804,53966840,168.804,AMZN,3
3732,2021-10-27,169.4,171.85,168.573,169.624,54044480,169.624,AMZN,3
3733,2021-10-28,170.105,173.95,169.3,172.329,114174660,172.329,AMZN,3
3734,2021-10-29,165.001,168.741,163.666,168.622,129721540,168.622,AMZN,3
3735,2021-11-01,168.09,168.793,164.601,165.906,72177580,165.906,AMZN,3
3736,2021-11-02,165.751,166.556,164.178,165.638,52551800,165.638,AMZN,3
3737,2021-11-03,165.45,169.746,164.876,169.2,67943780,169.2,AMZN,3
3738,2021-11-04,168.5,174.931,168.25,173.85,107060400,173.85,AMZN,3
3739,2021-11-05,173.85,178.312,173.849,175.95,99939020,175.95,AMZN,3
3740,2021-11-08,176.162,178.95,174.393,174.449,61479840,174.449,AMZN,3
3741,2021-11-09,175.762,179.688,175.071,178.812,85898440,178.812,AMZN,3
3742,2021-11-10,178.194,180.272,173.154,174.103,80548440,174.103,AMZN,3
3743,2021-11-11,175.65,177.162,173.373,173.625,45288120,173.625,AMZN,3
3744,2021-11-12,174.25,177.036,172.353,176.258,53788680,176.258,AMZN,3
3745,2021-11-15,176.85,179.694,176.29,177.284,58594380,177.284,AMZN,3
3746,2021-11-16,176.95,178.825,176.257,177.035,44341420,177.035,AMZN,3
3747,2021-11-17,178.236,179.362,177.267,177.45,51205400,177.45,AMZN,3
3748,2021-11-18,178.318,185.21,178.05,184.803,114070760,184.803,AMZN,3
3749,2021-11-19,185.634,188.107,183.786,183.829,98924060,183.829,AMZN,3
3750,2021-11-22,183.819,185.673,178.375,178.628,96957000,178.628,AMZN,3
3751,2021-11-23,179.252,181.052,176.386,179.002,73844920,179.002,AMZN,3
3752,2021-11-24,178.134,180.682,176.842,179.02,46560360,179.02,AMZN,3
3753,2021-11-26,180.105,181.675,175.208,175.228,59825940,175.228,AMZN,3
3754,2021-11-29,177.382,179.8,176.575,178.079,65311140,178.079,AMZN,3
3755,2021-11-30,178.175,179.288,174.6,175.354,80022140,175.354,AMZN,3
3756,2021-12-01,177.25,177.994,172.08,172.186,75139900,172.186,AMZN,3
3757,2021-12-02,173.0,174.635,171.188,171.868,64725760,171.868,AMZN,3
3758,2021-12-03,172.75,173.493,166.93,169.49,80711000,169.49,AMZN,3
3759,2021-12-06,169.65,173.695,166.934,171.368,68860000,171.368,AMZN,3
3760,2021-12-07,174.6,177.499,173.334,176.164,66410720,176.164,AMZN,3
3761,2021-12-08,176.151,177.18,174.751,176.158,45253660,176.158,AMZN,3
3762,2021-12-09,175.75,176.969,174.14,174.171,46061820,174.171,AMZN,3
3763,2021-12-10,175.417,175.927,170.5,172.212,60689760,172.212,AMZN,3
3764,2021-12-13,172.0,172.1,169.13,169.568,62169000,169.568,AMZN,3
3765,2021-12-14,167.55,169.499,166.44,169.092,55975280,169.092,AMZN,3
3766,2021-12-15,168.598,173.6,165.195,173.315,75794260,173.315,AMZN,3
3767,2021-12-16,173.369,174.166,168.16,168.871,60876840,168.871,AMZN,3
3768,2021-12-17,167.71,170.898,165.614,170.017,85755160,170.017,AMZN,3
3769,2021-12-20,166.85,167.874,165.6,167.079,57372660,167.079,AMZN,3
3770,2021-12-21,167.85,170.716,165.647,170.417,55955820,170.417,AMZN,3
3771,2021-12-22,169.27,172.05,168.501,171.037,55035460,171.037,AMZN,3
3772,2021-12-23,170.428,171.975,170.15,171.068,36788240,171.068,AMZN,3
3773,2021-12-27,171.037,172.943,169.216,169.67,58846820,169.67,AMZN,3
3774,2021-12-28,170.182,172.176,169.136,170.661,54711860,170.661,AMZN,3
3775,2021-12-29,170.84,171.212,168.601,169.201,35754040,169.201,AMZN,3
3776,2021-12-30,169.7,170.888,168.524,168.644,37583100,168.644,AMZN,3
3777,2021-12-31,168.956,169.35,166.558,166.717,47830380,166.717,AMZN,3
3778,2022-01-03,167.55,170.704,166.16,170.404,63869140,170.404,AMZN,3
3779,2022-01-04,170.438,171.4,166.349,167.522,70725160,167.522,AMZN,3
3780,2022-01-05,166.883,167.126,164.357,164.357,64302720,164.357,AMZN,3
3781,2022-01-06,163.45,164.8,161.937,163.254,51957780,163.254,AMZN,3
3782,2022-01-07,163.839,165.243,162.031,162.554,46605900,162.554,AMZN,3
3783,2022-01-10,160.586,161.662,156.305,161.486,87798300,161.486,AMZN,3
3784,2022-01-11,161.5,166.35,160.702,165.362,62805580,165.362,AMZN,3
3785,2022-01-12,166.575,166.878,164.417,165.207,50029120,165.207,AMZN,3
3786,2022-01-13,165.251,166.221,161.091,161.214,52188300,161.214,AMZN,3
3787,2022-01-14,160.15,162.25,159.8,162.138,45974860,162.138,AMZN,3
3788,2022-01-18,159.105,159.734,157.664,158.918,67441440,158.918,AMZN,3
3789,2022-01-19,158.762,159.25,156.25,156.299,53241920,156.299,AMZN,3
3790,2022-01-20,156.766,158.0,151.351,151.668,71973320,151.668,AMZN,3
3791,2022-01-21,149.95,150.9,142.07,142.643,163971440,142.643,AMZN,3
3792,2022-01-24,139.0,144.945,135.352,144.544,156044740,144.544,AMZN,3
3793,2022-01-25,142.242,143.6,138.145,139.986,90824660,139.986,AMZN,3
3794,2022-01-26,144.75,145.185,137.318,138.872,95601700,138.872,AMZN,3
3795,2022-01-27,140.8,144.243,139.35,139.638,77515800,139.638,AMZN,3
3796,2022-01-28,140.86,143.998,137.929,143.978,74391980,143.978,AMZN,3
3797,2022-01-31,144.75,150.36,144.301,149.574,78307440,149.574,AMZN,3
3798,2022-02-01,150.0,151.708,147.628,151.194,59219840,151.194,AMZN,3
3799,2022-02-02,155.05,155.075,148.864,150.612,87329760,150.612,AMZN,3
3800,2022-02-03,141.738,144.248,138.333,138.846,225531360,138.846,AMZN,3
3801,2022-02-04,155.606,161.2,150.608,157.64,253455860,157.64,AMZN,3
3802,2022-02-07,158.52,162.691,157.25,157.936,102624380,157.936,AMZN,3
3803,2022-02-08,156.751,161.792,155.55,161.414,76040360,161.414,AMZN,3
3804,2022-02-09,162.873,163.834,160.25,161.19,68785600,161.19,AMZN,3
3805,2022-02-10,158.35,160.716,157.75,159.004,68268120,159.004,AMZN,3
3806,2022-02-11,158.135,159.0,152.734,153.294,77100440,153.294,AMZN,3
3807,2022-02-14,151.751,158.448,151.65,155.167,83230700,155.167,AMZN,3
3808,2022-02-15,157.606,158.007,154.638,156.51,56970660,156.51,AMZN,3
3809,2022-02-16,155.79,158.834,154.734,158.1,52704280,158.1,AMZN,3
3810,2022-02-17,158.146,160.349,154.5,154.652,64032500,154.652,AMZN,3
3811,2022-02-18,155.499,155.499,150.893,152.602,63604100,152.602,AMZN,3
3812,2022-02-22,150.478,152.983,148.486,150.198,66128240,150.198,AMZN,3
3813,2022-02-23,151.651,151.763,144.651,144.827,64243560,144.827,AMZN,3
3814,2022-02-24,139.838,151.749,139.5,151.358,100785760,151.358,AMZN,3
3815,2022-02-25,150.55,153.99,149.214,153.788,62395360,153.788,AMZN,3
3816,2022-02-28,152.425,154.45,150.85,153.563,57683420,153.563,AMZN,3
3817,2022-03-01,152.733,154.099,149.977,151.142,44873580,151.142,AMZN,3
3818,2022-03-02,150.908,152.999,148.75,152.052,47334720,152.052,AMZN,3
3819,2022-03-03,153.532,153.929,146.856,147.898,65197200,147.898,AMZN,3
3820,2022-03-04,147.159,147.85,143.807,145.641,60983120,145.641,AMZN,3
3821,2022-03-07,145.444,146.094,137.416,137.453,86933860,137.453,AMZN,3
3822,2022-03-08,136.684,140.7,133.572,136.014,91662580,136.014,AMZN,3
3823,2022-03-09,139.5,140.25,136.828,139.279,82656660,139.279,AMZN,3
3824,2022-03-10,145.685,148.674,143.978,146.818,135062900,146.818,AMZN,3
3825,2022-03-11,149.574,149.675,145.369,145.524,68900560,145.524,AMZN,3
3826,2022-03-14,145.981,147.45,140.884,141.853,74086100,141.853,AMZN,3
3827,2022-03-15,142.85,147.985,142.0,147.366,75584600,147.366,AMZN,3
3828,2022-03-16,148.5,153.15,147.354,153.104,84957680,153.104,AMZN,3
3829,2022-03-17,152.64,157.498,152.14,157.239,72934840,157.239,AMZN,3
3830,2022-03-18,156.813,161.594,156.011,161.251,102962760,161.251,AMZN,3
3831,2022-03-21,161.121,163.084,159.553,161.492,66537520,161.492,AMZN,3
3832,2022-03-22,161.806,166.167,161.699,164.889,64086120,164.889,AMZN,3
3833,2022-03-23,163.705,166.37,162.687,163.408,55811860,163.408,AMZN,3
3834,2022-03-24,163.749,164.118,160.05,163.65,56798060,163.65,AMZN,3
3835,2022-03-25,164.0,165.368,162.25,164.773,49085500,164.773,AMZN,3
3836,2022-03-28,164.975,169.038,164.9,168.99,59853820,168.99,AMZN,3
3837,2022-03-29,170.384,170.832,167.868,169.315,66153600,169.315,AMZN,3
3838,2022-03-30,168.51,168.95,165.5,166.301,56167260,166.301,AMZN,3
3839,2022-03-31,166.445,166.495,162.954,162.998,59965780,162.998,AMZN,3
3840,2022-04-01,164.15,165.827,162.32,163.56,57089500,163.56,AMZN,3
3841,2022-04-04,164.125,168.394,163.206,168.346,50007960,168.346,AMZN,3
3842,2022-04-05,167.742,168.11,163.266,164.055,53728560,164.055,AMZN,3
3843,2022-04-06,161.651,162.2,157.254,158.756,79055760,158.756,AMZN,3
3844,2022-04-07,158.4,160.079,154.512,157.784,68136780,157.784,AMZN,3
3845,2022-04-08,156.75,157.368,154.231,154.46,46001660,154.46,AMZN,3
3846,2022-04-11,152.713,154.136,150.534,151.122,52112340,151.122,AMZN,3
3847,2022-04-12,153.692,155.099,150.383,150.788,55177440,150.788,AMZN,3
3848,2022-04-13,150.018,156.025,149.6,155.541,53390880,155.541,AMZN,3
3849,2022-04-14,155.39,155.897,151.472,151.706,51598140,151.706,AMZN,3
3850,2022-04-18,151.523,154.04,150.251,152.785,46513520,152.785,AMZN,3
3851,2022-04-19,152.03,158.649,151.55,158.116,54926420,158.116,AMZN,3
3852,2022-04-20,157.603,157.603,153.604,153.998,59630020,153.998,AMZN,3
3853,2022-04-21,154.714,156.738,147.59,148.296,63969320,148.296,AMZN,3
3854,2022-04-22,148.25,149.615,143.698,144.35,73078580,144.35,AMZN,3
3855,2022-04-25,144.023,146.222,142.307,146.074,61874980,146.074,AMZN,3
3856,2022-04-26,144.8,144.856,138.93,139.391,77529160,139.391,AMZN,3
3857,2022-04-27,140.192,141.948,135.784,138.167,71336300,138.167,AMZN,3
3858,2022-04-28,142.178,145.938,140.3,144.596,117316940,144.596,AMZN,3
3859,2022-04-29,129.849,130.761,121.625,124.282,272661720,124.282,AMZN,3
3860,2022-05-02,122.401,124.668,118.375,124.5,148788980,124.5,AMZN,3
3861,2022-05-03,124.054,126.22,122.825,124.254,79133360,124.254,AMZN,3
3862,2022-05-04,123.6,126.0,119.183,125.929,110745360,125.929,AMZN,3
3863,2022-05-05,123.0,123.499,115.072,116.407,144391220,116.407,AMZN,3
3864,2022-05-06,114.85,119.051,113.081,114.772,124259900,114.772,AMZN,3
3865,2022-05-09,111.312,114.0,107.957,108.789,128124380,108.789,AMZN,3
3866,2022-05-10,111.25,112.642,107.171,108.859,105433820,108.859,AMZN,3
3867,2022-05-11,108.104,110.156,104.429,105.372,109703640,105.372,AMZN,3
3868,2022-05-12,102.75,110.781,102.406,106.931,132025140,106.931,AMZN,3
3869,2022-05-13,109.069,113.184,107.8,113.055,93684560,113.055,AMZN,3
3870,2022-05-16,113.1,113.992,110.354,110.81,74565740,110.81,AMZN,3
3871,2022-05-17,113.275,115.8,111.277,115.368,76447740,115.368,AMZN,3
3872,2022-05-18,111.44,112.853,106.249,107.112,108379180,107.112,AMZN,3
3873,2022-05-19,106.28,110.034,106.193,107.319,88142540,107.319,AMZN,3
3874,2022-05-20,109.568,109.898,105.009,107.591,99500640,107.591,AMZN,3
3875,2022-05-23,108.461,108.819,103.95,107.557,107797360,107.557,AMZN,3
3876,2022-05-24,104.025,105.4,101.26,104.1,102934680,104.1,AMZN,3
3877,2022-05-25,103.656,108.175,103.65,106.775,93120100,106.775,AMZN,3
3878,2022-05-26,107.97,112.665,107.454,111.078,93002600,111.078,AMZN,3
3879,2022-05-27,113.55,115.187,112.628,115.146,93660160,115.146,AMZN,3
3880,2022-05-31,116.28,121.994,115.675,120.21,144634160,120.21,AMZN,3
3881,2022-06-01,122.256,125.179,120.622,121.684,127528980,121.684,AMZN,3
3882,2022-06-02,121.684,125.61,120.045,125.511,100560680,125.511,AMZN,3
3883,2022-06-03,124.2,124.4,121.046,122.35,97603320,122.35,AMZN,3
3884,2022-06-06,125.245,128.99,123.81,124.79,135269024,124.79,AMZN,3
3885,2022-06-07,122.005,124.1,120.63,123.0,85156712,123.0,AMZN,3
3886,2022-06-08,122.61,123.75,120.75,121.18,64926594,121.18,AMZN,3
3887,2022-06-09,119.99,121.3,116.1,116.15,67029842,116.15,AMZN,3
3888,2022-06-10,113.415,114.5,109.05,109.65,87412245,109.65,AMZN,3
3889,2022-06-13,104.19,106.54,101.86,103.67,99277742,103.67,AMZN,3
3890,2022-06-14,104.19,104.88,101.43,102.31,69728761,102.31,AMZN,3
3891,2022-06-15,103.86,109.06,103.53,107.67,85011060,107.67,AMZN,3
3892,2022-06-16,104.47,104.58,102.01,103.66,82186301,103.66,AMZN,3
3893,2022-06-17,102.8,106.98,102.51,106.22,99772147,106.22,AMZN,3
3894,2022-06-21,108.2,111.6299,103.56,108.68,70901245,108.68,AMZN,3
3895,2022-06-22,107.43,112.13,107.02,108.95,60040131,108.95,AMZN,3
3896,2022-06-23,110.39,113.0,107.93,112.44,64345300,112.44,AMZN,3
3897,2022-06-24,112.38,116.71,111.43,116.46,69867618,116.46,AMZN,3
3898,2022-06-27,117.09,117.98,112.7,113.22,62133240,113.22,AMZN,3
3899,2022-06-28,113.5,114.85,107.04,107.4,75172028,107.4,AMZN,3
3900,2022-06-29,107.38,110.99,106.91,108.92,66375341,108.92,AMZN,3
3901,2022-06-30,108.11,108.18,102.52,106.21,97679401,106.21,AMZN,3
3902,2022-07-01,106.29,109.75,105.8469,109.56,73021171,109.56,AMZN,3
3903,2022-07-05,107.6,114.08,106.3242,113.5,76684414,113.5,AMZN,3
3904,2022-07-06,113.21,115.48,112.01,114.33,66958884,114.33,AMZN,3
3905,2022-07-07,113.85,116.99,113.49,116.33,57872323,116.33,AMZN,3
3906,2022-07-08,114.6,116.58,113.69,115.54,45719694,115.54,AMZN,3
3907,2022-07-11,114.08,114.3,110.87,111.75,53540019,111.75,AMZN,3
3908,2022-07-12,112.16,113.23,108.34,109.22,54280257,109.22,AMZN,3
3909,2022-07-13,107.03,111.78,106.01,110.4,61353812,110.4,AMZN,3
3910,2022-07-14,110.24,111.18,107.58,110.63,51163140,110.63,AMZN,3
3911,2022-07-15,112.5,115.59,111.59,113.55,84317816,113.55,AMZN,3
3912,2022-07-18,115.0,117.24,113.15,113.76,59115419,113.76,AMZN,3
3913,2022-07-19,115.7,118.95,114.03,118.21,60990043,118.21,AMZN,3
3914,2022-07-20,118.615,123.475,118.32,122.77,71268322,122.77,AMZN,3
3915,2022-07-21,123.2,124.85,121.26,124.63,60239892,124.63,AMZN,3
3916,2022-07-22,125.01,125.5,121.3504,122.42,51463797,122.42,AMZN,3
3917,2022-07-25,122.695,123.64,120.03,121.14,50221259,121.14,AMZN,3
3918,2022-07-26,115.79,118.15,114.53,114.81,67075064,114.81,AMZN,3
3919,2022-07-27,117.31,121.9,117.16,120.97,61582015,120.97,AMZN,3
3920,2022-07-28,121.57,122.84,118.08,122.28,82245543,122.28,AMZN,3
3921,2022-07-29,134.9,137.65,132.41,134.95,148892889,134.95,AMZN,3
3922,2022-08-01,134.96,138.8339,133.51,135.39,76846908,135.39,AMZN,3
3923,2022-08-02,134.72,137.44,134.09,134.16,61922429,134.16,AMZN,3
3924,2022-08-03,136.21,140.49,136.05,139.52,71827780,139.52,AMZN,3
3925,2022-08-04,140.58,143.56,139.55,142.57,70585020,142.57,AMZN,3
3926,2022-08-05,140.1,142.86,139.6,140.8,50686865,140.8,AMZN,3
3927,2022-08-08,142.05,144.23,138.29,139.41,52303475,139.41,AMZN,3
3928,2022-08-09,138.052,138.9523,136.21,137.83,40434715,137.83,AMZN,3
3929,2022-08-10,142.9,144.6,141.01,142.69,54773819,142.69,AMZN,3
3930,2022-08-11,143.86,144.49,139.76,140.64,44867336,140.64,AMZN,3
3931,2022-08-12,142.05,143.57,140.1201,143.55,47643484,143.55,AMZN,3
3932,2022-08-15,142.8,143.76,141.49,143.18,39014583,143.18,AMZN,3
3933,2022-08-16,143.905,146.57,142.0,144.78,59102859,144.78,AMZN,3
3934,2022-08-17,142.69,143.38,140.78,142.1,48149778,142.1,AMZN,3
3935,2022-08-18,141.32,142.77,140.38,142.3,37458737,142.3,AMZN,3
3936,2022-08-19,140.47,141.11,137.9142,138.23,47792843,138.23,AMZN,3
3937,2022-08-22,135.72,136.32,132.85,133.22,50461504,133.22,AMZN,3
3938,2022-08-23,133.41,134.99,132.95,133.62,36252103,133.62,AMZN,3
3939,2022-08-24,132.75,135.47,132.1,133.8,38626978,133.8,AMZN,3
3940,2022-08-25,135.26,137.42,134.28,137.28,37496283,137.28,AMZN,3
3941,2022-08-26,136.55,137.83,130.5,130.75,53322663,130.75,AMZN,3
3942,2022-08-29,129.9,131.9499,128.77,129.79,48101638,129.79,AMZN,3
3943,2022-08-30,131.25,132.0745,126.85,128.73,49202990,128.73,AMZN,3
3944,2022-08-31,129.45,130.59,126.74,126.77,53648702,126.77,AMZN,3
3945,2022-09-01,126.0,128.02,123.66,127.82,56636145,127.82,AMZN,3
3946,2022-09-02,129.5,131.38,126.39,127.51,57429829,127.51,AMZN,3
3947,2022-09-06,127.92,128.62,124.74,126.11,43888587,126.11,AMZN,3
3948,2022-09-07,126.12,129.82,125.4,129.48,47834487,129.48,AMZN,3
3949,2022-09-08,127.72,130.28,127.1,129.82,43988509,129.82,AMZN,3
3950,2022-09-09,130.91,133.69,130.76,133.27,49422259,133.27,AMZN,3
3951,2022-09-12,134.095,136.49,134.0,136.45,53826859,136.45,AMZN,3
3952,2022-09-13,131.01,131.4,126.27,126.82,72694010,126.82,AMZN,3
3953,2022-09-14,127.364,128.84,126.33,128.55,45316772,128.55,AMZN,3
3954,2022-09-15,127.38,130.37,125.495,126.28,52887196,126.28,AMZN,3
3955,2022-09-16,122.78,123.87,120.7,123.53,115667804,123.53,AMZN,3
3956,2022-09-19,122.16,124.71,121.8,124.66,47279727,124.66,AMZN,3
3957,2022-09-20,123.35,124.3963,121.14,122.19,47698432,122.19,AMZN,3
3958,2022-09-21,122.49,123.76,118.45,118.54,58498887,118.54,AMZN,3
3959,2022-09-22,117.08,118.79,116.26,117.31,55229190,117.31,AMZN,3
3960,2022-09-23,116.0,116.05,112.06,113.78,65126665,113.78,AMZN,3
3961,2022-09-26,113.295,117.34,113.13,115.15,62723268,115.15,AMZN,3
3962,2022-09-27,117.195,118.32,113.05,114.41,60094693,114.41,AMZN,3
3963,2022-09-28,114.38,118.7,113.8,118.01,55763750,118.01,AMZN,3
3964,2022-09-29,115.6,116.07,113.06,114.8,58969714,114.8,AMZN,3
3965,2022-09-30,114.075,116.92,112.84,113.0,59479586,113.0,AMZN,3
3966,2022-10-03,113.58,116.91,112.45,115.88,50941854,115.88,AMZN,3
3967,2022-10-04,119.89,123.0,119.79,121.09,62812564,121.09,AMZN,3
3968,2022-10-05,118.58,121.75,117.69,120.95,48217535,120.95,AMZN,3
3969,2022-10-06,120.77,121.53,119.5,120.3,42253755,120.3,AMZN,3
3970,2022-10-07,118.0,118.17,113.88,114.56,54677980,114.56,AMZN,3
3971,2022-10-10,115.1,116.25,112.43,113.67,42339675,113.67,AMZN,3
3972,2022-10-11,112.71,115.48,110.39,112.21,56432233,112.21,AMZN,3
3973,2022-10-12,112.49,113.83,111.4,112.9,45728660,112.9,AMZN,3
3974,2022-10-13,107.88,113.44,105.345,112.53,86868103,112.53,AMZN,3
3975,2022-10-14,114.1,114.96,106.6,106.9,67737344,106.9,AMZN,3
3976,2022-10-17,110.11,114.19,110.09,113.79,62781985,113.79,AMZN,3
3977,2022-10-18,119.06,119.52,114.79,116.36,65607448,116.36,AMZN,3
3978,2022-10-19,114.71,116.5932,113.22,115.07,47198122,115.07,AMZN,3
3979,2022-10-20,113.83,118.24,113.51,115.25,48795104,115.25,AMZN,3
3980,2022-10-21,114.792,119.59,114.5,119.32,55660485,119.32,AMZN,3
3981,2022-10-24,119.98,120.39,116.57,119.82,49531523,119.82,AMZN,3
3982,2022-10-25,119.65,121.3152,118.95,120.6,50934609,120.6,AMZN,3
3983,2022-10-26,116.0,119.3457,114.76,115.66,69002457,115.66,AMZN,3
3984,2022-10-27,113.92,114.12,109.77,110.96,129605362,110.96,AMZN,3
3985,2022-10-28,97.905,103.96,97.66,103.41,223133398,103.41,AMZN,3
3986,2022-10-31,103.56,104.87,100.74,102.44,99251395,102.44,AMZN,3
3987,2022-11-01,103.99,104.58,96.06,96.79,153370032,96.79,AMZN,3
3988,2022-11-02,97.315,97.74,92.01,92.12,135761798,92.12,AMZN,3
3989,2022-11-03,92.47,93.5,89.02,89.3,136683303,89.3,AMZN,3
3990,2022-11-04,91.49,92.44,88.04,90.98,129101336,90.98,AMZN,3
3991,2022-11-07,91.95,92.1,89.04,90.53,77495728,90.53,AMZN,3
3992,2022-11-08,90.79,91.72,88.23,89.98,88703370,89.98,AMZN,3
3993,2022-11-09,89.47,89.48,85.87,86.14,90796249,86.14,AMZN,3
3994,2022-11-10,92.935,98.69,91.65,96.63,173414862,96.63,AMZN,3
3995,2022-11-11,97.88,101.19,96.66,100.79,111590544,100.79,AMZN,3
3996,2022-11-14,98.77,100.1199,97.29,98.49,99533072,98.49,AMZN,3
3997,2022-11-15,103.21,103.79,97.34,98.94,111336317,98.94,AMZN,3
3998,2022-11-16,96.85,98.4879,95.54,97.12,87958828,97.12,AMZN,3
3999,2022-11-17,95.37,96.97,94.03,94.85,82617865,94.85,AMZN,3
4000,2022-11-18,95.95,95.99,92.48,94.14,72428185,94.14,AMZN,3
4001,2022-11-21,93.97,95.02,90.59,92.46,84330270,92.46,AMZN,3
4002,2022-11-22,92.62,93.35,90.87,93.2,62191962,93.2,AMZN,3
4003,2022-11-23,93.24,94.58,92.83,94.13,59414684,94.13,AMZN,3
4004,2022-11-25,93.79,94.43,93.065,93.41,35088609,93.41,AMZN,3
4005,2022-11-28,93.93,96.4,93.43,93.95,75062316,93.95,AMZN,3
4006,2022-11-29,94.04,94.41,91.44,92.42,65567286,92.42,AMZN,3
4007,2022-11-30,92.47,96.54,91.525,96.54,102805806,96.54,AMZN,3
4008,2022-12-01,96.99,97.23,94.92,95.5,68487969,95.5,AMZN,3
4009,2022-12-02,94.475,95.36,93.78,94.13,72496388,94.13,AMZN,3
4010,2022-12-05,93.05,94.06,90.82,91.01,71535526,91.01,AMZN,3
4011,2022-12-06,90.5,91.04,87.9,88.25,75503628,88.25,AMZN,3
4012,2022-12-07,88.34,89.89,87.48,88.46,68086880,88.46,AMZN,3
4013,2022-12-08,89.24,90.86,87.88,90.35,73305887,90.35,AMZN,3
4014,2022-12-09,88.9,90.3,88.63,89.09,67398506,89.09,AMZN,3
4015,2022-12-12,89.21,90.58,87.87,90.55,61999762,90.55,AMZN,3
4016,2022-12-13,95.23,96.25,90.52,92.49,100212038,92.49,AMZN,3
4017,2022-12-14,92.502,93.4581,89.87,91.58,70298006,91.58,AMZN,3
4018,2022-12-15,89.89,89.97,87.47,88.45,84802877,88.45,AMZN,3
4019,2022-12-16,88.265,89.35,86.73,87.86,146144064,87.86,AMZN,3
4020,2022-12-19,87.51,87.63,84.51,84.92,83531460,84.92,AMZN,3
4021,2022-12-20,85.33,86.61,84.33,85.19,74348301,85.19,AMZN,3
4022,2022-12-21,86.175,87.225,85.21,86.77,59267156,86.77,AMZN,3
4023,2022-12-22,85.52,85.68,82.25,83.79,81431314,83.79,AMZN,3
4024,2022-12-23,83.25,85.78,82.9344,85.25,57433655,85.25,AMZN,3
4025,2022-12-27,84.97,85.35,83.0,83.04,57284035,83.04,AMZN,3
4026,2022-12-28,82.8,83.48,81.69,81.82,58228575,81.82,AMZN,3
4027,2022-12-29,82.87,84.55,82.55,84.18,54995895,84.18,AMZN,3
4028,2022-12-30,83.12,84.05,82.47,84.0,62401194,84.0,AMZN,3
4029,2023-01-03,85.46,86.96,84.205,85.82,76706040,85.82,AMZN,3
4030,2023-01-04,86.55,86.98,83.36,85.14,68885123,85.14,AMZN,3
4031,2023-01-05,85.33,85.42,83.07,83.12,67930825,83.12,AMZN,3
4032,2023-01-06,83.03,86.4,81.43,86.08,83303361,86.08,AMZN,3
4033,2023-01-09,87.46,89.48,87.08,87.36,65266056,87.36,AMZN,3
4034,2023-01-10,87.57,90.185,87.29,89.87,67756601,89.87,AMZN,3
4035,2023-01-11,90.93,95.26,90.93,95.09,103126183,95.09,AMZN,3
4036,2023-01-12,96.93,97.19,93.5,95.27,85254781,95.27,AMZN,3
4037,2023-01-13,94.18,98.37,94.12,98.12,85549432,98.12,AMZN,3
4038,2023-01-17,98.68,98.89,95.73,96.05,72755001,96.05,AMZN,3
4039,2023-01-18,97.25,99.32,95.38,95.46,79570370,95.46,AMZN,3
4040,2023-01-19,94.74,95.44,92.86,93.68,69002663,93.68,AMZN,3
4041,2023-01-20,93.86,97.354,93.2025,97.25,67481539,97.25,AMZN,3
4042,2023-01-23,97.56,97.78,95.86,97.52,76501103,97.52,AMZN,3
4043,2023-01-24,96.93,98.09,96.0,96.32,66929452,96.32,AMZN,3
4044,2023-01-25,92.56,97.24,91.52,97.18,94261570,97.18,AMZN,3
4045,2023-01-26,98.235,99.49,96.92,99.22,68523557,99.22,AMZN,3
4046,2023-01-27,99.53,103.485,99.53,102.24,87775614,102.24,AMZN,3
4047,2023-01-30,101.09,101.74,99.01,100.55,70691860,100.55,AMZN,3
4048,2023-01-31,101.155,103.3484,101.14,103.13,66527253,103.13,AMZN,3
4049,2023-02-01,102.53,106.24,101.24,105.15,80450121,105.15,AMZN,3
4050,2023-02-02,110.245,114.0,108.88,112.91,158154243,112.91,AMZN,3
4051,2023-02-03,105.26,108.78,102.52,103.39,144374828,103.39,AMZN,3
4052,2023-02-06,102.925,103.9484,100.65,102.18,81945199,102.18,AMZN,3
4053,2023-02-07,101.17,102.41,98.08,102.11,119501301,102.11,AMZN,3
4054,2023-02-08,102.04,102.6699,98.775,100.05,75878304,100.05,AMZN,3
4055,2023-02-09,101.32,101.78,97.57,98.24,64622489,98.24,AMZN,3
4056,2023-02-10,97.56,98.8163,96.23,97.61,52740133,97.61,AMZN,3
4057,2023-02-13,97.85,99.68,96.91,99.54,52841464,99.54,AMZN,3
4058,2023-02-14,98.41,100.9207,97.52,99.7,56202898,99.7,AMZN,3
4059,2023-02-15,99.09,101.17,98.45,101.16,48053879,101.16,AMZN,3
4060,2023-02-16,99.21,100.63,98.1,98.15,56339173,98.15,AMZN,3
4061,2023-02-17,97.8,97.94,95.65,97.2,60029405,97.2,AMZN,3
4062,2023-02-21,95.335,95.605,94.27,94.58,56580360,94.58,AMZN,3
4063,2023-02-22,95.1,97.01,94.8,95.79,59534094,95.79,AMZN,3
4064,2023-02-23,96.12,96.43,93.67,95.82,48466994,95.82,AMZN,3
4065,2023-02-24,93.53,94.14,92.3186,93.5,57053812,93.5,AMZN,3
4066,2023-02-27,94.28,94.78,93.14,93.76,47470321,93.76,AMZN,3
4067,2023-02-28,93.14,94.69,92.92,94.23,43959290,94.23,AMZN,3
4068,2023-03-01,93.87,94.68,91.59,92.17,52299524,92.17,AMZN,3
4069,2023-03-02,91.41,92.23,90.39,92.13,55574820,92.13,AMZN,3
4070,2023-03-03,92.74,94.94,92.66,94.9,55759609,94.9,AMZN,3
4071,2023-03-06,95.19,96.545,93.74,93.75,52112355,93.75,AMZN,3
4072,2023-03-07,94.06,95.09,92.78,93.55,49100668,93.55,AMZN,3
4073,2023-03-08,93.6,94.165,92.18,93.92,44899128,93.92,AMZN,3
4074,2023-03-09,93.68,96.21,92.18,92.25,56218705,92.25,AMZN,3
4075,2023-03-10,92.67,93.57,90.245,90.73,69827490,90.73,AMZN,3
4076,2023-03-13,89.97,94.02,88.12,92.43,72397053,92.43,AMZN,3
4077,2023-03-14,93.83,95.07,92.71,94.88,60912674,94.88,AMZN,3
4078,2023-03-15,93.22,96.67,93.07,96.2,70731792,96.2,AMZN,3
4079,2023-03-16,95.75,100.99,95.61,100.04,84558934,100.04,AMZN,3
4080,2023-03-17,99.79,100.66,97.455,98.95,87300242,98.95,AMZN,3
4081,2023-03-20,98.41,98.48,95.7,97.71,62388911,97.71,AMZN,3
4082,2023-03-21,98.14,100.845,98.0,100.61,58597275,100.61,AMZN,3
4083,2023-03-22,100.45,102.1,98.61,98.7,57475365,98.7,AMZN,3
4084,2023-03-23,100.43,101.06,97.62,98.71,57559310,98.71,AMZN,3
4085,2023-03-24,98.065,98.3,96.4,98.13,56144801,98.13,AMZN,3
4086,2023-03-27,99.07,99.34,97.08,98.04,46721296,98.04,AMZN,3
4087,2023-03-28,98.11,98.44,96.29,97.24,38720050,97.24,AMZN,3
4088,2023-03-29,98.69,100.4218,98.56,100.25,49783279,100.25,AMZN,3
4089,2023-03-30,101.55,103.04,101.01,102.0,53633398,102.0,AMZN,3
4090,2023-03-31,102.16,103.49,101.95,103.29,56750317,103.29,AMZN,3
4091,2023-04-03,102.3,103.29,101.43,102.41,41135733,102.41,AMZN,3
4092,2023-04-04,102.75,104.2,102.11,103.95,48662496,103.95,AMZN,3
4093,2023-04-05,103.91,103.91,100.7506,101.1,45175393,101.1,AMZN,3
4094,2023-04-06,100.75,102.3817,99.8008,102.06,43808020,102.06,AMZN,3
4095,2023-04-10,100.96,102.2,99.57,102.17,37261185,102.17,AMZN,3
4096,2023-04-11,100.8,101.0,99.01,99.92,60417847,99.92,AMZN,3
4097,2023-04-12,100.4,100.51,97.705,97.83,56735007,97.83,AMZN,3
4098,2023-04-13,98.95,102.57,98.71,102.4,67925138,102.4,AMZN,3
4099,2023-04-14,102.07,103.2013,101.11,102.51,51450522,102.51,AMZN,3
4100,2023-04-17,103.16,103.73,101.59,102.74,39919457,102.74,AMZN,3
4101,2023-04-18,103.95,104.2,101.52,102.3,39790518,102.3,AMZN,3
4102,2023-04-19,101.58,105.12,101.39,104.3,58398890,104.3,AMZN,3
4103,2023-04-20,103.53,105.25,103.21,103.81,57696866,103.81,AMZN,3
4104,2023-04-21,106.1,108.15,105.08,106.96,86774185,106.96,AMZN,3
4105,2023-04-24,107.655,109.23,105.07,106.21,69575610,106.21,AMZN,3
4106,2023-04-25,104.91,105.45,102.45,102.57,65026818,102.57,AMZN,3
4107,2023-04-26,105.04,106.62,104.1,104.98,73803790,104.98,AMZN,3
4108,2023-04-27,108.16,110.86,106.8,109.82,149961167,109.82,AMZN,3
4109,2023-04-28,107.73,109.48,104.33,105.45,130715946,105.45,AMZN,3
4110,2023-05-01,104.95,105.23,101.82,102.05,74728096,102.05,AMZN,3
4111,2023-05-02,101.47,103.9,101.15,103.63,73469350,103.63,AMZN,3
4112,2023-05-03,103.735,105.96,103.28,103.65,65051925,103.65,AMZN,3
4113,2023-05-04,104.04,105.39,103.3117,104.0,45345523,104.0,AMZN,3
4114,2023-05-05,104.27,105.76,103.55,105.655,56951744,105.655,AMZN,3
4115,2023-05-08,105.04,106.095,104.7001,105.83,49430909,105.83,AMZN,3
4116,2023-05-09,105.48,106.79,105.1567,106.62,44089359,106.62,AMZN,3
4117,2023-05-10,108.1,110.67,108.05,110.19,78627616,110.19,AMZN,3
4118,2023-05-11,111.03,113.28,110.49,112.18,74924841,112.18,AMZN,3
4119,2023-05-12,112.16,112.64,109.3185,110.26,49852671,110.26,AMZN,3
4120,2023-05-15,111.15,112.29,109.25,111.2,53011145,111.2,AMZN,3
4121,2023-05-16,111.05,114.7899,111.05,113.4,71472908,113.4,AMZN,3
4122,2023-05-17,114.89,115.83,114.22,115.5,65655177,115.5,AMZN,3
4123,2023-05-18,116.69,118.6,116.335,118.15,73174087,118.15,AMZN,3
4124,2023-05-19,118.16,118.31,115.7,116.25,55056307,116.25,AMZN,3
4125,2023-05-22,116.77,116.77,114.25,115.01,70741123,115.01,AMZN,3
4126,2023-05-23,114.27,117.14,113.78,114.99,67576262,114.99,AMZN,3
4127,2023-05-24,115.35,117.34,115.02,116.75,63487938,116.75,AMZN,3
4128,2023-05-25,116.63,116.87,114.31,115.0,66496681,115.0,AMZN,3
4129,2023-05-26,116.04,121.5,116.02,120.11,96779889,120.11,AMZN,3
4130,2023-05-30,122.37,122.92,119.855,121.66,64314808,121.66,AMZN,3
4131,2023-05-31,121.45,122.04,119.17,120.58,72800787,120.58,AMZN,3
4132,2023-06-01,120.69,123.49,119.93,122.77,54375131,122.77,AMZN,3
4133,2023-06-02,124.92,126.39,124.015,124.25,61264414,124.25,AMZN,3
4134,2023-06-05,123.36,125.8,123.03,125.3,47950128,125.3,AMZN,3
4135,2023-06-06,125.07,127.4,125.0,126.61,45695212,126.61,AMZN,3
4136,2023-06-07,127.01,127.365,120.63,121.23,95663275,121.23,AMZN,3
4137,2023-06-08,123.01,125.625,122.2579,124.25,62159270,124.25,AMZN,3
4138,2023-06-09,124.08,125.8,123.19,123.43,51396018,123.43,AMZN,3
4139,2023-06-12,124.02,126.78,123.53,126.57,51473376,126.57,AMZN,3
4140,2023-06-13,128.12,128.41,125.18,126.66,50564785,126.66,AMZN,3
4141,2023-06-14,126.7,126.95,124.12,126.42,52422463,126.42,AMZN,3
4142,2023-06-15,125.21,127.69,124.32,127.11,60458471,127.11,AMZN,3
4143,2023-06-16,127.71,127.9,125.3,125.49,84247104,125.49,AMZN,3
4144,2023-06-20,124.97,127.25,124.5,125.78,56930122,125.78,AMZN,3
4145,2023-06-21,125.64,126.73,123.85,124.83,52137670,124.83,AMZN,3
4146,2023-06-22,125.31,130.33,125.14,130.15,90354572,130.15,AMZN,3
4147,2023-06-23,129.11,130.84,128.28,129.33,71927776,129.33,AMZN,3
4148,2023-06-26,130.27,131.49,127.1,127.33,59989317,127.33,AMZN,3
4149,2023-06-27,128.63,130.085,127.55,129.18,46801008,129.18,AMZN,3
4150,2023-06-28,128.94,131.48,128.44,129.04,52149512,129.04,AMZN,3
4151,2023-06-29,128.77,129.26,127.255,127.9,40760959,127.9,AMZN,3
4152,2023-06-30,129.47,131.245,128.95,130.36,54350684,130.36,AMZN,3
4153,2023-07-03,130.82,131.85,130.065,130.22,28264785,130.22,AMZN,3
4154,2023-07-05,130.24,131.4,129.64,130.38,35895409,130.38,AMZN,3
4155,2023-07-06,128.25,128.73,127.37,128.36,40697848,128.36,AMZN,3
4156,2023-07-07,128.59,130.97,128.1294,129.78,41992251,129.78,AMZN,3
4157,2023-07-10,129.07,129.28,125.915,127.13,61889289,127.13,AMZN,3
4158,2023-07-11,127.75,129.77,127.35,128.78,49951460,128.78,AMZN,3
4159,2023-07-12,130.31,131.26,128.83,130.8,54022847,130.8,AMZN,3
4160,2023-07-13,134.04,134.67,132.71,134.3,61170883,134.3,AMZN,3
4161,2023-07-14,134.06,136.65,134.06,134.68,54487090,134.68,AMZN,3
4162,2023-07-17,134.56,135.62,133.21,133.56,48450198,133.56,AMZN,3
4163,2023-07-18,132.71,133.86,131.355,132.83,54969133,132.83,AMZN,3
4164,2023-07-19,133.39,135.99,132.53,135.36,54531037,135.36,AMZN,3
4165,2023-07-20,134.07,134.7915,129.33,129.96,59820579,129.96,AMZN,3
4166,2023-07-21,131.34,131.37,128.415,130.0,133307294,130.0,AMZN,3
4167,2023-07-24,130.305,131.66,128.35,128.8,45671535,128.8,AMZN,3
4168,2023-07-25,129.31,129.58,128.53,129.13,39236663,129.13,AMZN,3
4169,2023-07-26,126.51,129.08,126.11,128.15,53910087,128.15,AMZN,3
4170,2023-07-27,131.0,132.63,127.79,128.25,52610661,128.25,AMZN,3
4171,2023-07-28,129.69,133.01,129.33,132.21,46317381,132.21,AMZN,3
4172,2023-07-31,133.2,133.87,132.38,133.68,41901516,133.68,AMZN,3
4173,2023-08-01,133.55,133.69,131.6199,131.69,42298925,131.69,AMZN,3
4174,2023-08-02,130.154,130.23,126.82,128.21,51027614,128.21,AMZN,3
4175,2023-08-03,127.48,129.84,126.41,128.91,91163736,128.91,AMZN,3
4176,2023-08-04,141.06,143.63,139.32,139.57,153128470,139.57,AMZN,3
4177,2023-08-07,140.99,142.54,138.95,142.22,71213112,142.22,AMZN,3
4178,2023-08-08,140.62,140.84,138.42,139.94,51710497,139.94,AMZN,3
4179,2023-08-09,139.97,140.32,137.1,137.85,50017349,137.85,AMZN,3
4180,2023-08-10,139.075,140.41,137.49,138.56,58928402,138.56,AMZN,3
4181,2023-08-11,137.4,139.33,137.0,138.41,42905833,138.41,AMZN,3
4182,2023-08-14,138.3,140.59,137.75,140.57,47148699,140.57,AMZN,3
4183,2023-08-15,140.05,141.2778,137.23,137.67,42781521,137.67,AMZN,3
4184,2023-08-16,137.19,137.27,135.01,135.07,41675903,135.07,AMZN,3
4185,2023-08-17,135.46,136.085,133.53,133.98,48354085,133.98,AMZN,3
4186,2023-08-18,131.62,134.065,131.15,133.22,48497698,133.22,AMZN,3
4187,2023-08-21,133.74,135.185,132.71,134.68,41442483,134.68,AMZN,3
4188,2023-08-22,135.08,135.65,133.73,134.25,32935104,134.25,AMZN,3
4189,2023-08-23,134.5,135.95,133.22,135.52,42801043,135.52,AMZN,3
4190,2023-08-24,136.4,136.775,131.83,131.84,43646250,131.84,AMZN,3
4191,2023-08-25,132.47,133.87,130.58,133.26,44147451,133.26,AMZN,3
4192,2023-08-28,133.78,133.95,131.85,133.14,34108410,133.14,AMZN,3
4193,2023-08-29,133.38,135.14,133.25,134.91,38646093,134.91,AMZN,3
4194,2023-08-30,134.93,135.68,133.92,135.07,36137015,135.07,AMZN,3
4195,2023-08-31,135.06,138.7885,135.0,138.01,58781314,138.01,AMZN,3
4196,2023-09-01,139.455,139.96,136.875,138.12,40991536,138.12,AMZN,3
4197,2023-09-05,137.73,137.8,135.82,137.27,40636738,137.27,AMZN,3
4198,2023-09-06,136.32,137.45,134.61,135.36,41785507,135.36,AMZN,3
4199,2023-09-07,133.9,138.03,133.16,137.85,48498912,137.85,AMZN,3
4200,2023-09-08,136.86,138.8519,136.75,138.23,38365929,138.23,AMZN,3
4201,2023-09-11,138.75,143.62,138.64,143.1,56764525,143.1,AMZN,3
4202,2023-09-12,142.32,143.0,140.61,141.23,42668452,141.23,AMZN,3
4203,2023-09-13,140.95,144.98,140.865,144.85,60465175,144.85,AMZN,3
4204,2023-09-14,145.08,145.86,142.95,144.72,64033607,144.72,AMZN,3
4205,2023-09-15,142.69,143.57,140.09,140.39,102909327,140.39,AMZN,3
4206,2023-09-18,140.48,141.75,139.22,139.98,42823480,139.98,AMZN,3
4207,2023-09-19,138.7,138.84,135.56,137.63,61482470,137.63,AMZN,3
4208,2023-09-20,138.55,139.37,135.2,135.29,46263716,135.29,AMZN,3
4209,2023-09-21,131.94,132.24,129.31,129.33,70343342,129.33,AMZN,3
4210,2023-09-22,131.11,132.03,128.52,129.12,59904348,129.12,AMZN,3
4211,2023-09-25,129.36,131.78,128.77,131.27,46017825,131.27,AMZN,3
4212,2023-09-26,130.12,130.39,125.28,125.98,73048207,125.98,AMZN,3
4213,2023-09-27,125.76,127.48,124.13,125.98,66553449,125.98,AMZN,3
4214,2023-09-28,124.04,126.5801,123.04,125.98,54554968,125.98,AMZN,3
4215,2023-09-29,128.2,129.15,126.32,127.12,62411730,127.12,AMZN,3
4216,2023-10-02,127.28,130.47,126.54,129.46,48029744,129.46,AMZN,3
4217,2023-10-03,128.06,128.52,124.2544,124.72,51564991,124.72,AMZN,3
4218,2023-10-04,126.06,127.36,125.68,127.0,44203870,127.0,AMZN,3
4219,2023-10-05,126.71,126.73,124.33,125.96,39660643,125.96,AMZN,3
4220,2023-10-06,124.16,128.45,124.13,127.96,46836698,127.96,AMZN,3
4221,2023-10-09,126.22,128.79,124.76,128.26,38773738,128.26,AMZN,3
4222,2023-10-10,128.82,130.74,128.05,129.48,42178619,129.48,AMZN,3
4223,2023-10-11,129.74,132.05,129.61,131.83,40741842,131.83,AMZN,3
4224,2023-10-12,132.17,134.48,131.23,132.33,55528581,132.33,AMZN,3
4225,2023-10-13,132.98,133.3145,128.95,129.79,45824685,129.79,AMZN,3
4226,2023-10-16,130.69,133.07,130.425,132.55,42832918,132.55,AMZN,3
4227,2023-10-17,130.39,132.58,128.71,131.47,49344550,131.47,AMZN,3
4228,2023-10-18,129.9,130.6699,127.51,128.13,42699479,128.13,AMZN,3
4229,2023-10-19,130.565,132.24,127.47,128.4,60961355,128.4,AMZN,3
4230,2023-10-20,128.05,128.17,124.97,125.17,56406410,125.17,AMZN,3
4231,2023-10-23,124.63,127.88,123.98,126.56,48259953,126.56,AMZN,3
4232,2023-10-24,127.74,128.8,126.34,128.56,46477355,128.56,AMZN,3
4233,2023-10-25,126.04,126.34,120.79,121.39,74577544,121.39,AMZN,3
4234,2023-10-26,120.63,121.6393,118.35,119.57,100419516,119.57,AMZN,3
4235,2023-10-27,126.2,130.02,125.52,127.74,125309313,127.74,AMZN,3
4236,2023-10-30,129.72,133.0,128.56,132.71,72485542,132.71,AMZN,3
4237,2023-10-31,132.75,133.57,131.71,133.09,51589380,133.09,AMZN,3
4238,2023-11-01,133.96,137.35,133.71,137.0,61529409,137.0,AMZN,3
4239,2023-11-02,138.73,138.81,136.47,138.07,52236693,138.07,AMZN,3
4240,2023-11-03,138.99,139.49,137.45,138.6,44059805,138.6,AMZN,3
4241,2023-11-06,138.76,140.73,138.36,139.74,44970417,139.74,AMZN,3
4242,2023-11-07,140.55,143.37,140.5,142.71,53553537,142.71,AMZN,3
4243,2023-11-08,142.97,143.12,141.2183,142.08,44521658,142.08,AMZN,3
4244,2023-11-09,142.02,142.65,139.84,140.6,36235367,140.6,AMZN,3
4245,2023-11-10,140.46,143.65,139.91,143.56,49349937,143.56,AMZN,3
4246,2023-11-13,142.08,143.23,140.67,142.59,35680570,142.59,AMZN,3
4247,2023-11-14,145.0,147.26,144.68,145.8,56674551,145.8,AMZN,3
4248,2023-11-15,147.06,147.29,142.59,143.2,63875720,143.2,AMZN,3
4249,2023-11-16,140.91,143.32,139.52,142.83,49653512,142.83,AMZN,3
4250,2023-11-17,142.66,145.23,142.545,145.18,49678437,145.18,AMZN,3
4251,2023-11-20,145.13,146.63,144.725,146.13,41978766,146.13,AMZN,3
4252,2023-11-21,143.91,144.05,141.5,143.9,71225992,143.9,AMZN,3
4253,2023-11-22,144.57,147.74,144.57,146.71,45700002,146.71,AMZN,3
4254,2023-11-24,146.7,147.2,145.32,146.74,22378379,146.74,AMZN,3
4255,2023-11-27,147.53,149.26,146.88,147.73,53762428,147.73,AMZN,3
4256,2023-11-28,146.98,147.5999,145.53,147.03,42711682,147.03,AMZN,3
4257,2023-11-29,147.85,148.54,145.97,146.32,40610907,146.32,AMZN,3
4258,2023-11-30,144.76,146.93,144.332,146.09,65814022,146.09,AMZN,3
4259,2023-12-01,146.0,147.245,145.55,147.03,39951833,147.03,AMZN,3
4260,2023-12-04,145.25,145.35,142.81,144.84,48294244,144.84,AMZN,3
4261,2023-12-05,143.55,148.57,143.13,146.88,46822411,146.88,AMZN,3
4262,2023-12-06,147.58,147.85,144.28,144.52,39678960,144.52,AMZN,3
4263,2023-12-07,146.15,147.92,145.34,146.88,52352830,146.88,AMZN,3
4264,2023-12-08,145.48,147.84,145.4,147.42,41905965,147.42,AMZN,3
4265,2023-12-11,145.66,146.19,143.64,145.89,50907288,145.89,AMZN,3
4266,2023-12-12,145.52,147.5,145.3,147.48,44944264,147.48,AMZN,3
4267,2023-12-13,148.12,149.46,146.82,148.84,52766196,148.84,AMZN,3
4268,2023-12-14,149.93,150.54,145.52,147.42,58400848,147.42,AMZN,3
4269,2023-12-15,148.38,150.57,147.88,149.97,110089342,149.97,AMZN,3
4270,2023-12-18,150.56,154.855,150.05,154.07,62512828,154.07,AMZN,3
4271,2023-12-19,154.4,155.12,152.69,153.79,43171292,153.79,AMZN,3
4272,2023-12-20,152.9,155.63,151.56,152.12,50322106,152.12,AMZN,3
4273,2023-12-21,153.3,153.97,152.1,153.84,36305733,153.84,AMZN,3
4274,2023-12-22,153.77,154.35,152.71,153.42,29514093,153.42,AMZN,3
4275,2023-12-26,153.56,153.975,153.03,153.41,25067222,153.41,AMZN,3
4276,2023-12-27,153.56,154.78,153.12,153.34,31434733,153.34,AMZN,3
4277,2023-12-28,153.72,154.08,152.95,153.38,27057002,153.38,AMZN,3
4278,2023-12-29,153.1,153.89,151.03,151.94,39823204,151.94,AMZN,3
4279,2024-01-02,151.54,152.38,148.39,149.93,47339424,149.93,AMZN,3
4280,2024-01-03,149.2,151.05,148.33,148.47,49425495,148.47,AMZN,3
4281,2024-01-04,145.59,147.38,144.05,144.57,56039807,144.57,AMZN,3
4282,2024-01-05,144.69,146.59,144.53,145.24,45153147,145.24,AMZN,3
4283,2024-01-08,146.74,149.4,146.15,149.1,46757053,149.1,AMZN,3
4284,2024-01-09,148.33,151.71,148.21,151.37,43812567,151.37,AMZN,3
4285,2024-01-10,152.06,154.42,151.881,153.73,44421830,153.73,AMZN,3
4286,2024-01-11,155.04,157.17,153.12,155.18,49072691,155.18,AMZN,3
4287,2024-01-12,155.39,156.2,154.01,154.62,40484155,154.62,AMZN,3
4288,2024-01-16,153.53,154.99,152.15,153.16,41384636,153.16,AMZN,3
4289,2024-01-17,151.49,152.15,149.91,151.71,34953363,151.71,AMZN,3
4290,2024-01-18,152.77,153.775,151.82,153.5,37850245,153.5,AMZN,3
4291,2024-01-19,153.83,155.76,152.74,155.34,51651628,155.34,AMZN,3
4292,2024-01-22,156.89,157.05,153.9,154.78,43687468,154.78,AMZN,3
4293,2024-01-23,154.85,156.21,153.93,156.02,37986039,156.02,AMZN,3
4294,2024-01-24,157.8,158.51,156.48,156.87,48547315,156.87,AMZN,3
4295,2024-01-25,156.95,158.505,154.5501,157.75,43638592,157.75,AMZN,3
4296,2024-01-26,158.42,160.72,157.91,159.12,51047353,159.12,AMZN,3
4297,2024-01-29,159.34,161.29,158.9,161.26,45270385,161.26,AMZN,3
4298,2024-01-30,160.7,161.73,158.49,159.0,45207430,159.0,AMZN,3
4299,2024-01-31,157.0,159.01,154.81,155.2,50284371,155.2,AMZN,3
4300,2024-02-01,155.87,159.76,155.62,159.28,76542419,159.28,AMZN,3
4301,2024-02-02,169.19,172.5,167.33,171.81,117218313,171.81,AMZN,3
4302,2024-02-05,170.2,170.55,167.7,170.31,55081297,170.31,AMZN,3
4303,2024-02-06,169.39,170.71,167.65,169.15,42505518,169.15,AMZN,3
4304,2024-02-07,169.48,170.88,168.94,170.53,47174060,170.53,AMZN,3
4305,2024-02-08,169.65,171.43,168.88,169.84,42316454,169.84,AMZN,3
4306,2024-02-09,170.9,175.0,170.5803,174.45,56985986,174.45,AMZN,3
4307,2024-02-12,174.8,175.39,171.54,172.34,51050440,172.34,AMZN,3
4308,2024-02-13,167.73,170.95,165.75,168.64,56345122,168.64,AMZN,3
4309,2024-02-14,169.21,171.21,168.28,170.98,42815544,170.98,AMZN,3
4310,2024-02-15,170.58,171.17,167.59,169.8,49855196,169.8,AMZN,3
4311,2024-02-16,168.74,170.42,167.17,169.51,48107744,169.51,AMZN,3
4312,2024-02-20,167.83,168.71,165.74,167.08,41980326,167.08,AMZN,3
4313,2024-02-21,168.94,170.23,167.14,168.59,44575623,168.59,AMZN,3
4314,2024-02-22,173.1,174.8,171.77,174.58,55392354,174.58,AMZN,3
4315,2024-02-23,174.28,175.75,173.7,174.99,59715243,174.99,AMZN,3
4316,2024-02-26,175.7,176.37,174.26,174.73,44368614,174.73,AMZN,3
4317,2024-02-27,174.075,174.62,172.86,173.54,31141732,173.54,AMZN,3
4318,2024-02-28,172.44,174.05,172.27,173.16,28180482,173.16,AMZN,3
4319,2024-02-29,173.01,177.22,172.85,176.76,53805359,176.76,AMZN,3
4320,2024-03-01,176.75,178.725,176.07,178.22,31981152,178.22,AMZN,3
4321,2024-03-04,177.53,180.14,177.49,177.58,37381520,177.58,AMZN,3
4322,2024-03-05,176.93,176.93,173.303,174.12,37228343,174.12,AMZN,3
4323,2024-03-06,175.54,176.46,173.26,173.51,32090926,173.51,AMZN,3
4324,2024-03-07,174.83,177.99,173.72,176.82,34063283,176.82,AMZN,3
4325,2024-03-08,176.44,178.785,174.33,175.35,37893242,175.35,AMZN,3
4326,2024-03-11,174.31,174.47,171.47,171.96,28484777,171.96,AMZN,3
4327,2024-03-12,173.5,176.76,171.98,175.39,36610604,175.39,AMZN,3
4328,2024-03-13,175.9,177.62,175.55,176.555,30772600,176.555,AMZN,3
4329,2024-03-14,177.69,179.53,176.465,178.75,43705840,178.75,AMZN,3
4330,2024-03-15,176.64,177.93,173.9,174.42,72147390,174.42,AMZN,3
4331,2024-03-18,175.8,176.69,174.28,174.48,31250688,174.48,AMZN,3
4332,2024-03-19,174.215,176.09,173.52,175.9,26880893,175.9,AMZN,3
4333,2024-03-20,176.14,178.53,174.64,178.15,29947150,178.15,AMZN,3
4334,2024-03-21,179.988,181.415,178.15,178.15,32824320,178.15,AMZN,3
4335,2024-03-22,177.752,179.255,176.75,178.87,27995378,178.87,AMZN,3
4336,2024-03-25,178.01,180.99,177.24,179.71,29815464,179.71,AMZN,3
4337,2024-03-26,180.15,180.45,177.95,178.3,29658982,178.3,AMZN,3
4338,2024-03-27,179.88,180.0,177.3099,179.83,33272551,179.83,AMZN,3
4339,2024-03-28,180.17,181.7,179.26,180.38,38051588,180.38,AMZN,3
4340,2024-04-01,180.79,183.0,179.95,180.97,29174521,180.97,AMZN,3
4341,2024-04-02,179.07,180.79,178.3762,180.69,32611546,180.69,AMZN,3
4342,2024-04-03,179.9,182.87,179.8,182.41,31046638,182.41,AMZN,3
4343,2024-04-04,184.0,185.1,180.0,180.0,41624261,180.0,AMZN,3
4344,2024-04-05,182.38,186.27,181.97,185.07,42373992,185.07,AMZN,3
4345,2024-04-08,186.9,187.29,184.81,185.32,39154806,185.32,AMZN,3
4346,2024-04-09,187.24,187.34,184.2,185.67,36546946,185.67,AMZN,3
4347,2024-04-10,182.765,186.2699,182.67,185.95,35879151,185.95,AMZN,3
4348,2024-04-11,186.74,189.77,185.51,189.05,40020742,189.05,AMZN,3
4349,2024-04-12,187.72,188.38,185.08,186.13,38608849,186.13,AMZN,3
4350,2024-04-15,187.425,188.69,183.0,183.62,48052395,183.62,AMZN,3
4351,2024-04-16,183.27,184.83,182.26,183.32,32891265,183.32,AMZN,3
4352,2024-04-17,184.31,184.57,179.82,181.28,31359673,181.28,AMZN,3
4353,2024-04-18,181.47,182.39,178.65,179.22,30723793,179.22,AMZN,3
4354,2024-04-19,178.74,179.0,173.44,174.62,55944410,174.62,AMZN,3
4355,2024-04-22,176.94,178.87,174.56,177.23,37924890,177.23,AMZN,3
4356,2024-04-23,178.08,179.93,175.975,179.54,37046519,179.54,AMZN,3
4357,2024-04-24,179.94,180.323,176.18,176.59,34185109,176.59,AMZN,3
4358,2024-04-25,169.68,173.92,166.32,173.67,49249390,173.67,AMZN,3
4359,2024-04-26,177.795,180.82,176.13,179.62,43919765,179.62,AMZN,3
4360,2024-04-29,182.75,183.53,179.39,180.96,54063937,180.96,AMZN,3
4361,2024-04-30,181.09,182.99,174.8,175.0,94639786,175.0,AMZN,3
4362,2024-05-01,181.635,185.15,176.56,179.0,94645148,179.0,AMZN,3
4363,2024-05-02,180.85,185.1,179.91,184.72,54303510,184.72,AMZN,3
4364,2024-05-03,186.99,187.87,185.42,186.21,39172004,186.21,AMZN,3
4365,2024-05-06,186.28,188.745,184.8,188.7,34725295,188.7,AMZN,3
4366,2024-05-07,188.92,189.94,187.305,188.76,34048902,188.76,AMZN,3
4367,2024-05-08,187.44,188.43,186.385,188.0,26136350,188.0,AMZN,3
4368,2024-05-09,188.88,191.7,187.44,189.5,43368377,189.5,AMZN,3
4369,2024-05-10,189.16,189.892,186.93,187.48,34141771,187.48,AMZN,3
4370,2024-05-13,188.0,188.31,185.36,186.57,24898613,186.57,AMZN,3
4371,2024-05-14,183.82,187.72,183.45,187.07,38698155,187.07,AMZN,3
4372,2024-05-15,185.97,186.7193,182.73,185.99,75459927,185.99,AMZN,3
4373,2024-05-16,185.6,187.31,183.46,183.63,38834450,183.63,AMZN,3
4374,2024-05-17,183.76,185.3,183.35,184.7,33175655,184.7,AMZN,3
4375,2024-05-20,184.34,186.665,183.28,183.54,30511768,183.54,AMZN,3
4376,2024-05-21,182.3,183.26,180.75,183.15,50839129,183.15,AMZN,3
4377,2024-05-22,183.88,185.22,181.9715,183.13,28148784,183.13,AMZN,3
4378,2024-05-23,183.66,184.76,180.08,181.05,33670173,181.05,AMZN,3
4379,2024-05-24,181.65,182.435,180.3,180.75,27471640,180.75,AMZN,3
4380,2024-05-28,179.93,182.24,179.49,182.15,29926963,182.15,AMZN,3
4381,2024-05-29,181.7,184.08,181.55,182.02,32009294,182.02,AMZN,3
4382,2024-05-30,181.31,181.34,178.355,179.32,29249229,179.32,AMZN,3
4383,2024-05-31,178.3,179.21,173.87,176.44,58903939,176.44,AMZN,3
4384,2024-06-03,177.7,178.7,175.92,178.34,30786640,178.34,AMZN,3
4385,2024-06-04,177.64,179.82,176.44,179.34,27198388,179.34,AMZN,3
4386,2024-06-05,180.1,181.5,178.75,181.28,32116394,181.28,AMZN,3
4387,2024-06-06,181.745,185.0,181.49,185.0,31371151,185.0,AMZN,3
4388,2024-06-07,184.9,186.2888,183.36,184.3,28021473,184.3,AMZN,3
4389,2024-06-10,184.07,187.23,183.79,187.06,34494498,187.06,AMZN,3
4390,2024-06-11,187.06,187.77,184.5373,187.23,27265108,187.23,AMZN,3
4391,2024-06-12,188.015,188.35,185.43,186.89,33984216,186.89,AMZN,3
4392,2024-06-13,186.09,187.67,182.666,183.83,39721545,183.83,AMZN,3
4393,2024-06-14,183.08,183.72,182.23,183.66,25456410,183.66,AMZN,3
4394,2024-06-17,182.52,185.0,181.22,184.06,35601907,184.06,AMZN,3
4395,2024-06-18,183.735,184.29,181.43,182.81,36659157,182.81,AMZN,3
4396,2024-06-20,182.91,186.51,182.72,186.1,44726779,186.1,AMZN,3
4397,2024-06-21,187.8,189.275,185.86,189.08,72931754,189.08,AMZN,3
4398,2024-06-24,189.33,191.0,185.33,185.57,50610379,185.57,AMZN,3
4399,2024-06-25,186.81,188.84,185.42,186.34,45898475,186.34,AMZN,3
4400,2024-06-26,186.92,194.8,186.26,193.61,65103893,193.61,AMZN,3
4401,2024-06-27,195.005,199.84,194.2,197.85,74397491,197.85,AMZN,3
4402,2024-06-28,197.73,198.85,192.5,193.25,76930192,193.25,AMZN,3
4403,2024-07-01,193.49,198.2957,192.82,197.2,41192011,197.2,AMZN,3
4404,2024-07-02,197.28,200.43,195.93,200.0,45600013,200.0,AMZN,3
4405,2024-07-03,199.94,200.029,196.7601,197.59,31597926,197.59,AMZN,3
4406,2024-07-05,198.65,200.55,198.17,200.0,39858885,200.0,AMZN,3
4407,2024-07-08,200.04,201.2,197.96,199.29,34767261,199.29,AMZN,3
4408,2024-07-09,199.4,200.57,199.045,199.34,32756736,199.34,AMZN,3
4409,2024-07-10,199.995,200.11,197.69,199.79,32883753,199.79,AMZN,3
4410,2024-07-11,200.09,200.2699,192.86,195.05,44565041,195.05,AMZN,3
4411,2024-07-12,194.8,196.47,193.8301,194.49,30598525,194.49,AMZN,3
4412,2024-07-15,194.56,196.19,190.83,192.72,40683227,192.72,AMZN,3
4413,2024-07-16,195.59,196.62,192.24,193.02,33994714,193.02,AMZN,3
4414,2024-07-17,191.35,191.58,185.99,187.93,48076139,187.93,AMZN,3
4415,2024-07-18,189.59,189.68,181.448,183.75,51043626,183.75,AMZN,3
4416,2024-07-19,181.14,184.93,180.11,183.13,43081829,183.13,AMZN,3
4417,2024-07-22,185.0,185.06,182.48,182.55,39931923,182.55,AMZN,3
4418,2024-07-23,184.1,189.39,183.56,186.41,47537670,186.41,AMZN,3
4419,2024-07-24,183.2,185.45,180.41,180.83,41532360,180.83,AMZN,3
4420,2024-07-25,182.91,183.8958,176.8,179.85,44464163,179.85,AMZN,3
4421,2024-07-26,180.39,183.19,180.24,182.5,29505964,182.5,AMZN,3
4422,2024-07-29,183.84,184.75,182.38,183.2,33270123,183.2,AMZN,3
4423,2024-07-30,184.72,185.86,179.38,181.71,39508574,181.71,AMZN,3
4424,2024-07-31,185.05,187.94,184.46,186.98,41667326,186.98,AMZN,3
4425,2024-08-01,189.285,190.6,181.87,184.07,70435635,184.07,AMZN,3
4426,2024-08-02,166.75,168.77,160.55,167.9,141448365,167.9,AMZN,3
4427,2024-08-05,154.21,162.96,151.61,161.02,83149437,161.02,AMZN,3
4428,2024-08-06,161.71,165.08,158.5404,161.93,59950830,161.93,AMZN,3
4429,2024-08-07,166.55,167.58,161.43,162.77,48408240,162.77,AMZN,3
4430,2024-08-08,165.165,166.6899,162.55,165.8,44616206,165.8,AMZN,3
4431,2024-08-09,166.4,168.55,165.85,166.94,36401049,166.94,AMZN,3
4432,2024-08-12,168.14,168.55,166.1101,166.8,30072788,166.8,AMZN,3
4433,2024-08-13,167.81,171.04,167.1,170.23,39237915,170.23,AMZN,3
4434,2024-08-14,172.11,172.28,168.86,170.1,28843804,170.1,AMZN,3
4435,2024-08-15,174.86,177.91,173.99,177.59,51698513,177.59,AMZN,3
4436,2024-08-16,177.04,178.34,176.2601,177.06,31489175,177.06,AMZN,3
4437,2024-08-19,177.64,178.3,176.16,178.22,31129807,178.22,AMZN,3
4438,2024-08-20,177.92,179.01,177.4308,178.88,26255204,178.88,AMZN,3
4439,2024-08-21,179.92,182.385,178.8937,180.11,35599120,180.11,AMZN,3
4440,2024-08-22,181.38,181.47,175.68,176.13,32047482,176.13,AMZN,3
4441,2024-08-23,177.34,178.9699,175.24,177.04,29150091,177.04,AMZN,3
4442,2024-08-26,176.7,177.4682,174.3,175.5,22366236,175.5,AMZN,3
4443,2024-08-27,174.15,174.89,172.25,173.12,29841979,173.12,AMZN,3
4444,2024-08-28,173.69,173.69,168.92,170.8,29045025,170.8,AMZN,3
4445,2024-08-29,173.22,174.29,170.81,172.12,26407815,172.12,AMZN,3
4446,2024-08-30,172.78,178.9,172.6,178.5,43429355,178.5,AMZN,3
4447,2024-09-03,177.55,178.26,175.26,176.25,37817511,176.25,AMZN,3
4448,2024-09-04,174.48,175.98,172.54,173.33,30309225,173.33,AMZN,3
4449,2024-09-05,175.0,179.875,174.995,177.89,40170526,177.89,AMZN,3
4450,2024-09-06,177.24,178.38,171.16,171.39,41466537,171.39,AMZN,3
4451,2024-09-09,174.53,175.85,173.51,175.4,29037362,175.4,AMZN,3
4452,2024-09-10,177.49,180.5,176.79,179.55,36233796,179.55,AMZN,3
4453,2024-09-11,180.095,184.99,175.73,184.52,42564698,184.52,AMZN,3
4454,2024-09-12,184.8,187.41,183.54,187.0,33622483,187.0,AMZN,3
4455,2024-09-13,187.0,188.5,185.91,186.49,26495351,186.49,AMZN,3
4456,2024-09-16,185.29,185.81,183.36,184.89,26065485,184.89,AMZN,3
4457,2024-09-17,186.85,189.45,186.14,186.88,26091682,186.88,AMZN,3
4458,2024-09-18,186.45,188.8,185.06,186.43,34448130,186.43,AMZN,3
4459,2024-09-19,190.04,190.99,188.47,189.87,39543168,189.87,AMZN,3
4460,2024-09-20,190.23,191.84,187.41,191.6,100378553,191.6,AMZN,3
4461,2024-09-23,191.64,194.45,190.57,193.88,36993111,193.88,AMZN,3
4462,2024-09-24,194.27,195.37,190.13,193.96,43478926,193.96,AMZN,3
4463,2024-09-25,193.75,193.9498,192.16,192.53,26391144,192.53,AMZN,3
4464,2024-09-26,194.31,194.53,189.54,191.16,36334854,191.16,AMZN,3
4465,2024-09-27,190.68,190.9,187.34,187.97,36002316,187.97,AMZN,3
4466,2024-09-30,187.14,188.49,184.65,186.33,41680400,186.33,AMZN,3
4467,2024-10-01,184.9,186.19,183.4519,185.13,36044906,185.13,AMZN,3
4468,2024-10-02,184.44,186.6,184.04,184.76,23704056,184.76,AMZN,3
4469,2024-10-03,183.045,183.44,180.875,181.96,30204302,181.96,AMZN,3
4470,2024-10-04,185.75,187.6,183.6,186.51,41079011,186.51,AMZN,3
4471,2024-10-07,182.95,183.6,180.25,180.8,42364201,180.8,AMZN,3
4472,2024-10-08,181.915,183.09,180.92,182.72,26372086,182.72,AMZN,3
4473,2024-10-09,182.82,185.845,182.05,185.17,26343117,185.17,AMZN,3
4474,2024-10-10,187.13,188.134,185.83,186.65,27785043,186.65,AMZN,3
4475,2024-10-11,186.63,189.9284,186.3,188.82,25751557,188.82,AMZN,3
4476,2024-10-14,189.78,189.83,187.36,187.54,22614407,187.54,AMZN,3
4477,2024-10-15,187.63,188.41,184.58,187.69,32178925,187.69,AMZN,3
4478,2024-10-16,187.05,187.78,185.61,186.89,23456812,186.89,AMZN,3
4479,2024-10-17,188.22,188.94,186.0,187.53,25039414,187.53,AMZN,3
4480,2024-10-18,187.15,190.74,186.28,188.99,37417670,188.99,AMZN,3
4481,2024-10-21,188.05,189.46,186.4,189.07,24639393,189.07,AMZN,3
4482,2024-10-22,188.35,191.5201,186.975,189.7,29650593,189.7,AMZN,3
4483,2024-10-23,188.85,189.16,183.69,184.71,31937089,184.71,AMZN,3
4484,2024-10-24,185.25,187.11,183.86,186.38,21647395,186.38,AMZN,3
4485,2024-10-25,187.85,190.45,187.53,187.83,29362060,187.83,AMZN,3
4486,2024-10-28,189.565,190.21,188.21,188.39,27930836,188.39,AMZN,3
4487,2024-10-29,188.58,191.4599,187.815,190.83,35690158,190.83,AMZN,3
4488,2024-10-30,194.695,195.61,192.42,192.73,37707550,192.73,AMZN,3
4489,2024-10-31,190.51,190.6,185.23,186.4,75146759,186.4,AMZN,3
4490,2024-11-01,198.86,200.5,197.02,197.93,99687847,197.93,AMZN,3
4491,2024-11-04,196.45,197.33,194.3101,195.78,38492062,195.78,AMZN,3
4492,2024-11-05,196.04,199.82,195.99,199.5,30564784,199.5,AMZN,3
4493,2024-11-06,200.01,207.55,199.14,207.09,72292167,207.09,AMZN,3
4494,2024-11-07,207.44,212.25,207.19,210.05,52878383,210.05,AMZN,3
4495,2024-11-08,209.72,209.9633,207.44,208.18,36075846,208.18,AMZN,3
4496,2024-11-11,208.5,209.65,205.59,206.84,35456012,206.84,AMZN,3
4497,2024-11-12,208.37,209.54,206.01,208.91,38942918,208.91,AMZN,3
4498,2024-11-13,209.4,215.09,209.14,214.1,46212943,214.1,AMZN,3
4499,2024-11-14,214.16,215.9,210.88,211.48,42620309,211.48,AMZN,3
4500,2024-11-15,206.76,207.34,199.61,202.61,86591144,202.61,AMZN,3
4501,2024-11-18,204.15,204.67,200.95,201.7,36512465,201.7,AMZN,3
4502,2024-11-19,199.33,205.3,198.78,204.61,31197867,204.61,AMZN,3
4503,2024-11-20,202.98,203.13,199.45,202.88,32768989,202.88,AMZN,3
4504,2024-11-21,203.49,203.49,195.75,198.38,58800042,198.38,AMZN,3
4505,2024-11-22,198.25,199.2599,196.75,197.12,31530844,197.12,AMZN,3
4506,2024-11-25,199.28,201.9499,199.0,201.45,40685672,201.45,AMZN,3
4507,2024-11-26,201.9,208.0,201.79,207.86,41673737,207.86,AMZN,3
4508,2024-11-27,206.98,207.64,205.05,205.74,28061638,205.74,AMZN,3
4509,2024-11-29,205.83,208.2,204.59,207.89,24892447,207.89,AMZN,3
4510,2024-12-02,209.96,212.99,209.5101,210.71,39523185,210.71,AMZN,3
4511,2024-12-03,210.31,214.02,209.65,213.44,32214828,213.44,AMZN,3
4512,2024-12-04,215.96,220.0,215.75,218.16,48745716,218.16,AMZN,3
4513,2024-12-05,218.03,222.15,217.3,220.55,41140220,220.55,AMZN,3
4514,2024-12-06,220.75,227.15,220.6,227.03,44178069,227.03,AMZN,3
4515,2024-12-09,227.21,230.08,225.67,226.09,46819363,226.09,AMZN,3
4516,2024-12-10,226.09,229.06,224.2002,225.04,31199864,225.04,AMZN,3
4517,2024-12-11,226.41,231.2,226.26,230.26,35385785,230.26,AMZN,3
4518,2024-12-12,229.83,231.09,227.63,228.97,28204084,228.97,AMZN,3
4519,2024-12-13,228.4,230.2,225.8608,227.46,28768080,227.46,AMZN,3
4520,2024-12-16,230.23,233.0,228.01,232.93,37552096,232.93,AMZN,3
4521,2024-12-17,232.39,232.73,227.85,231.15,35948131,231.15,AMZN,3
4522,2024-12-18,230.77,231.3999,220.11,220.52,43281443,220.52,AMZN,3
4523,2024-12-19,224.91,226.09,222.92,223.29,39918739,223.29,AMZN,3
4524,2024-12-20,219.84,226.21,218.73,224.92,88279184,224.92,AMZN,3
4525,2024-12-23,225.01,226.88,223.9,225.06,28070007,225.06,AMZN,3
4526,2024-12-24,226.94,229.14,226.13,229.05,15007497,229.05,AMZN,3
4527,2024-12-26,228.5,228.5,226.6706,227.05,16174500,227.05,AMZN,3
4528,2024-12-27,225.6,226.03,220.9,223.75,27367147,223.75,AMZN,3
4529,2024-12-30,220.06,222.9972,218.43,221.3,28321240,221.3,AMZN,3
4530,2024-12-31,222.965,223.2299,218.94,219.39,24819655,219.39,AMZN,3
4531,2019-01-02,25.928,26.975,25.658,26.766,116795280,26.766,NFLX,4
4532,2019-01-03,27.02,27.579,26.443,27.12,149696470,27.12,NFLX,4
4533,2019-01-04,28.188,29.78,27.854,29.757,193301020,29.757,NFLX,4
4534,2019-01-07,30.21,31.68,30.165,31.534,186201160,31.534,NFLX,4
4535,2019-01-08,31.998,32.0593,30.801,32.027,153591800,32.027,NFLX,4
4536,2019-01-09,31.771,32.3351,31.35,31.996,133431520,31.996,NFLX,4
4537,2019-01-10,31.457,32.537,31.25,32.466,134724750,32.466,NFLX,4
4538,2019-01-11,33.096,34.109,32.852,33.759,195004290,33.759,NFLX,4
4539,2019-01-14,33.424,33.548,32.913,33.294,104995820,33.294,NFLX,4
4540,2019-01-15,34.96,35.722,34.7,35.464,211812340,35.464,NFLX,4
4541,2019-01-16,35.4,35.885,34.811,35.139,153855480,35.139,NFLX,4
4542,2019-01-17,34.95,35.579,34.641,35.319,188711950,35.319,NFLX,4
4543,2019-01-18,35.197,35.3,33.673,33.91,266210400,33.91,NFLX,4
4544,2019-01-22,33.489,33.688,32.103,32.516,179414160,32.516,NFLX,4
4545,2019-01-23,32.825,33.175,31.86,32.199,134801380,32.199,NFLX,4
4546,2019-01-24,32.06,33.18,31.9,32.667,111316270,32.667,NFLX,4
4547,2019-01-25,32.872,34.0,32.851,33.805,111666090,33.805,NFLX,4
4548,2019-01-28,33.47,33.63,32.888,33.566,86520820,33.566,NFLX,4
4549,2019-01-29,33.587,33.822,32.8151,32.89,76551890,32.89,NFLX,4
4550,2019-01-30,33.275,34.178,33.08,34.066,92345300,34.066,NFLX,4
4551,2019-01-31,33.968,34.599,33.8092,33.95,85355170,33.95,NFLX,4
4552,2019-02-01,33.718,34.684,33.65,33.985,98277600,33.985,NFLX,4
4553,2019-02-04,34.26,35.2,34.13,35.134,90513870,35.134,NFLX,4
4554,2019-02-05,35.32,36.0,35.29,35.581,90466230,35.581,NFLX,4
4555,2019-02-06,35.7,35.704,34.719,35.219,67176620,35.219,NFLX,4
4556,2019-02-07,34.79,34.875,33.902,34.471,78645290,34.471,NFLX,4
4557,2019-02-08,33.8,34.8,33.8,34.757,75613910,34.757,NFLX,4
4558,2019-02-11,35.0,35.287,34.481,34.573,54548630,34.573,NFLX,4
4559,2019-02-12,34.809,36.0,34.652,35.997,104293990,35.997,NFLX,4
4560,2019-02-13,35.73,35.96,35.028,35.177,105591460,35.177,NFLX,4
4561,2019-02-14,35.175,36.045,34.833,35.907,92953380,35.907,NFLX,4
4562,2019-02-15,35.847,36.44,35.55,35.687,92299800,35.687,NFLX,4
4563,2019-02-19,35.58,36.5,35.532,36.192,73965590,36.192,NFLX,4
4564,2019-02-20,36.485,36.671,35.67,35.991,81107410,35.991,NFLX,4
4565,2019-02-21,36.003,36.285,35.388,35.697,62278970,35.697,NFLX,4
4566,2019-02-22,36.034,36.613,36.005,36.302,70882140,36.302,NFLX,4
4567,2019-02-25,36.701,37.149,36.379,36.391,75693200,36.391,NFLX,4
4568,2019-02-26,36.298,36.57,35.933,36.497,49445930,36.497,NFLX,4
4569,2019-02-27,36.35,36.803,35.98,36.287,56299450,36.287,NFLX,4
4570,2019-02-28,36.247,36.639,35.7709,35.81,61867630,35.81,NFLX,4
4571,2019-03-01,36.226,36.287,35.4692,35.732,55265390,35.732,NFLX,4
4572,2019-03-04,35.972,36.225,34.8044,35.104,74869960,35.104,NFLX,4
4573,2019-03-05,35.146,35.617,34.825,35.43,59377540,35.43,NFLX,4
4574,2019-03-06,35.36,35.988,35.17,35.961,62118950,35.961,NFLX,4
4575,2019-03-07,36.016,36.286,35.05,35.26,61513310,35.26,NFLX,4
4576,2019-03-08,34.575,34.992,34.247,34.96,68988380,34.96,NFLX,4
4577,2019-03-11,35.2,35.898,35.003,35.886,53872850,35.886,NFLX,4
4578,2019-03-12,35.937,36.013,35.38,35.627,51645710,35.627,NFLX,4
4579,2019-03-13,35.581,36.248,35.2765,36.121,64440920,36.121,NFLX,4
4580,2019-03-14,36.05,36.384,35.8101,35.882,52714290,35.882,NFLX,4
4581,2019-03-15,36.102,36.4,35.889,36.146,84432100,36.146,NFLX,4
4582,2019-03-18,36.247,37.0971,36.186,36.344,71947260,36.344,NFLX,4
4583,2019-03-19,36.64,36.696,35.68,35.878,75414250,35.878,NFLX,4
4584,2019-03-20,35.891,37.59,35.701,37.522,109171650,37.522,NFLX,4
4585,2019-03-21,37.4,37.9,37.061,37.787,85440170,37.787,NFLX,4
4586,2019-03-22,37.595,37.643,36.004,36.101,86613460,36.101,NFLX,4
4587,2019-03-25,35.9,36.704,35.744,36.623,84738450,36.623,NFLX,4
4588,2019-03-26,36.787,36.838,35.802,35.997,76664750,35.997,NFLX,4
4589,2019-03-27,36.1,36.247,35.037,35.337,78523700,35.337,NFLX,4
4590,2019-03-28,35.4485,35.594,34.92,35.461,43609600,35.461,NFLX,4
4591,2019-03-29,35.716,35.825,35.371,35.656,47056360,35.656,NFLX,4
4592,2019-04-01,35.9,36.833,35.851,36.696,70360970,36.696,NFLX,4
4593,2019-04-02,36.625,36.842,36.222,36.772,51587420,36.772,NFLX,4
4594,2019-04-03,36.926,37.3411,36.619,36.975,53766230,36.975,NFLX,4
4595,2019-04-04,37.007,37.205,36.24,36.788,46273050,36.788,NFLX,4
4596,2019-04-05,36.9,36.98,36.466,36.549,39054930,36.549,NFLX,4
4597,2019-04-08,36.511,36.594,35.993,36.141,46538100,36.141,NFLX,4
4598,2019-04-09,36.054,36.674,35.9,36.471,54392280,36.471,NFLX,4
4599,2019-04-10,36.579,36.8848,36.225,36.392,45455610,36.392,NFLX,4
4600,2019-04-11,36.5,37.012,36.081,36.765,65268990,36.765,NFLX,4
4601,2019-04-12,36.069,36.175,34.936,35.114,156461990,35.114,NFLX,4
4602,2019-04-15,35.071,35.221,34.227,34.887,88423440,34.887,NFLX,4
4603,2019-04-16,35.5,36.4479,35.272,35.946,187402320,35.946,NFLX,4
4604,2019-04-17,36.505,36.8764,35.06,35.474,180541010,35.474,NFLX,4
4605,2019-04-18,35.5,36.041,35.164,36.035,83531650,36.035,NFLX,4
4606,2019-04-22,35.97,37.769,35.9,37.734,119805340,37.734,NFLX,4
4607,2019-04-23,37.545,38.48,37.4707,38.189,100898200,38.189,NFLX,4
4608,2019-04-24,38.107,38.19,37.327,37.423,65418720,37.423,NFLX,4
4609,2019-04-25,37.449,37.476,36.57,36.833,62554960,36.833,NFLX,4
4610,2019-04-26,36.835,37.514,36.624,37.485,56219010,37.485,NFLX,4
4611,2019-04-29,37.368,37.4575,36.9115,37.183,38217030,37.183,NFLX,4
4612,2019-04-30,36.956,37.45,36.8348,37.054,38700950,37.054,NFLX,4
4613,2019-05-01,37.4,38.599,37.3175,37.881,92572840,37.881,NFLX,4
4614,2019-05-02,37.8,38.35,37.451,37.906,53981670,37.906,NFLX,4
4615,2019-05-03,38.153,38.503,37.8272,38.503,51303010,38.503,NFLX,4
4616,2019-05-06,37.769,38.135,37.6,37.867,57931440,37.867,NFLX,4
4617,2019-05-07,37.7,37.991,36.581,37.046,69749240,37.046,NFLX,4
4618,2019-05-08,36.792,36.9,36.136,36.437,65719570,36.437,NFLX,4
4619,2019-05-09,36.09,36.42,35.275,36.275,58825720,36.275,NFLX,4
4620,2019-05-10,36.162,36.5258,35.306,36.104,56571230,36.104,NFLX,4
4621,2019-05-13,35.229,35.426,34.31,34.526,80266970,34.526,NFLX,4
4622,2019-05-14,34.871,34.995,34.25,34.561,53530290,34.561,NFLX,4
4623,2019-05-15,34.334,35.65,34.139,35.499,63401180,35.499,NFLX,4
4624,2019-05-16,35.637,36.4,35.3935,35.931,64414630,35.931,NFLX,4
4625,2019-05-17,35.639,35.962,35.3785,35.445,47254480,35.445,NFLX,4
4626,2019-05-20,35.123,35.2418,34.54,34.811,46215150,34.811,NFLX,4
4627,2019-05-21,35.095,35.6425,34.993,35.427,40263690,35.427,NFLX,4
4628,2019-05-22,35.801,37.046,35.73,35.973,62293890,35.973,NFLX,4
4629,2019-05-23,35.55,35.742,34.77,35.221,56304430,35.221,NFLX,4
4630,2019-05-24,35.541,35.944,35.3791,35.439,38309630,35.439,NFLX,4
4631,2019-05-28,35.439,36.12,35.364,35.478,47171440,35.478,NFLX,4
4632,2019-05-29,35.36,35.3848,34.59,34.919,56589130,34.919,NFLX,4
4633,2019-05-30,35.055,35.421,34.83,35.185,40080420,35.185,NFLX,4
4634,2019-05-31,34.722,34.934,34.292,34.328,50234490,34.328,NFLX,4
4635,2019-06-03,34.356,34.766,33.265,33.663,78495890,33.663,NFLX,4
4636,2019-06-04,34.5,35.361,34.325,35.34,78916320,35.34,NFLX,4
4637,2019-06-05,35.438,35.788,34.871,35.573,50200810,35.573,NFLX,4
4638,2019-06-06,35.484,35.821,35.209,35.713,37099550,35.713,NFLX,4
4639,2019-06-07,35.739,36.515,35.569,36.087,47773210,36.087,NFLX,4
4640,2019-06-10,36.365,36.71,34.9285,35.201,78102610,35.201,NFLX,4
4641,2019-06-11,35.5,35.758,34.85,35.127,53967120,35.127,NFLX,4
4642,2019-06-12,35.182,35.361,34.323,34.556,45847040,34.556,NFLX,4
4643,2019-06-13,34.723,34.85,33.925,34.343,62093470,34.343,NFLX,4
4644,2019-06-14,34.163,34.34,33.6155,33.973,50190110,33.973,NFLX,4
4645,2019-06-17,34.269,35.177,34.206,35.062,53582190,35.062,NFLX,4
4646,2019-06-18,35.557,36.15,35.375,35.712,54285420,35.712,NFLX,4
4647,2019-06-19,36.172,36.474,35.612,36.352,56671560,36.352,NFLX,4
4648,2019-06-20,36.591,37.012,36.1215,36.521,58994670,36.521,NFLX,4
4649,2019-06-21,36.5,37.145,36.5,36.921,74483560,36.921,NFLX,4
4650,2019-06-24,37.027,37.5,37.02,37.104,48302400,37.104,NFLX,4
4651,2019-06-25,37.075,37.0999,35.829,36.03,57503830,36.03,NFLX,4
4652,2019-06-26,36.16,36.679,36.16,36.22,36696770,36.22,NFLX,4
4653,2019-06-27,36.32,37.085,36.32,37.002,41385750,37.002,NFLX,4
4654,2019-06-28,37.026,37.1545,36.487,36.732,45927060,36.732,NFLX,4
4655,2019-07-01,37.35,37.666,37.2,37.46,50015180,37.46,NFLX,4
4656,2019-07-02,37.489,37.6,37.031,37.543,36289620,37.543,NFLX,4
4657,2019-07-03,37.669,38.199,37.584,38.172,37990090,38.172,NFLX,4
4658,2019-07-05,37.829,38.14,37.5555,38.055,37321620,38.055,NFLX,4
4659,2019-07-08,37.819,37.825,37.536,37.616,31134020,37.616,NFLX,4
4660,2019-07-09,37.906,38.476,37.75,37.993,69328220,37.993,NFLX,4
4661,2019-07-10,38.277,38.434,37.74,38.1,58787900,38.1,NFLX,4
4662,2019-07-11,38.11,38.454,37.88,37.95,43362870,37.95,NFLX,4
4663,2019-07-12,37.868,37.9738,37.2792,37.325,66369370,37.325,NFLX,4
4664,2019-07-15,37.294,37.368,36.23,36.66,79446800,36.66,NFLX,4
4665,2019-07-16,37.009,37.134,36.492,36.599,58632220,36.599,NFLX,4
4666,2019-07-17,36.625,36.65,36.175,36.244,136395360,36.244,NFLX,4
4667,2019-07-18,32.376,32.985,32.03,32.521,313058990,32.521,NFLX,4
4668,2019-07-19,32.34,32.585,31.423,31.51,163024820,31.51,NFLX,4
4669,2019-07-22,31.2,31.454,30.581,31.062,177253340,31.062,NFLX,4
4670,2019-07-23,31.144,31.35,30.6,30.73,91710680,30.73,NFLX,4
4671,2019-07-24,31.051,31.999,30.725,31.794,119618180,31.794,NFLX,4
4672,2019-07-25,31.886,32.769,31.63,32.646,107984960,32.646,NFLX,4
4673,2019-07-26,32.879,33.6,32.75,33.578,108474950,33.578,NFLX,4
4674,2019-07-29,33.598,33.64,32.877,33.27,57828170,33.27,NFLX,4
4675,2019-07-30,32.92,32.965,32.323,32.593,60293200,32.593,NFLX,4
4676,2019-07-31,32.516,33.177,31.853,32.299,62594940,32.299,NFLX,4
4677,2019-08-01,32.425,32.858,31.8735,31.95,65631560,31.95,NFLX,4
4678,2019-08-02,31.749,31.941,31.18,31.883,62803430,31.883,NFLX,4
4679,2019-08-05,31.096,31.3418,30.4677,30.763,86924850,30.763,NFLX,4
4680,2019-08-06,31.058,31.188,30.53,31.01,61790900,31.01,NFLX,4
4681,2019-08-07,30.256,30.5,29.6813,30.429,93224330,30.429,NFLX,4
4682,2019-08-08,31.103,31.6365,30.663,31.59,59058650,31.59,NFLX,4
4683,2019-08-09,31.374,31.664,30.568,30.893,53490590,30.893,NFLX,4
4684,2019-08-12,30.546,31.289,30.324,31.083,65317220,31.083,NFLX,4
4685,2019-08-13,30.977,31.643,30.816,31.228,53387610,31.228,NFLX,4
4686,2019-08-14,30.801,30.841,29.8005,29.911,73557530,29.911,NFLX,4
4687,2019-08-15,29.95,30.063,28.8,29.576,96833840,29.576,NFLX,4
4688,2019-08-16,29.886,30.355,29.627,30.28,70907570,30.28,NFLX,4
4689,2019-08-19,30.625,31.175,30.475,30.938,49517330,30.938,NFLX,4
4690,2019-08-20,30.457,30.5,29.7681,29.899,73521620,29.899,NFLX,4
4691,2019-08-21,30.161,30.288,29.62,29.781,56897460,29.781,NFLX,4
4692,2019-08-22,29.865,30.033,29.315,29.693,49770420,29.693,NFLX,4
4693,2019-08-23,29.5,29.901,29.032,29.144,63311890,29.144,NFLX,4
4694,2019-08-26,29.524,29.695,29.25,29.498,46969820,29.498,NFLX,4
4695,2019-08-27,29.454,29.677,28.7197,29.103,63145590,29.103,NFLX,4
4696,2019-08-28,28.947,29.282,28.775,29.177,39580430,29.177,NFLX,4
4697,2019-08-29,29.5,29.993,29.499,29.678,43925320,29.678,NFLX,4
4698,2019-08-30,29.878,29.894,29.085,29.375,44479900,29.375,NFLX,4
4699,2019-09-03,29.082,29.39,28.806,28.929,36841770,28.929,NFLX,4
4700,2019-09-04,29.125,29.238,28.651,29.152,46536650,29.152,NFLX,4
4701,2019-09-05,28.532,29.397,28.2785,29.325,89723560,29.325,NFLX,4
4702,2019-09-06,29.335,29.335,28.703,29.017,51665560,29.017,NFLX,4
4703,2019-09-09,29.481,30.155,29.06,29.434,82327440,29.434,NFLX,4
4704,2019-09-10,29.116,29.717,28.2663,28.799,123202480,28.799,NFLX,4
4705,2019-09-11,28.57,29.265,28.461,28.827,74059490,28.827,NFLX,4
4706,2019-09-12,28.81,29.273,28.66,28.886,50109270,28.886,NFLX,4
4707,2019-09-13,29.061,29.662,29.004,29.415,65831240,29.415,NFLX,4
4708,2019-09-16,29.423,29.743,28.978,29.429,53073860,29.429,NFLX,4
4709,2019-09-17,29.45,29.915,29.179,29.86,48171190,29.86,NFLX,4
4710,2019-09-18,29.499,29.605,28.745,29.156,78415390,29.156,NFLX,4
4711,2019-09-19,29.156,29.381,28.34,28.66,85457610,28.66,NFLX,4
4712,2019-09-20,28.026,28.25,26.6,27.075,239541920,27.075,NFLX,4
4713,2019-09-23,26.8345,27.339,26.189,26.592,136102940,26.592,NFLX,4
4714,2019-09-24,26.25,26.5,25.228,25.459,163928080,25.459,NFLX,4
4715,2019-09-25,25.571,26.66,25.37,26.475,118467480,26.475,NFLX,4
4716,2019-09-26,26.642,26.805,26.02,26.331,76968580,26.331,NFLX,4
4717,2019-09-27,26.6175,26.744,26.039,26.308,73674910,26.308,NFLX,4
4718,2019-09-30,26.4,26.888,26.278,26.762,68231000,26.762,NFLX,4
4719,2019-10-01,26.735,27.22,26.403,26.958,87862840,26.958,NFLX,4
4720,2019-10-02,26.361,26.935,26.219,26.803,77732990,26.803,NFLX,4
4721,2019-10-03,26.778,26.8843,25.701,26.815,90688100,26.815,NFLX,4
4722,2019-10-04,26.82,27.5485,26.647,27.279,99927740,27.279,NFLX,4
4723,2019-10-07,27.199,27.668,27.128,27.446,67968110,27.446,NFLX,4
4724,2019-10-08,27.303,27.553,27.0643,27.072,63022690,27.072,NFLX,4
4725,2019-10-09,27.002,27.1,26.457,26.753,68434880,26.753,NFLX,4
4726,2019-10-10,26.597,28.053,26.5034,28.048,109611910,28.048,NFLX,4
4727,2019-10-11,28.48,28.787,27.5895,28.293,88173010,28.293,NFLX,4
4728,2019-10-14,28.393,28.693,28.2,28.553,55431200,28.553,NFLX,4
4729,2019-10-15,28.382,28.587,27.94,28.425,77281610,28.425,NFLX,4
4730,2019-10-16,28.312,28.817,28.0743,28.628,184133350,28.628,NFLX,4
4731,2019-10-17,30.449,30.875,28.83,29.335,384623430,29.335,NFLX,4
4732,2019-10-18,28.936,29.09,27.336,27.53,234496380,27.53,NFLX,4
4733,2019-10-21,27.289,27.994,26.9,27.805,126339590,27.805,NFLX,4
4734,2019-10-22,27.141,27.541,26.58,26.669,118655930,26.669,NFLX,4
4735,2019-10-23,26.806,27.392,26.663,27.127,71544300,27.127,NFLX,4
4736,2019-10-24,27.181,27.402,26.88,27.15,49110330,27.15,NFLX,4
4737,2019-10-25,27.068,27.777,27.018,27.682,47478290,27.682,NFLX,4
4738,2019-10-28,27.799,28.575,27.735,28.186,62484330,28.186,NFLX,4
4739,2019-10-29,28.187,28.441,27.7545,28.121,43561810,28.121,NFLX,4
4740,2019-10-30,28.434,29.349,28.3,29.145,93455620,29.145,NFLX,4
4741,2019-10-31,29.1,29.145,28.478,28.741,50900210,28.741,NFLX,4
4742,2019-11-01,28.87,28.912,28.302,28.681,55942930,28.681,NFLX,4
4743,2019-11-04,28.8,29.539,28.716,29.286,55662130,29.286,NFLX,4
4744,2019-11-05,28.999,29.119,28.631,28.803,40623700,28.803,NFLX,4
4745,2019-11-06,28.819,29.056,28.584,28.859,34382570,28.859,NFLX,4
4746,2019-11-07,29.07,29.819,28.8268,28.957,59284710,28.957,NFLX,4
4747,2019-11-08,28.873,29.399,28.7505,29.157,45095880,29.157,NFLX,4
4748,2019-11-11,28.916,29.636,28.85,29.418,39458850,29.418,NFLX,4
4749,2019-11-12,29.532,29.5345,28.87,29.201,57748330,29.201,NFLX,4
4750,2019-11-13,29.103,29.341,28.114,28.311,92330660,28.311,NFLX,4
4751,2019-11-14,28.325,29.063,28.322,28.962,65397710,28.962,NFLX,4
4752,2019-11-15,29.059,29.5819,28.7568,29.503,63377790,29.503,NFLX,4
4753,2019-11-18,29.6,30.499,29.328,30.257,86215660,30.257,NFLX,4
4754,2019-11-19,30.401,30.567,29.852,30.26,59197100,30.26,NFLX,4
4755,2019-11-20,30.101,30.825,30.1,30.516,51155460,30.516,NFLX,4
4756,2019-11-21,30.6,31.269,30.4262,31.169,74883730,31.169,NFLX,4
4757,2019-11-22,30.91,31.14,30.441,31.048,59700560,31.048,NFLX,4
4758,2019-11-25,30.883,31.573,30.525,31.555,78789430,31.555,NFLX,4
4759,2019-11-26,31.5,31.65,31.169,31.249,53283480,31.249,NFLX,4
4760,2019-11-27,31.393,31.682,31.275,31.593,40965930,31.593,NFLX,4
4761,2019-11-29,31.578,31.662,31.334,31.466,24117490,31.466,NFLX,4
4762,2019-12-02,31.439,31.439,30.375,30.999,62231350,30.999,NFLX,4
4763,2019-12-03,30.222,30.736,30.188,30.616,52724470,30.616,NFLX,4
4764,2019-12-04,30.843,30.843,30.3273,30.432,35135510,30.432,NFLX,4
4765,2019-12-05,30.527,30.648,29.881,30.286,46188670,30.286,NFLX,4
4766,2019-12-06,30.47,30.785,30.26,30.735,44596840,30.735,NFLX,4
4767,2019-12-09,30.735,31.149,30.244,30.25,57660060,30.25,NFLX,4
4768,2019-12-10,29.612,29.894,29.202,29.312,104812390,29.312,NFLX,4
4769,2019-12-11,29.449,29.943,29.42,29.893,56071550,29.893,NFLX,4
4770,2019-12-12,29.567,29.9165,29.506,29.844,47714040,29.844,NFLX,4
4771,2019-12-13,29.85,30.18,29.725,29.85,38830690,29.85,NFLX,4
4772,2019-12-16,30.085,30.571,29.863,30.421,46601660,30.421,NFLX,4
4773,2019-12-17,30.736,31.68,30.66,31.548,104371270,31.548,NFLX,4
4774,2019-12-18,31.626,32.536,31.56,32.08,112107370,32.08,NFLX,4
4775,2019-12-19,32.45,33.283,32.418,33.222,98333550,33.222,NFLX,4
4776,2019-12-20,33.5,33.8,33.06,33.69,99232600,33.69,NFLX,4
4777,2019-12-23,33.776,33.795,33.102,33.31,57679370,33.31,NFLX,4
4778,2019-12-24,33.401,33.57,33.16,33.32,20193220,33.32,NFLX,4
4779,2019-12-26,33.46,33.6462,33.201,33.263,35958540,33.263,NFLX,4
4780,2019-12-27,33.296,33.382,32.601,32.909,50371560,32.909,NFLX,4
4781,2019-12-30,32.908,32.9185,32.286,32.331,43152670,32.331,NFLX,4
4782,2019-12-31,32.2,32.4916,32.109,32.357,37148370,32.357,NFLX,4
4783,2020-01-02,32.61,32.998,32.478,32.981,43484930,32.981,NFLX,4
4784,2020-01-03,32.678,32.986,32.553,32.59,37954660,32.59,NFLX,4
4785,2020-01-06,32.312,33.636,32.12,33.583,56685770,33.583,NFLX,4
4786,2020-01-07,33.647,33.67,33.03,33.075,47424580,33.075,NFLX,4
4787,2020-01-08,33.149,34.27,33.105,33.926,71091170,33.926,NFLX,4
4788,2020-01-09,34.2,34.342,33.461,33.566,47174300,33.566,NFLX,4
4789,2020-01-10,33.713,33.85,32.727,32.905,47205400,32.905,NFLX,4
4790,2020-01-13,33.18,34.085,33.151,33.892,62961740,33.892,NFLX,4
4791,2020-01-14,34.44,34.538,33.552,33.869,72015440,33.869,NFLX,4
4792,2020-01-15,33.868,34.317,33.66,33.907,51580350,33.907,NFLX,4
4793,2020-01-16,34.35,34.3555,33.585,33.862,50159970,33.862,NFLX,4
4794,2020-01-17,34.1,34.157,33.738,33.967,60665470,33.967,NFLX,4
4795,2020-01-21,34.0,34.1,33.259,33.811,143503220,33.811,NFLX,4
4796,2020-01-22,33.255,33.63,32.36,32.6,217299590,32.6,NFLX,4
4797,2020-01-23,32.604,34.988,32.501,34.96,182002930,34.96,NFLX,4
4798,2020-01-24,34.846,35.985,34.588,35.316,179396810,35.316,NFLX,4
4799,2020-01-27,34.595,35.19,34.102,34.288,77094820,34.288,NFLX,4
4800,2020-01-28,34.588,35.24,34.278,34.852,68215810,34.852,NFLX,4
4801,2020-01-29,34.9,34.94,33.855,34.316,76491830,34.316,NFLX,4
4802,2020-01-30,34.11,34.82,33.925,34.774,53281360,34.774,NFLX,4
4803,2020-01-31,34.739,34.739,34.098,34.509,52300010,34.509,NFLX,4
4804,2020-02-03,34.724,35.963,34.628,35.8,66748850,35.8,NFLX,4
4805,2020-02-04,36.1,36.957,35.6096,36.901,71614510,36.901,NFLX,4
4806,2020-02-05,37.5125,37.525,36.23,36.967,64370260,36.967,NFLX,4
4807,2020-02-06,36.96,37.155,36.2505,36.695,39204280,36.695,NFLX,4
4808,2020-02-07,36.504,37.18,36.357,36.677,43852270,36.677,NFLX,4
4809,2020-02-10,36.5,37.48,36.252,37.107,52941380,37.107,NFLX,4
4810,2020-02-11,37.375,37.811,36.972,37.369,47728700,37.369,NFLX,4
4811,2020-02-12,37.718,38.062,37.588,38.001,46247720,38.001,NFLX,4
4812,2020-02-13,37.696,38.537,37.651,38.14,44853830,38.14,NFLX,4
4813,2020-02-14,38.147,38.515,37.9434,38.04,37362660,38.04,NFLX,4
4814,2020-02-18,37.93,38.954,37.919,38.778,51804000,38.778,NFLX,4
4815,2020-02-19,38.812,39.295,38.49,38.619,48963680,38.619,NFLX,4
4816,2020-02-20,38.656,38.97,37.668,38.6,40794250,38.6,NFLX,4
4817,2020-02-21,38.533,38.732,37.7901,38.007,39356180,38.007,NFLX,4
4818,2020-02-24,36.476,37.282,36.1,36.87,69364180,36.87,NFLX,4
4819,2020-02-25,37.2,37.565,35.772,36.009,64812430,36.009,NFLX,4
4820,2020-02-26,36.631,38.2,36.5,37.924,89611260,37.924,NFLX,4
4821,2020-02-27,37.146,39.1562,37.0596,37.171,109676990,37.171,NFLX,4
4822,2020-02-28,36.421,37.677,35.68,36.903,111785720,36.903,NFLX,4
4823,2020-03-02,37.311,38.136,36.4502,38.105,69978910,38.105,NFLX,4
4824,2020-03-03,38.103,39.352,36.74,36.877,83646230,36.877,NFLX,4
4825,2020-03-04,37.777,38.401,37.051,38.379,54873400,38.379,NFLX,4
4826,2020-03-05,38.1,39.14,36.864,37.278,87469850,37.278,NFLX,4
4827,2020-03-06,36.77,37.131,35.685,36.897,81471650,36.897,NFLX,4
4828,2020-03-09,34.386,35.747,34.1721,34.649,74054580,34.649,NFLX,4
4829,2020-03-10,35.6425,36.454,34.785,36.413,76044440,36.413,NFLX,4
4830,2020-03-11,35.892,36.298,34.479,34.992,60587820,34.992,NFLX,4
4831,2020-03-12,32.65,33.572,30.732,31.525,120715910,31.525,NFLX,4
4832,2020-03-13,33.051,33.642,30.739,33.6295,94581970,33.6295,NFLX,4
4833,2020-03-16,30.663,33.435,29.475,29.884,105599400,29.884,NFLX,4
4834,2020-03-17,30.619,32.29,29.025,31.975,100139130,31.975,NFLX,4
4835,2020-03-18,30.2395,33.1579,30.0,31.547,125936470,31.547,NFLX,4
4836,2020-03-19,32.433,34.851,31.682,33.203,106159570,33.203,NFLX,4
4837,2020-03-20,34.231,35.049,33.2,33.283,108538460,33.283,NFLX,4
4838,2020-03-23,34.789,36.611,34.0884,36.027,134493780,36.027,NFLX,4
4839,2020-03-24,36.999,37.293,35.303,35.732,116386830,35.732,NFLX,4
4840,2020-03-25,36.102,36.2,33.917,34.239,87671710,34.239,NFLX,4
4841,2020-03-26,34.4,36.384,34.173,36.299,72350160,36.299,NFLX,4
4842,2020-03-27,35.909,36.856,35.3,35.712,79487750,35.712,NFLX,4
4843,2020-03-30,36.3,37.78,36.117,37.096,86219640,37.096,NFLX,4
4844,2020-03-31,36.793,38.301,36.644,37.55,93664640,37.55,NFLX,4
4845,2020-04-01,37.605,38.0233,36.102,36.408,66724540,36.408,NFLX,4
4846,2020-04-02,36.408,37.099,36.006,37.008,45924770,37.008,NFLX,4
4847,2020-04-03,36.747,37.09,35.751,36.176,48607680,36.176,NFLX,4
4848,2020-04-06,36.522,38.029,36.171,37.996,81839210,37.996,NFLX,4
4849,2020-04-07,38.0,38.133,36.934,37.228,70464380,37.228,NFLX,4
4850,2020-04-08,37.401,37.839,36.831,37.112,69088790,37.112,NFLX,4
4851,2020-04-09,37.106,37.21,36.303,37.072,77112960,37.072,NFLX,4
4852,2020-04-13,37.131,40.051,36.77,39.672,116929220,39.672,NFLX,4
4853,2020-04-14,39.75,41.782,39.4847,41.355,115809830,41.355,NFLX,4
4854,2020-04-15,41.3,43.498,41.225,42.675,135612220,42.675,NFLX,4
4855,2020-04-16,43.7,44.952,43.161,43.917,161286660,43.917,NFLX,4
4856,2020-04-17,43.1,43.2,41.4695,42.296,126162580,42.296,NFLX,4
4857,2020-04-20,43.517,44.449,43.056,43.749,126558180,43.749,NFLX,4
4858,2020-04-21,44.477,44.7,42.56,43.383,231775500,43.383,NFLX,4
4859,2020-04-22,42.9725,43.3,41.3,42.142,211237730,42.142,NFLX,4
4860,2020-04-23,41.926,43.8413,41.926,42.67,139523300,42.67,NFLX,4
4861,2020-04-24,42.5,42.717,41.588,42.499,86703620,42.499,NFLX,4
4862,2020-04-27,42.5,42.9,42.084,42.138,62774800,42.138,NFLX,4
4863,2020-04-28,41.999,42.1,40.291,40.383,101012330,40.383,NFLX,4
4864,2020-04-29,39.953,41.586,39.36,41.189,96931370,41.189,NFLX,4
4865,2020-04-30,41.031,42.444,40.8,41.985,79539750,41.985,NFLX,4
4866,2020-05-01,41.51,42.797,41.173,41.527,82998580,41.527,NFLX,4
4867,2020-05-04,41.778,42.854,41.487,42.815,77990580,42.815,NFLX,4
4868,2020-05-05,42.7555,43.1,42.156,42.468,62862930,42.468,NFLX,4
4869,2020-05-06,42.93,43.977,42.6385,43.426,66607370,43.426,NFLX,4
4870,2020-05-07,43.689,43.888,43.066,43.653,56502810,43.653,NFLX,4
4871,2020-05-08,43.414,44.2,43.3639,43.555,50543080,43.555,NFLX,4
4872,2020-05-11,43.633,44.489,43.556,44.052,54860370,44.052,NFLX,4
4873,2020-05-12,44.2,44.417,43.136,43.182,45982110,43.182,NFLX,4
4874,2020-05-13,43.569,44.7,42.727,43.827,70145630,43.827,NFLX,4
4875,2020-05-14,44.49,45.238,43.282,44.195,90074670,44.195,NFLX,4
4876,2020-05-15,44.07,45.5,43.751,45.419,72439980,45.419,NFLX,4
4877,2020-05-18,45.116,45.636,44.335,45.258,77803090,45.258,NFLX,4
4878,2020-05-19,45.3396,45.897,45.0465,45.104,48104870,45.104,NFLX,4
4879,2020-05-20,45.425,45.581,44.4,44.767,56072570,44.767,NFLX,4
4880,2020-05-21,44.856,44.896,43.025,43.625,91173250,43.625,NFLX,4
4881,2020-05-22,43.7,43.909,42.718,42.932,54223340,42.932,NFLX,4
4882,2020-05-26,42.777,42.85,41.314,41.477,78811150,41.477,NFLX,4
4883,2020-05-27,41.038,42.002,39.786,41.989,104463390,41.989,NFLX,4
4884,2020-05-28,41.724,42.2372,41.15,41.344,56601600,41.344,NFLX,4
4885,2020-05-29,41.746,42.0295,41.185,41.973,52704840,41.973,NFLX,4
4886,2020-06-01,41.883,42.672,41.598,42.592,37485730,42.592,NFLX,4
4887,2020-06-02,42.587,42.759,41.946,42.731,34948010,42.731,NFLX,4
4888,2020-06-03,42.695,42.71,41.805,42.197,43160440,42.197,NFLX,4
4889,2020-06-04,42.239,42.871,41.003,41.433,54105290,41.433,NFLX,4
4890,2020-06-05,40.729,42.0239,40.425,41.96,50995610,41.96,NFLX,4
4891,2020-06-08,41.6,42.08,40.65,41.949,58514530,41.949,NFLX,4
4892,2020-06-09,42.165,43.473,42.031,43.405,67969990,43.405,NFLX,4
4893,2020-06-10,43.6,43.969,43.055,43.448,48968930,43.448,NFLX,4
4894,2020-06-11,42.82,44.557,42.416,42.556,74628680,42.556,NFLX,4
4895,2020-06-12,42.9,43.406,41.245,41.807,64611270,41.807,NFLX,4
4896,2020-06-15,42.14,42.649,41.5424,42.55,44714990,42.55,NFLX,4
4897,2020-06-16,42.576,43.796,42.518,43.613,55140160,43.613,NFLX,4
4898,2020-06-17,44.182,45.046,43.922,44.777,65295680,44.777,NFLX,4
4899,2020-06-18,44.873,45.276,44.28,44.987,42776270,44.987,NFLX,4
4900,2020-06-19,44.912,45.397,44.56,45.372,59336510,45.372,NFLX,4
4901,2020-06-22,45.501,46.859,45.421,46.804,62721050,46.804,NFLX,4
4902,2020-06-23,46.65,47.401,46.45,46.626,59484360,46.626,NFLX,4
4903,2020-06-24,46.854,47.236,45.4,45.785,48261910,45.785,NFLX,4
4904,2020-06-25,45.886,46.701,45.4,46.591,41345130,46.591,NFLX,4
4905,2020-06-26,46.639,46.803,44.224,44.34,68047260,44.34,NFLX,4
4906,2020-06-29,44.523,44.767,43.214,44.724,48439780,44.724,NFLX,4
4907,2020-06-30,45.002,45.759,44.7,45.504,41985450,45.504,NFLX,4
4908,2020-07-01,45.4,48.823,45.4,48.564,97058700,48.564,NFLX,4
4909,2020-07-02,48.564,49.228,47.5526,47.689,63514850,47.689,NFLX,4
4910,2020-07-06,48.077,49.95,47.98,49.381,78389900,49.381,NFLX,4
4911,2020-07-07,49.731,50.482,49.083,49.316,56698700,49.316,NFLX,4
4912,2020-07-08,49.8575,50.51,49.381,50.278,56916820,50.278,NFLX,4
4913,2020-07-09,50.84,51.0,49.578,50.776,58405410,50.776,NFLX,4
4914,2020-07-10,51.973,55.588,51.128,54.873,216055870,54.873,NFLX,4
4915,2020-07-13,56.798,57.537,52.096,52.55,183990200,52.55,NFLX,4
4916,2020-07-14,51.708,52.55,49.049,52.488,150833000,52.488,NFLX,4
4917,2020-07-15,51.63,52.9,51.018,52.326,100666520,52.326,NFLX,4
4918,2020-07-16,52.648,53.554,50.4363,52.739,244989940,52.739,NFLX,4
4919,2020-07-17,49.487,50.359,48.414,49.299,249913520,49.299,NFLX,4
4920,2020-07-20,48.914,50.45,48.42,50.241,119403060,50.241,NFLX,4
4921,2020-07-21,50.6,50.622,48.861,49.01,91272180,49.01,NFLX,4
4922,2020-07-22,49.219,49.72,48.72,48.982,69540780,48.982,NFLX,4
4923,2020-07-23,49.113,49.19,47.202,47.758,77220340,47.758,NFLX,4
4924,2020-07-24,46.877,48.717,46.754,48.045,77462470,48.045,NFLX,4
4925,2020-07-27,48.451,49.692,48.231,49.565,78630690,49.565,NFLX,4
4926,2020-07-28,49.602,49.7793,48.776,48.851,59867270,48.851,NFLX,4
4927,2020-07-29,49.225,49.492,48.413,48.448,66117690,48.448,NFLX,4
4928,2020-07-30,48.0707,48.835,47.751,48.58,66085690,48.58,NFLX,4
4929,2020-07-31,48.829,49.48,48.45,48.888,59243100,48.888,NFLX,4
4930,2020-08-03,49.086,50.309,49.023,49.862,58761900,49.862,NFLX,4
4931,2020-08-04,49.865,51.0444,49.865,50.964,56079680,50.964,NFLX,4
4932,2020-08-05,50.868,51.0102,50.12,50.211,43135260,50.211,NFLX,4
4933,2020-08-06,50.411,51.082,49.87,50.908,37258610,50.908,NFLX,4
4934,2020-08-07,50.545,50.829,48.668,49.473,59103480,49.473,NFLX,4
4935,2020-08-10,49.335,49.7458,47.8627,48.338,46911850,48.338,NFLX,4
4936,2020-08-11,47.975,48.092,46.655,46.693,73292260,46.693,NFLX,4
4937,2020-08-12,47.134,48.249,47.018,47.547,54412430,47.547,NFLX,4
4938,2020-08-13,47.84,48.445,47.645,48.133,30089330,48.133,NFLX,4
4939,2020-08-14,48.282,48.8325,48.021,48.268,29434870,48.268,NFLX,4
4940,2020-08-17,48.419,48.624,47.91,48.235,24235450,48.235,NFLX,4
4941,2020-08-18,48.435,49.53,48.28,49.187,35055180,49.187,NFLX,4
4942,2020-08-19,49.393,49.4498,48.35,48.453,31562180,48.453,NFLX,4
4943,2020-08-20,48.469,49.894,48.389,49.79,51324800,49.79,NFLX,4
4944,2020-08-21,49.646,49.813,49.0,49.231,39212930,49.231,NFLX,4
4945,2020-08-24,49.5438,50.1,48.316,48.881,47621830,48.881,NFLX,4
4946,2020-08-25,48.819,49.247,48.509,49.058,57277210,49.058,NFLX,4
4947,2020-08-26,49.25,54.904,49.2075,54.753,203736810,54.753,NFLX,4
4948,2020-08-27,53.7775,54.1,52.1247,52.627,90629120,52.627,NFLX,4
4949,2020-08-28,53.2,53.9,52.2,52.389,44175170,52.389,NFLX,4
4950,2020-08-31,52.116,53.199,51.758,52.956,49414090,52.956,NFLX,4
4951,2020-09-01,53.26,55.739,53.245,55.655,95819070,55.655,NFLX,4
4952,2020-09-02,55.378,55.65,53.7369,55.284,58869300,55.284,NFLX,4
4953,2020-09-03,54.5,55.4,52.132,52.575,90710890,52.575,NFLX,4
4954,2020-09-04,52.018,52.736,48.598,51.605,82701180,51.605,NFLX,4
4955,2020-09-08,49.84,52.2,49.5,50.702,55726840,50.702,NFLX,4
4956,2020-09-09,51.921,52.0,49.2574,50.019,68481270,50.019,NFLX,4
4957,2020-09-10,50.335,50.629,47.884,48.067,62401810,48.067,NFLX,4
4958,2020-09-11,48.6485,49.373,47.681,48.203,50352000,48.203,NFLX,4
4959,2020-09-14,48.062,48.899,47.13,47.626,73591260,47.626,NFLX,4
4960,2020-09-15,48.4,49.747,48.163,49.599,53369920,49.599,NFLX,4
4961,2020-09-16,49.999,50.466,48.331,48.386,44014120,48.386,NFLX,4
4962,2020-09-17,47.516,47.84,46.327,47.02,53793010,47.02,NFLX,4
4963,2020-09-18,47.251,47.94,45.86,46.996,67177110,46.996,NFLX,4
4964,2020-09-21,46.7692,48.7775,46.632,48.735,54575390,48.735,NFLX,4
4965,2020-09-22,48.901,49.182,47.926,49.117,34823240,49.117,NFLX,4
4966,2020-09-23,49.104,49.104,46.9,47.061,37264230,47.061,NFLX,4
4967,2020-09-24,47.053,47.7,46.782,47.308,37272010,47.308,NFLX,4
4968,2020-09-25,47.449,48.487,46.8026,48.288,37694360,48.288,NFLX,4
4969,2020-09-28,48.9109,49.2,47.788,49.065,47734970,49.065,NFLX,4
4970,2020-09-29,48.95,49.6287,48.653,49.348,35431930,49.348,NFLX,4
4971,2020-09-30,49.257,50.463,48.927,50.003,46341110,50.003,NFLX,4
4972,2020-10-01,50.603,52.955,50.36,52.751,81537100,52.751,NFLX,4
4973,2020-10-02,51.643,52.6371,50.27,50.306,60711650,50.306,NFLX,4
4974,2020-10-05,50.68,52.099,50.17,52.065,40880690,52.065,NFLX,4
4975,2020-10-06,51.872,52.182,50.416,50.587,41990340,50.587,NFLX,4
4976,2020-10-07,51.8,53.649,51.5815,53.466,79886830,53.466,NFLX,4
4977,2020-10-08,53.348,53.5,52.415,53.179,53864880,53.179,NFLX,4
4978,2020-10-09,53.7834,54.428,53.5,53.944,47812590,53.944,NFLX,4
4979,2020-10-12,54.881,55.181,53.824,53.981,53910740,53.981,NFLX,4
4980,2020-10-13,54.056,55.765,53.72,55.409,56024980,55.409,NFLX,4
4981,2020-10-14,56.261,57.249,54.1,54.145,95100810,54.145,NFLX,4
4982,2020-10-15,54.552,55.122,53.51,54.194,51131260,54.194,NFLX,4
4983,2020-10-16,54.95,55.433,53.003,53.079,63473630,53.079,NFLX,4
4984,2020-10-19,53.707,54.18,52.538,53.072,75675060,53.072,NFLX,4
4985,2020-10-20,52.814,53.378,52.226,52.542,100471750,52.542,NFLX,4
4986,2020-10-21,50.103,50.685,48.825,48.905,174057080,48.905,NFLX,4
4987,2020-10-22,49.469,49.514,48.2,48.523,69979220,48.523,NFLX,4
4988,2020-10-23,48.811,49.006,48.135,48.828,49278620,48.828,NFLX,4
4989,2020-10-26,48.7025,49.682,47.89,48.824,61860870,48.824,NFLX,4
4990,2020-10-27,49.001,49.049,48.293,48.893,36271750,48.893,NFLX,4
4991,2020-10-28,48.636,49.4,48.328,48.624,59927310,48.624,NFLX,4
4992,2020-10-29,48.85,51.39,47.934,50.421,111206890,50.421,NFLX,4
4993,2020-10-30,50.201,50.588,47.221,47.574,78138970,47.574,NFLX,4
4994,2020-11-02,47.887,48.63,47.5,48.412,44081930,48.412,NFLX,4
4995,2020-11-03,48.493,49.5305,47.876,48.722,36902130,48.722,NFLX,4
4996,2020-11-04,49.536,50.773,49.398,49.695,51373300,49.695,NFLX,4
4997,2020-11-05,50.656,51.8734,50.345,51.376,53727810,51.376,NFLX,4
4998,2020-11-06,51.5,51.521,50.251,51.473,42363490,51.473,NFLX,4
4999,2020-11-09,48.554,49.585,46.726,47.05,104196760,47.05,NFLX,4
5000,2020-11-10,47.095,48.46,46.341,48.024,83061420,48.024,NFLX,4
5001,2020-11-11,48.3,49.168,47.826,49.076,54605320,49.076,NFLX,4
5002,2020-11-12,49.1,49.652,48.0426,48.677,50711550,48.677,NFLX,4
5003,2020-11-13,48.677,48.894,47.78,48.284,30065100,48.284,NFLX,4
5004,2020-11-16,48.0,48.558,47.73,47.91,39535630,47.91,NFLX,4
5005,2020-11-17,48.012,48.751,47.8852,48.063,36980820,48.063,NFLX,4
5006,2020-11-18,48.195,48.861,47.7721,48.179,36292370,48.179,NFLX,4
5007,2020-11-19,48.2,48.78,48.047,48.467,22546530,48.467,NFLX,4
5008,2020-11-20,48.522,49.476,48.157,48.824,42559240,48.824,NFLX,4
5009,2020-11-23,49.046,49.115,47.584,47.662,54165710,47.662,NFLX,4
5010,2020-11-24,47.884,48.405,47.589,48.288,35578940,48.288,NFLX,4
5011,2020-11-25,48.513,48.69,47.8919,48.5,35986290,48.5,NFLX,4
5012,2020-11-27,48.658,49.325,48.1845,49.136,28057620,49.136,NFLX,4
5013,2020-11-30,49.008,49.255,48.1268,49.07,35309400,49.07,NFLX,4
5014,2020-12-01,49.234,50.947,49.1981,50.458,50632340,50.458,NFLX,4
5015,2020-12-02,50.162,50.6795,49.35,50.338,30283580,50.338,NFLX,4
5016,2020-12-03,50.299,50.877,49.604,49.752,28261160,49.752,NFLX,4
5017,2020-12-04,49.75,50.45,49.364,49.831,36662430,49.831,NFLX,4
5018,2020-12-07,50.001,51.776,49.777,51.578,42833530,51.578,NFLX,4
5019,2020-12-08,51.79,52.1491,50.555,51.266,42270560,51.266,NFLX,4
5020,2020-12-09,51.053,51.45,49.129,49.36,41698370,49.36,NFLX,4
5021,2020-12-10,49.456,50.377,49.291,50.109,30182030,50.109,NFLX,4
5022,2020-12-11,49.5,50.334,49.485,50.322,32109280,50.322,NFLX,4
5023,2020-12-14,50.544,52.416,50.118,52.242,57704240,52.242,NFLX,4
5024,2020-12-15,51.85,52.47,51.356,51.978,33982090,51.978,NFLX,4
5025,2020-12-16,52.011,52.738,51.769,52.483,36823920,52.483,NFLX,4
5026,2020-12-17,52.9,53.549,52.644,53.29,31933770,53.29,NFLX,4
5027,2020-12-18,53.32,53.637,52.602,53.445,45026920,53.445,NFLX,4
5028,2020-12-21,53.005,53.262,52.115,52.891,38939640,52.891,NFLX,4
5029,2020-12-22,52.769,53.04,52.05,52.733,19085290,52.733,NFLX,4
5030,2020-12-23,52.476,52.632,51.42,51.448,23931870,51.448,NFLX,4
5031,2020-12-24,51.512,51.9345,51.221,51.397,11439520,51.397,NFLX,4
5032,2020-12-28,51.643,52.366,50.713,51.912,28918670,51.912,NFLX,4
5033,2020-12-29,51.99,53.6548,51.548,53.087,40223580,53.087,NFLX,4
5034,2020-12-30,53.013,53.3258,52.369,52.459,18762860,52.459,NFLX,4
5035,2020-12-31,52.553,54.55,52.315,54.073,53923220,54.073,NFLX,4
5036,2021-01-04,53.9,54.08,51.5085,52.286,44444070,52.286,NFLX,4
5037,2021-01-05,52.155,52.678,51.589,52.08,31338720,52.08,NFLX,4
5038,2021-01-06,51.197,51.31,49.95,50.049,53462100,50.049,NFLX,4
5039,2021-01-07,50.828,51.644,50.642,50.889,36864480,50.889,NFLX,4
5040,2021-01-08,51.131,51.324,50.451,51.04,29739490,51.04,NFLX,4
5041,2021-01-11,50.784,51.0725,49.795,49.91,38127200,49.91,NFLX,4
5042,2021-01-12,50.0,50.109,48.567,49.425,59904250,49.425,NFLX,4
5043,2021-01-13,49.5501,51.2354,49.301,50.779,50320990,50.779,NFLX,4
5044,2021-01-14,50.735,51.45,49.958,50.086,41773570,50.086,NFLX,4
5045,2021-01-15,50.0,50.632,49.51,49.798,58957880,49.798,NFLX,4
5046,2021-01-19,50.1,50.925,49.3543,50.177,123158130,50.177,NFLX,4
5047,2021-01-20,56.542,59.3288,55.686,58.634,326374500,58.634,NFLX,4
5048,2021-01-21,58.245,58.875,57.04,57.984,118406340,57.984,NFLX,4
5049,2021-01-22,58.21,58.399,56.435,56.517,75508220,56.517,NFLX,4
5050,2021-01-25,56.7,56.975,54.865,55.678,72073290,55.678,NFLX,4
5051,2021-01-26,55.473,56.799,55.406,56.193,50238470,56.193,NFLX,4
5052,2021-01-27,55.071,55.6419,51.573,52.328,86702770,52.328,NFLX,4
5053,2021-01-28,53.588,55.3148,53.074,53.86,59689780,53.86,NFLX,4
5054,2021-01-29,53.8,54.1,53.018,53.239,43252640,53.239,NFLX,4
5055,2021-02-01,53.679,54.506,53.173,53.904,35475070,53.904,NFLX,4
5056,2021-02-02,54.201,55.548,53.8935,54.816,37675690,54.816,NFLX,4
5057,2021-02-03,55.017,55.048,53.8243,53.945,31722880,53.945,NFLX,4
5058,2021-02-04,53.981,55.948,53.751,55.216,51645370,55.216,NFLX,4
5059,2021-02-05,55.226,55.444,54.5478,55.079,23761750,55.079,NFLX,4
5060,2021-02-08,55.5,55.5,54.37,54.792,27917210,54.792,NFLX,4
5061,2021-02-09,54.6,56.6,54.3,55.907,37034990,55.907,NFLX,4
5062,2021-02-10,56.25,56.665,55.3463,56.359,39912640,56.359,NFLX,4
5063,2021-02-11,56.4442,56.593,55.422,55.759,27305870,55.759,NFLX,4
5064,2021-02-12,55.694,56.125,55.085,55.652,21971280,55.652,NFLX,4
5065,2021-02-16,55.7286,56.363,55.273,55.728,26240970,55.728,NFLX,4
5066,2021-02-17,55.099,55.525,54.303,55.134,20715900,55.134,NFLX,4
5067,2021-02-18,54.9,55.0,53.8226,54.822,24576040,54.822,NFLX,4
5068,2021-02-19,54.8,54.899,53.8813,54.022,28414570,54.022,NFLX,4
5069,2021-02-22,53.499,54.179,53.079,53.378,30785940,53.378,NFLX,4
5070,2021-02-23,52.5004,54.854,51.828,54.615,41365320,54.615,NFLX,4
5071,2021-02-24,53.98,55.685,53.9065,55.341,32450380,55.341,NFLX,4
5072,2021-02-25,55.027,55.648,53.575,54.67,42528790,54.67,NFLX,4
5073,2021-02-26,54.651,55.309,53.8,53.885,37555740,53.885,NFLX,4
5074,2021-03-01,54.5573,55.214,54.2,55.064,30421800,55.064,NFLX,4
5075,2021-03-02,55.334,55.699,54.602,54.782,30422260,54.782,NFLX,4
5076,2021-03-03,54.593,54.8005,51.781,52.07,53624430,52.07,NFLX,4
5077,2021-03-04,52.15,53.15,50.768,51.129,50347920,51.129,NFLX,4
5078,2021-03-05,51.198,51.776,49.879,51.639,50699730,51.639,NFLX,4
5079,2021-03-08,51.446,51.884,49.285,49.333,39817580,49.333,NFLX,4
5080,2021-03-09,50.731,51.311,50.3822,50.644,34700420,50.644,NFLX,4
5081,2021-03-10,51.35,51.897,50.425,50.454,37714840,50.454,NFLX,4
5082,2021-03-11,51.2205,53.0235,51.071,52.306,47144690,52.306,NFLX,4
5083,2021-03-12,51.25,52.651,50.659,51.802,39817430,51.802,NFLX,4
5084,2021-03-15,51.632,52.0729,50.803,52.025,34855190,52.025,NFLX,4
5085,2021-03-16,52.447,53.342,52.321,52.403,32388880,52.403,NFLX,4
5086,2021-03-17,52.2,52.8365,51.43,52.444,28173760,52.444,NFLX,4
5087,2021-03-18,51.6396,51.79,50.385,50.479,40966060,50.479,NFLX,4
5088,2021-03-19,50.496,51.319,50.163,51.218,43863600,51.218,NFLX,4
5089,2021-03-22,50.913,52.931,50.913,52.311,33605870,52.311,NFLX,4
5090,2021-03-23,52.987,54.312,52.94,53.509,55834610,53.509,NFLX,4
5091,2021-03-24,53.378,53.442,52.0,52.081,41022110,52.081,NFLX,4
5092,2021-03-25,51.699,51.853,49.7,50.286,49267640,50.286,NFLX,4
5093,2021-03-26,50.282,50.872,49.668,50.805,34677970,50.805,NFLX,4
5094,2021-03-29,50.566,51.8,50.44,51.395,33300490,51.395,NFLX,4
5095,2021-03-30,51.0505,51.441,50.691,51.339,24181290,51.339,NFLX,4
5096,2021-03-31,51.5675,52.813,51.544,52.166,35031110,52.166,NFLX,4
5097,2021-04-01,52.993,54.05,52.703,53.942,39386370,53.942,NFLX,4
5098,2021-04-05,54.001,54.285,52.923,54.067,33559040,54.067,NFLX,4
5099,2021-04-06,54.481,55.4165,54.33,54.453,34742050,54.453,NFLX,4
5100,2021-04-07,54.35,54.964,54.145,54.699,21513190,54.699,NFLX,4
5101,2021-04-08,55.113,55.6899,54.757,55.458,43098290,55.458,NFLX,4
5102,2021-04-09,55.269,55.69,54.711,55.531,28940340,55.531,NFLX,4
5103,2021-04-12,55.105,55.798,54.958,55.278,29440600,55.278,NFLX,4
5104,2021-04-13,55.7,55.975,55.03,55.373,27203440,55.373,NFLX,4
5105,2021-04-14,55.487,55.487,53.853,54.002,37402940,54.002,NFLX,4
5106,2021-04-15,54.417,55.349,54.266,54.922,31390500,54.922,NFLX,4
5107,2021-04-16,55.054,55.198,53.951,54.654,32090750,54.654,NFLX,4
5108,2021-04-19,54.69,55.644,54.553,55.444,42887150,55.444,NFLX,4
5109,2021-04-20,55.442,56.356,54.63,54.957,112576480,54.957,NFLX,4
5110,2021-04-21,50.8,51.546,50.36,50.89,228974460,50.89,NFLX,4
5111,2021-04-22,51.382,51.396,50.055,50.878,90610620,50.878,NFLX,4
5112,2021-04-23,50.901,50.97,50.07,50.555,73146590,50.555,NFLX,4
5113,2021-04-26,50.676,51.048,50.3,51.03,43888390,51.03,NFLX,4
5114,2021-04-27,51.262,51.299,50.4581,50.555,37613270,50.555,NFLX,4
5115,2021-04-28,50.52,50.8395,50.334,50.652,31929830,50.652,NFLX,4
5116,2021-04-29,50.76,50.929,49.9,50.9,51277920,50.9,NFLX,4
5117,2021-04-30,50.5,51.455,50.5,51.347,44132420,51.347,NFLX,4
5118,2021-05-03,51.265,51.895,50.52,50.911,40918950,50.911,NFLX,4
5119,2021-05-04,51.078,51.163,49.679,50.318,43495020,50.318,NFLX,4
5120,2021-05-05,50.499,50.7784,49.463,49.608,31293660,49.608,NFLX,4
5121,2021-05-06,49.599,49.955,49.137,49.955,37836980,49.955,NFLX,4
5122,2021-05-07,50.462,50.855,50.112,50.384,31327860,50.384,NFLX,4
5123,2021-05-10,50.2,50.315,48.611,48.669,51316320,48.669,NFLX,4
5124,2021-05-11,47.975,49.799,47.863,49.508,44010000,49.508,NFLX,4
5125,2021-05-12,48.683,49.354,48.27,48.498,41215400,48.498,NFLX,4
5126,2021-05-13,48.913,49.0775,48.271,48.666,27165610,48.666,NFLX,4
5127,2021-05-14,48.786,49.485,48.659,49.337,28824640,49.337,NFLX,4
5128,2021-05-17,48.559,49.271,48.281,48.894,27052490,48.894,NFLX,4
5129,2021-05-18,48.8395,49.3478,48.619,48.628,23504960,48.628,NFLX,4
5130,2021-05-19,48.1625,48.857,47.854,48.77,33499300,48.77,NFLX,4
5131,2021-05-20,48.955,50.27,48.8975,50.167,37212180,50.167,NFLX,4
5132,2021-05-21,50.312,50.54,49.726,49.789,33229250,49.789,NFLX,4
5133,2021-05-24,50.105,50.425,49.951,50.29,24125950,50.29,NFLX,4
5134,2021-05-25,50.6,50.6365,49.922,50.134,26994590,50.134,NFLX,4
5135,2021-05-26,50.234,50.414,50.05,50.236,24653030,50.236,NFLX,4
5136,2021-05-27,50.18,50.51,49.854,50.386,32537730,50.386,NFLX,4
5137,2021-05-28,50.44,51.176,50.253,50.281,29112970,50.281,NFLX,4
5138,2021-06-01,50.401,50.541,49.7744,49.908,24825550,49.908,NFLX,4
5139,2021-06-02,49.982,50.322,49.582,49.924,22689790,49.924,NFLX,4
5140,2021-06-03,49.519,49.666,48.725,48.943,38874450,48.943,NFLX,4
5141,2021-06-04,49.2,50.186,49.095,49.474,31604870,49.474,NFLX,4
5142,2021-06-07,49.2917,49.67,49.055,49.466,27919320,49.466,NFLX,4
5143,2021-06-08,49.7,49.882,48.937,49.239,23740370,49.239,NFLX,4
5144,2021-06-09,49.45,49.609,48.465,48.581,30550290,48.581,NFLX,4
5145,2021-06-10,48.7165,49.021,48.214,48.727,43829280,48.727,NFLX,4
5146,2021-06-11,49.0,49.141,48.778,48.877,31239690,48.877,NFLX,4
5147,2021-06-14,48.968,50.35,48.691,49.989,44002220,49.989,NFLX,4
5148,2021-06-15,50.123,50.123,49.04,49.19,31040730,49.19,NFLX,4
5149,2021-06-16,49.5,49.646,48.628,49.241,35332060,49.241,NFLX,4
5150,2021-06-17,49.025,50.18,49.015,49.834,31982730,49.834,NFLX,4
5151,2021-06-18,49.64,50.449,49.524,50.077,51975760,50.077,NFLX,4
5152,2021-06-21,50.164,50.205,49.228,49.7,52772970,49.7,NFLX,4
5153,2021-06-22,49.854,51.355,49.5795,50.882,58092710,50.882,NFLX,4
5154,2021-06-23,50.848,51.663,50.82,51.274,39447820,51.274,NFLX,4
5155,2021-06-24,51.796,52.096,51.44,51.806,33612020,51.806,NFLX,4
5156,2021-06-25,52.884,53.306,52.5,52.707,52990720,52.707,NFLX,4
5157,2021-06-28,52.812,53.394,52.456,53.303,28202270,53.303,NFLX,4
5158,2021-06-29,53.355,53.613,52.857,53.35,23146470,53.35,NFLX,4
5159,2021-06-30,53.4055,53.438,52.682,52.821,27734450,52.821,NFLX,4
5160,2021-07-01,52.572,53.704,52.572,53.354,28054020,53.354,NFLX,4
5161,2021-07-02,53.55,53.8535,52.939,53.398,19803160,53.398,NFLX,4
5162,2021-07-06,53.3,54.286,53.3,54.164,27750510,54.164,NFLX,4
5163,2021-07-07,54.424,54.464,53.166,53.596,27224980,53.596,NFLX,4
5164,2021-07-08,53.093,53.55,52.909,53.076,32689880,53.076,NFLX,4
5165,2021-07-09,53.1,53.826,52.858,53.598,27772310,53.598,NFLX,4
5166,2021-07-12,54.03,54.065,53.292,53.731,17807380,53.731,NFLX,4
5167,2021-07-13,53.576,54.533,53.576,54.068,27515930,54.068,NFLX,4
5168,2021-07-14,54.17,55.41,54.101,54.795,46595350,54.795,NFLX,4
5169,2021-07-15,55.397,55.754,53.82,54.295,57138730,54.295,NFLX,4
5170,2021-07-16,54.181,54.406,52.705,53.031,34421010,53.031,NFLX,4
5171,2021-07-19,52.605,53.4913,52.224,53.228,38857640,53.228,NFLX,4
5172,2021-07-20,52.607,53.664,52.03,53.105,69304400,53.105,NFLX,4
5173,2021-07-21,52.613,53.099,50.561,51.363,119067930,51.363,NFLX,4
5174,2021-07-22,51.0206,51.368,50.7,51.177,43280610,51.177,NFLX,4
5175,2021-07-23,51.216,51.741,50.466,51.541,38204780,51.541,NFLX,4
5176,2021-07-26,51.438,52.113,50.901,51.649,22545380,51.649,NFLX,4
5177,2021-07-27,51.808,52.195,51.205,51.891,27590370,51.891,NFLX,4
5178,2021-07-28,52.182,52.447,51.698,51.93,23904660,51.93,NFLX,4
5179,2021-07-29,51.996,52.078,51.3793,51.425,17360140,51.425,NFLX,4
5180,2021-07-30,51.269,51.979,51.0964,51.757,25371070,51.757,NFLX,4
5181,2021-08-02,51.9,51.985,51.051,51.515,20966320,51.515,NFLX,4
5182,2021-08-03,51.439,51.563,50.537,51.082,25794270,51.082,NFLX,4
5183,2021-08-04,51.3,51.798,51.037,51.735,20393740,51.735,NFLX,4
5184,2021-08-05,51.713,52.541,51.402,52.489,25566870,52.489,NFLX,4
5185,2021-08-06,52.4,52.684,51.939,52.055,19197980,52.055,NFLX,4
5186,2021-08-09,52.1147,52.267,51.799,51.997,13677820,51.997,NFLX,4
5187,2021-08-10,52.0,52.079,51.2965,51.584,19605440,51.584,NFLX,4
5188,2021-08-11,51.7,51.957,50.977,51.24,16739040,51.24,NFLX,4
5189,2021-08-12,51.186,51.3,50.7201,51.072,16861700,51.072,NFLX,4
5190,2021-08-13,51.264,52.144,51.151,51.592,21777360,51.592,NFLX,4
5191,2021-08-16,51.524,52.338,51.23,51.792,20331760,51.792,NFLX,4
5192,2021-08-17,51.5465,52.079,51.42,51.891,23098030,51.891,NFLX,4
5193,2021-08-18,52.0,52.638,51.865,52.187,25820460,52.187,NFLX,4
5194,2021-08-19,52.274,54.839,52.187,54.371,74972920,54.371,NFLX,4
5195,2021-08-20,54.509,55.1388,53.91,54.688,37764290,54.688,NFLX,4
5196,2021-08-23,54.598,55.555,54.374,55.333,26020100,55.333,NFLX,4
5197,2021-08-24,55.1484,55.5314,54.927,55.341,21095250,55.341,NFLX,4
5198,2021-08-25,55.016,55.284,54.545,54.758,20656210,54.758,NFLX,4
5199,2021-08-26,54.616,55.2604,54.59,55.012,15954990,55.012,NFLX,4
5200,2021-08-27,55.16,56.417,54.925,55.892,32525950,55.892,NFLX,4
5201,2021-08-30,55.725,56.7165,55.645,56.618,24348390,56.618,NFLX,4
5202,2021-08-31,56.612,56.948,56.1611,56.919,24318860,56.919,NFLX,4
5203,2021-09-01,56.9,59.1,56.9,58.207,56262140,58.207,NFLX,4
5204,2021-09-02,58.368,59.8757,58.368,58.855,61847820,58.855,NFLX,4
5205,2021-09-03,58.58,59.1878,58.314,59.053,26840050,59.053,NFLX,4
5206,2021-09-07,59.469,61.385,59.399,60.671,58309790,60.671,NFLX,4
5207,2021-09-08,60.384,61.56,59.571,60.605,54245030,60.605,NFLX,4
5208,2021-09-09,60.647,60.944,59.655,59.754,29542140,59.754,NFLX,4
5209,2021-09-10,59.816,60.945,59.367,59.872,39507640,59.872,NFLX,4
5210,2021-09-13,59.857,59.857,58.2775,58.929,30628710,58.929,NFLX,4
5211,2021-09-14,58.489,58.728,57.556,57.776,34569580,57.776,NFLX,4
5212,2021-09-15,57.817,58.462,57.537,58.287,27556150,58.287,NFLX,4
5213,2021-09-16,58.43,58.748,57.772,58.65,18320280,58.65,NFLX,4
5214,2021-09-17,58.785,59.028,58.085,58.935,41451450,58.935,NFLX,4
5215,2021-09-20,58.679,59.153,56.808,57.543,37322270,57.543,NFLX,4
5216,2021-09-21,57.831,58.188,56.937,57.314,22508840,57.314,NFLX,4
5217,2021-09-22,57.969,59.565,57.969,59.065,40218450,59.065,NFLX,4
5218,2021-09-23,59.079,59.932,58.913,59.326,25261610,59.326,NFLX,4
5219,2021-09-24,59.25,59.298,58.364,59.239,21262460,59.239,NFLX,4
5220,2021-09-27,58.795,59.358,57.693,59.264,25047380,59.264,NFLX,4
5221,2021-09-28,58.9,59.9535,58.016,58.385,44310510,58.385,NFLX,4
5222,2021-09-29,58.901,60.988,58.801,59.906,62210260,59.906,NFLX,4
5223,2021-09-30,60.805,61.9,60.805,61.034,66160400,61.034,NFLX,4
5224,2021-10-01,60.424,61.499,59.7505,61.315,40908470,61.315,NFLX,4
5225,2021-10-04,61.339,62.6125,59.468,60.335,49959320,60.335,NFLX,4
5226,2021-10-05,60.694,64.039,60.689,63.481,95342930,63.481,NFLX,4
5227,2021-10-06,62.818,63.987,62.636,63.91,45804340,63.91,NFLX,4
5228,2021-10-07,64.2225,64.684,63.045,63.185,35568860,63.185,NFLX,4
5229,2021-10-08,63.4165,64.38,63.086,63.266,32720930,63.266,NFLX,4
5230,2021-10-11,63.3195,63.942,62.678,62.704,28624700,62.704,NFLX,4
5231,2021-10-12,63.302,63.7655,62.199,62.494,32273490,62.494,NFLX,4
5232,2021-10-13,63.2179,63.2179,62.21,62.976,24246380,62.976,NFLX,4
5233,2021-10-14,63.223,63.688,62.679,63.38,26725350,63.38,NFLX,4
5234,2021-10-15,63.8,63.942,62.516,62.829,41168740,62.829,NFLX,4
5235,2021-10-18,63.21,63.841,62.059,63.797,46690710,63.797,NFLX,4
5236,2021-10-19,63.6969,64.1,63.23,63.9,76331470,63.9,NFLX,4
5237,2021-10-20,62.5573,63.74,61.715,62.514,106219970,62.514,NFLX,4
5238,2021-10-21,62.889,65.401,62.865,65.316,84370700,65.316,NFLX,4
5239,2021-10-22,65.181,66.546,65.181,66.478,61860160,66.478,NFLX,4
5240,2021-10-25,66.374,67.588,65.707,67.166,38335260,67.166,NFLX,4
5241,2021-10-26,67.376,67.649,66.277,66.852,29048400,66.852,NFLX,4
5242,2021-10-27,66.9,67.141,66.185,66.292,22769140,66.292,NFLX,4
5243,2021-10-28,67.0949,67.68,66.803,67.405,28594090,67.405,NFLX,4
5244,2021-10-29,67.306,69.097,67.124,69.031,38252790,69.031,NFLX,4
5245,2021-11-01,68.906,68.997,67.654,68.117,31109110,68.117,NFLX,4
5246,2021-11-02,68.311,68.768,67.382,67.772,38885970,67.772,NFLX,4
5247,2021-11-03,67.727,68.939,67.727,68.829,23348520,68.829,NFLX,4
5248,2021-11-04,68.589,68.594,66.55,66.84,48650230,66.84,NFLX,4
5249,2021-11-05,66.397,66.564,64.501,64.572,52834880,64.572,NFLX,4
5250,2021-11-08,65.029,65.6,64.379,65.145,28875230,65.145,NFLX,4
5251,2021-11-09,65.37,66.05,65.052,65.599,24156300,65.599,NFLX,4
5252,2021-11-10,65.301,66.0331,64.211,64.691,24057850,64.691,NFLX,4
5253,2021-11-11,65.024,66.582,64.9705,65.758,28683110,65.758,NFLX,4
5254,2021-11-12,66.001,68.334,65.382,68.261,41984100,68.261,NFLX,4
5255,2021-11-15,68.1235,68.526,67.149,67.933,28721860,67.933,NFLX,4
5256,2021-11-16,67.827,68.836,67.69,68.74,20773870,68.74,NFLX,4
5257,2021-11-17,69.0,70.0989,68.609,69.169,27328310,69.169,NFLX,4
5258,2021-11-18,69.161,69.174,67.9735,68.202,20149920,68.202,NFLX,4
5259,2021-11-19,69.235,69.416,67.5,67.88,26148520,67.88,NFLX,4
5260,2021-11-22,67.602,67.948,65.647,65.92,27653180,65.92,NFLX,4
5261,2021-11-23,65.818,66.643,64.605,65.406,23209170,65.406,NFLX,4
5262,2021-11-24,65.801,66.144,65.11,65.829,18672820,65.829,NFLX,4
5263,2021-11-26,67.5,67.6405,66.067,66.564,28725130,66.564,NFLX,4
5264,2021-11-29,66.32,66.799,65.829,66.384,25293640,66.384,NFLX,4
5265,2021-11-30,66.8198,67.538,64.001,64.19,56089190,64.19,NFLX,4
5266,2021-12-01,64.948,65.452,61.707,61.777,38970190,61.777,NFLX,4
5267,2021-12-02,61.71,62.536,61.288,61.647,33311310,61.647,NFLX,4
5268,2021-12-03,62.275,62.55,59.4,60.213,48292820,60.213,NFLX,4
5269,2021-12-06,60.601,61.729,60.1,61.269,30756720,61.269,NFLX,4
5270,2021-12-07,62.0,62.889,61.14,62.558,31251900,62.558,NFLX,4
5271,2021-12-08,63.0,63.2455,62.32,62.808,22203080,62.808,NFLX,4
5272,2021-12-09,62.758,63.024,61.044,61.1,23763210,61.1,NFLX,4
5273,2021-12-10,61.678,61.774,60.588,61.166,27487740,61.166,NFLX,4
5274,2021-12-13,61.2,61.264,59.952,60.456,25179150,60.456,NFLX,4
5275,2021-12-14,59.871,60.229,58.813,59.799,29845360,59.799,NFLX,4
5276,2021-12-15,59.818,60.569,58.451,60.504,28661960,60.504,NFLX,4
5277,2021-12-16,59.709,60.2831,58.8,59.106,31432170,59.106,NFLX,4
5278,2021-12-17,59.161,59.325,58.174,58.673,44337060,58.673,NFLX,4
5279,2021-12-20,58.643,60.2885,58.426,59.374,33584040,59.374,NFLX,4
5280,2021-12-21,59.7543,60.782,59.3861,60.492,23193900,60.492,NFLX,4
5281,2021-12-22,60.336,61.482,60.263,61.424,23357450,61.424,NFLX,4
5282,2021-12-23,61.64,61.688,60.757,61.409,16211460,61.409,NFLX,4
5283,2021-12-27,61.5,61.5,60.925,61.312,20622330,61.312,NFLX,4
5284,2021-12-28,61.495,61.841,60.969,61.071,18841160,61.071,NFLX,4
5285,2021-12-29,61.071,61.398,60.468,61.054,12875130,61.054,NFLX,4
5286,2021-12-30,61.299,62.061,61.124,61.209,16250930,61.209,NFLX,4
5287,2021-12-31,61.001,61.4075,60.205,60.244,19959180,60.244,NFLX,4
5288,2022-01-03,60.561,60.999,59.056,59.737,30688080,59.737,NFLX,4
5289,2022-01-04,59.991,60.041,58.16,59.115,43931350,59.115,NFLX,4
5290,2022-01-05,59.2,59.284,56.688,56.752,41487490,56.752,NFLX,4
5291,2022-01-06,55.434,56.336,54.201,55.329,57117950,55.329,NFLX,4
5292,2022-01-07,54.946,55.343,53.8218,54.106,33828730,54.106,NFLX,4
5293,2022-01-10,53.849,54.369,52.632,53.985,44861450,53.985,NFLX,4
5294,2022-01-11,53.699,54.391,53.007,54.084,30778360,54.084,NFLX,4
5295,2022-01-12,54.427,54.427,53.202,53.722,37873720,53.722,NFLX,4
5296,2022-01-13,53.706,54.079,51.826,51.92,44750630,51.92,NFLX,4
5297,2022-01-14,51.76,53.837,51.188,52.569,78611090,52.569,NFLX,4
5298,2022-01-18,52.008,52.175,50.868,51.08,48444180,51.08,NFLX,4
5299,2022-01-19,51.5,52.321,51.051,51.586,43535080,51.586,NFLX,4
5300,2022-01-20,51.775,52.664,50.693,50.825,126589930,50.825,NFLX,4
5301,2022-01-21,40.0425,40.915,37.999,39.75,589042660,39.75,NFLX,4
5302,2022-01-24,38.391,38.726,35.146,38.715,323867820,38.715,NFLX,4
5303,2022-01-25,37.914,38.771,36.513,36.642,151458160,36.642,NFLX,4
5304,2022-01-26,37.827,38.266,35.662,35.97,126839810,35.97,NFLX,4
5305,2022-01-27,38.206,39.48,37.81,38.67,243247470,38.67,NFLX,4
5306,2022-01-28,38.676,38.7,37.208,38.436,119666050,38.436,NFLX,4
5307,2022-01-31,40.197,42.77,39.82,42.714,200474520,42.714,NFLX,4
5308,2022-02-01,43.296,45.848,42.554,45.713,225680990,45.713,NFLX,4
5309,2022-02-02,44.825,45.198,42.648,42.948,143460100,42.948,NFLX,4
5310,2022-02-03,42.144,42.926,40.428,40.56,99052100,40.56,NFLX,4
5311,2022-02-04,40.731,41.277,39.6639,41.017,77897980,41.017,NFLX,4
5312,2022-02-07,41.017,41.235,39.355,40.21,82328590,40.21,NFLX,4
5313,2022-02-08,39.818,40.661,39.583,40.353,68185430,40.353,NFLX,4
5314,2022-02-09,40.865,41.298,39.879,41.289,77382270,41.289,NFLX,4
5315,2022-02-10,40.21,40.8,39.636,40.627,84529150,40.627,NFLX,4
5316,2022-02-11,40.533,41.161,38.765,39.131,75589390,39.131,NFLX,4
5317,2022-02-14,38.759,40.936,38.6891,39.657,72021550,39.657,NFLX,4
5318,2022-02-15,40.379,40.9162,40.101,40.746,53956410,40.746,NFLX,4
5319,2022-02-16,40.153,40.156,39.0384,39.808,52776500,39.808,NFLX,4
5320,2022-02-17,39.4235,39.911,38.57,38.667,46692220,38.667,NFLX,4
5321,2022-02-18,39.253,40.287,38.9047,39.129,68016680,39.129,NFLX,4
5322,2022-02-22,38.895,39.242,37.302,37.738,66975150,37.738,NFLX,4
5323,2022-02-23,38.272,38.6,36.666,36.746,46142900,36.746,NFLX,4
5324,2022-02-24,35.509,39.073,35.472,39.003,70687240,39.003,NFLX,4
5325,2022-02-25,38.661,39.129,37.558,39.08,48416360,39.08,NFLX,4
5326,2022-02-28,38.733,39.775,38.213,39.452,50350460,39.452,NFLX,4
5327,2022-03-01,39.16,39.5,38.3705,38.624,32904390,38.624,NFLX,4
5328,2022-03-02,38.893,38.922,37.521,38.003,53568090,38.003,NFLX,4
5329,2022-03-03,38.6,38.612,36.465,36.807,60768360,36.807,NFLX,4
5330,2022-03-04,36.8,37.4819,35.717,36.173,53291800,36.173,NFLX,4
5331,2022-03-07,36.041,36.1995,35.02,35.026,57083830,35.026,NFLX,4
5332,2022-03-08,34.98,35.886,34.067,34.176,64286550,34.176,NFLX,4
5333,2022-03-09,35.7685,36.414,35.0509,35.879,65201860,35.879,NFLX,4
5334,2022-03-10,35.62,36.702,35.33,35.677,48077670,35.677,NFLX,4
5335,2022-03-11,36.119,36.336,34.0,34.032,48199250,34.032,NFLX,4
5336,2022-03-14,33.872,34.132,32.982,33.101,59078170,33.101,NFLX,4
5337,2022-03-15,33.51,34.536,33.236,34.375,54606400,34.375,NFLX,4
5338,2022-03-16,34.82,35.999,34.306,35.753,69824690,35.753,NFLX,4
5339,2022-03-17,35.97,37.331,35.488,37.14,58183480,37.14,NFLX,4
5340,2022-03-18,37.2,38.18,36.847,38.06,83248250,38.06,NFLX,4
5341,2022-03-21,37.802,38.182,36.894,37.459,48664630,37.459,NFLX,4
5342,2022-03-22,37.114,38.666,36.676,38.292,42427620,38.292,NFLX,4
5343,2022-03-23,37.977,38.246,37.449,37.449,37289540,37.449,NFLX,4
5344,2022-03-24,37.976,37.976,36.89,37.571,38884610,37.571,NFLX,4
5345,2022-03-25,37.707,37.764,36.643,37.385,35759530,37.385,NFLX,4
5346,2022-03-28,37.523,38.028,36.673,37.851,43234350,37.851,NFLX,4
5347,2022-03-29,38.439,39.65,38.033,39.182,58807230,39.182,NFLX,4
5348,2022-03-30,38.955,39.27,37.8625,38.147,40233010,38.147,NFLX,4
5349,2022-03-31,38.359,38.4,37.361,37.459,41347200,37.459,NFLX,4
5350,2022-04-01,37.68,38.087,36.85,37.347,46442370,37.347,NFLX,4
5351,2022-04-04,37.355,39.602,37.313,39.15,70092350,39.15,NFLX,4
5352,2022-04-05,38.93,39.0,37.7305,38.015,42345080,38.015,NFLX,4
5353,2022-04-06,37.415,37.647,36.273,36.835,43548850,36.835,NFLX,4
5354,2022-04-07,36.5,36.854,35.369,36.215,49489090,36.215,NFLX,4
5355,2022-04-08,36.196,36.25,35.4865,35.588,40251830,35.588,NFLX,4
5356,2022-04-11,35.0,35.478,34.52,34.8,37770960,34.8,NFLX,4
5357,2022-04-12,35.591,35.941,34.225,34.41,38242610,34.41,NFLX,4
5358,2022-04-13,34.392,35.2,34.1155,35.043,32309500,35.043,NFLX,4
5359,2022-04-14,35.095,35.2,33.986,34.113,43438370,34.113,NFLX,4
5360,2022-04-18,34.0,34.236,33.1615,33.786,51050410,33.786,NFLX,4
5361,2022-04-19,33.322,35.168,33.322,34.861,209068850,34.861,NFLX,4
5362,2022-04-20,24.52,24.87,21.251,22.619,1333874800,22.619,NFLX,4
5363,2022-04-21,22.0,22.768,21.152,21.822,535016030,21.822,NFLX,4
5364,2022-04-22,22.02,22.627,21.005,21.552,375151270,21.552,NFLX,4
5365,2022-04-25,21.381,21.666,20.451,20.991,281520450,20.991,NFLX,4
5366,2022-04-26,20.88,20.915,19.8277,19.84,203180890,19.84,NFLX,4
5367,2022-04-27,19.4005,20.019,18.777,18.854,222983940,18.854,NFLX,4
5368,2022-04-28,19.156,20.148,18.56,19.952,213631620,19.952,NFLX,4
5369,2022-04-29,19.868,20.471,19.0,19.036,163918890,19.036,NFLX,4
5370,2022-05-02,19.171,20.0214,19.001,19.946,145916020,19.946,NFLX,4
5371,2022-05-03,19.829,20.32,19.477,19.987,118394310,19.987,NFLX,4
5372,2022-05-04,19.765,20.438,19.101,20.401,122187810,20.401,NFLX,4
5373,2022-05-05,20.045,20.071,18.6,18.832,139713260,18.832,NFLX,4
5374,2022-05-06,18.675,18.721,17.581,18.097,171854750,18.097,NFLX,4
5375,2022-05-09,17.7655,18.32,17.23,17.31,140313270,17.31,NFLX,4
5376,2022-05-10,17.601,18.1871,17.057,17.766,138839050,17.766,NFLX,4
5377,2022-05-11,17.609,18.092,16.555,16.637,126655180,16.637,NFLX,4
5378,2022-05-12,16.396,17.758,16.271,17.431,176621180,17.431,NFLX,4
5379,2022-05-13,17.716,18.777,17.601,18.764,131363340,18.764,NFLX,4
5380,2022-05-16,19.33,19.589,18.57,18.651,161450110,18.651,NFLX,4
5381,2022-05-17,18.917,19.14,18.517,19.056,98766850,19.056,NFLX,4
5382,2022-05-18,18.672,18.77,17.627,17.719,96656320,17.719,NFLX,4
5383,2022-05-19,17.8045,18.63,17.571,18.348,104485130,18.348,NFLX,4
5384,2022-05-20,18.5866,19.019,17.977,18.635,104293960,18.635,NFLX,4
5385,2022-05-23,18.615,18.766,17.789,18.744,96020270,18.744,NFLX,4
5386,2022-05-24,18.2,18.4,17.717,18.034,77063720,18.034,NFLX,4
5387,2022-05-25,18.028,18.887,18.017,18.783,85220920,18.783,NFLX,4
5388,2022-05-26,18.649,19.234,18.3092,19.14,80499330,19.14,NFLX,4
5389,2022-05-27,19.319,19.525,19.0372,19.519,85859870,19.519,NFLX,4
5390,2022-05-31,19.618,19.995,19.08,19.744,113984600,19.744,NFLX,4
5391,2022-06-01,19.87,20.274,19.1661,19.291,84161510,19.291,NFLX,4
5392,2022-06-02,19.202,20.547,19.172,20.509,96231210,20.509,NFLX,4
5393,2022-06-03,20.014,20.295,19.805,19.898,71917750,19.898,NFLX,4
5394,2022-06-06,20.209,20.387,19.538,19.714,53720430,19.714,NFLX,4
5395,2022-06-07,19.487,19.96,19.3,19.861,48394910,19.861,NFLX,4
5396,2022-06-08,19.795,20.738,19.764,20.283,72441210,20.283,NFLX,4
5397,2022-06-09,20.065,20.169,19.254,19.277,69489670,19.277,NFLX,4
5398,2022-06-10,18.264,18.586,18.085,18.294,130742800,18.294,NFLX,4
5399,2022-06-13,17.707,17.909,16.8957,16.969,102224070,16.969,NFLX,4
5400,2022-06-14,16.975,17.2062,16.428,16.754,115553230,16.754,NFLX,4
5401,2022-06-15,16.9258,18.3845,16.853,18.011,123960410,18.011,NFLX,4
5402,2022-06-16,17.4,17.627,17.156,17.335,82013060,17.335,NFLX,4
5403,2022-06-17,17.363,17.965,17.334,17.551,121333720,17.551,NFLX,4
5404,2022-06-21,17.76,17.8619,16.98,17.091,121775920,17.091,NFLX,4
5405,2022-06-22,17.075,18.282,17.02,17.889,120106150,17.889,NFLX,4
5406,2022-06-23,18.05,18.276,17.587,18.171,95382260,18.171,NFLX,4
5407,2022-06-24,18.35,19.119,18.184,19.085,124239740,19.085,NFLX,4
5408,2022-06-27,19.177,19.178,18.239,18.914,83638790,18.914,NFLX,4
5409,2022-06-28,18.92,19.22,17.937,17.96,72018970,17.96,NFLX,4
5410,2022-06-29,17.955,18.0665,17.51,17.836,57668470,17.836,NFLX,4
5411,2022-06-30,17.707,17.945,17.03,17.487,78947100,17.487,NFLX,4
5412,2022-07-01,17.649,18.01,17.427,17.995,52015830,17.995,NFLX,4
5413,2022-07-05,17.628,18.592,17.268,18.588,73390230,18.588,NFLX,4
5414,2022-07-06,18.52,18.622,18.082,18.406,57533850,18.406,NFLX,4
5415,2022-07-07,18.427,19.021,18.35,18.927,63345450,18.927,NFLX,4
5416,2022-07-08,18.602,18.991,18.275,18.6975,58356800,18.6975,NFLX,4
5417,2022-07-11,18.473,18.499,17.689,17.734,60484470,17.734,NFLX,4
5418,2022-07-12,17.733,17.9784,17.342,17.445,68452640,17.445,NFLX,4
5419,2022-07-13,17.05,17.918,16.9702,17.656,127344210,17.656,NFLX,4
5420,2022-07-14,17.556,17.752,17.182,17.478,90394570,17.478,NFLX,4
5421,2022-07-15,17.558,18.922,17.456,18.911,163191160,18.911,NFLX,4
5422,2022-07-18,19.25,19.967,18.98,19.092,163228450,19.092,NFLX,4
5423,2022-07-19,19.302,20.197,18.84,20.163,281787160,20.163,NFLX,4
5424,2022-07-20,20.817,21.697,20.01,21.644,539202660,21.644,NFLX,4
5425,2022-07-21,21.43,22.432,21.15,22.388,234301170,22.388,NFLX,4
5426,2022-07-22,22.238,22.935,21.844,22.044,178054520,22.044,NFLX,4
5427,2022-07-25,22.131,22.523,21.635,21.851,109352470,21.851,NFLX,4
5428,2022-07-26,21.666,21.939,21.164,21.391,95085320,21.391,NFLX,4
5429,2022-07-27,21.648,22.778,21.458,22.675,105083850,22.675,NFLX,4
5430,2022-07-28,22.46,22.81,21.967,22.602,89727380,22.602,NFLX,4
5431,2022-07-29,22.329,23.075,22.24,22.49,90649370,22.49,NFLX,4
5432,2022-08-01,22.3095,22.839,22.1,22.621,55250440,22.621,NFLX,4
5433,2022-08-02,22.276,22.82,22.088,22.142,63613270,22.142,NFLX,4
5434,2022-08-03,22.479,22.81,22.242,22.673,64007010,22.673,NFLX,4
5435,2022-08-04,22.768,23.207,22.505,22.991,71427410,22.991,NFLX,4
5436,2022-08-05,22.53,22.862,22.287,22.678,55397330,22.678,NFLX,4
5437,2022-08-08,22.749,24.196,22.641,23.349,109974090,23.349,NFLX,4
5438,2022-08-09,23.162,23.22,22.465,22.994,61811940,22.994,NFLX,4
5439,2022-08-10,23.699,24.454,23.6596,24.411,92547600,24.411,NFLX,4
5440,2022-08-11,24.468,25.162,24.151,24.27,87800620,24.27,NFLX,4
5441,2022-08-12,24.481,24.941,24.376,24.93,60985310,24.93,NFLX,4
5442,2022-08-15,24.811,25.199,24.751,24.911,65273910,24.911,NFLX,4
5443,2022-08-16,24.716,24.929,24.403,24.569,51368060,24.569,NFLX,4
5444,2022-08-17,24.118,24.424,23.756,24.115,56272240,24.115,NFLX,4
5445,2022-08-18,24.196,24.6479,23.928,24.517,52803870,24.517,NFLX,4
5446,2022-08-19,24.095,24.329,23.568,24.116,75047070,24.116,NFLX,4
5447,2022-08-22,23.255,23.3475,22.459,22.654,86300940,22.654,NFLX,4
5448,2022-08-23,22.646,22.99,22.43,22.455,52769450,22.455,NFLX,4
5449,2022-08-24,22.566,23.41,22.394,22.961,54263160,22.961,NFLX,4
5450,2022-08-25,23.024,23.416,22.9,23.398,37668670,23.398,NFLX,4
5451,2022-08-26,23.3625,23.695,22.315,22.328,53498480,22.328,NFLX,4
5452,2022-08-29,22.193,22.987,22.152,22.457,71093970,22.457,NFLX,4
5453,2022-08-30,22.666,22.979,21.874,22.065,57404340,22.065,NFLX,4
5454,2022-08-31,22.7,23.3879,22.343,22.356,86159060,22.356,NFLX,4
5455,2022-09-01,22.072,23.037,21.947,23.004,72929170,23.004,NFLX,4
5456,2022-09-02,23.103,23.3881,22.504,22.611,81648830,22.611,NFLX,4
5457,2022-09-06,22.559,22.685,21.469,21.839,74690160,21.839,NFLX,4
5458,2022-09-07,22.021,22.933,21.8268,22.896,81493290,22.896,NFLX,4
5459,2022-09-08,22.416,22.8735,22.13,22.744,67374360,22.744,NFLX,4
5460,2022-09-09,22.962,23.478,22.962,23.357,67020600,23.357,NFLX,4
5461,2022-09-12,23.361,23.949,23.337,23.653,60474250,23.653,NFLX,4
5462,2022-09-13,22.65,22.769,21.772,21.813,80001280,21.813,NFLX,4
5463,2022-09-14,21.982,22.8,21.58,22.412,82303400,22.412,NFLX,4
5464,2022-09-15,23.047,24.2287,22.91,23.538,194541220,23.538,NFLX,4
5465,2022-09-16,23.122,24.1355,22.783,24.013,189141770,24.013,NFLX,4
5466,2022-09-19,24.505,24.525,23.575,24.363,179123700,24.363,NFLX,4
5467,2022-09-20,24.037,25.049,23.966,24.285,160374310,24.285,NFLX,4
5468,2022-09-21,24.267,24.83,23.668,23.687,91667720,23.687,NFLX,4
5469,2022-09-22,23.535,24.05,23.166,23.705,100179650,23.705,NFLX,4
5470,2022-09-23,23.514,23.645,22.143,22.641,112072280,22.641,NFLX,4
5471,2022-09-26,22.56,23.27,22.301,22.407,82342850,22.407,NFLX,4
5472,2022-09-27,22.863,23.064,22.072,22.436,77622230,22.436,NFLX,4
5473,2022-09-28,22.969,24.665,22.738,24.52,175796700,24.52,NFLX,4
5474,2022-09-29,24.161,24.698,23.568,23.971,189949430,23.971,NFLX,4
5475,2022-09-30,23.7,24.244,23.326,23.544,118486070,23.544,NFLX,4
5476,2022-10-03,23.785,24.154,23.285,23.904,86574430,23.904,NFLX,4
5477,2022-10-04,24.484,24.58,23.325,24.074,139258540,24.074,NFLX,4
5478,2022-10-05,23.876,24.159,22.738,23.673,108256330,23.673,NFLX,4
5479,2022-10-06,23.668,24.428,23.391,24.002,91889400,24.002,NFLX,4
5480,2022-10-07,23.577,23.733,22.428,22.475,98061280,22.475,NFLX,4
5481,2022-10-10,22.564,23.383,22.423,22.998,99911450,22.998,NFLX,4
5482,2022-10-11,22.605,23.044,21.37,21.429,152824110,21.429,NFLX,4
5483,2022-10-12,21.43,22.367,21.264,22.087,129526430,22.087,NFLX,4
5484,2022-10-13,21.269,23.447,21.173,23.251,175050120,23.251,NFLX,4
5485,2022-10-14,23.78,23.88,22.951,23.0,152934000,23.0,NFLX,4
5486,2022-10-17,23.441,24.9922,23.44,24.51,210578240,24.51,NFLX,4
5487,2022-10-18,24.98,25.037,23.773,24.086,257767310,24.086,NFLX,4
5488,2022-10-19,26.5,27.93,26.266,27.238,466852550,27.238,NFLX,4
5489,2022-10-20,27.278,27.8376,26.638,26.816,172071040,26.816,NFLX,4
5490,2022-10-21,26.895,29.075,26.568,28.957,248890550,28.957,NFLX,4
5491,2022-10-24,29.023,29.049,28.036,28.245,133264180,28.245,NFLX,4
5492,2022-10-25,28.695,29.759,28.555,29.102,151007180,29.102,NFLX,4
5493,2022-10-26,29.004,30.563,28.804,29.862,157492520,29.862,NFLX,4
5494,2022-10-27,29.833,30.521,29.478,29.694,146125860,29.694,NFLX,4
5495,2022-10-28,29.77,30.119,29.2292,29.572,99605470,29.572,NFLX,4
5496,2022-10-31,29.513,29.762,28.95,29.188,75051330,29.188,NFLX,4
5497,2022-11-01,29.617,29.97,28.642,28.675,69164240,28.675,NFLX,4
5498,2022-11-02,28.64,28.733,27.284,27.3,103676200,27.3,NFLX,4
5499,2022-11-03,27.125,27.629,26.88,26.906,70573500,26.906,NFLX,4
5500,2022-11-04,27.202,27.497,25.532,26.079,111246940,26.079,NFLX,4
5501,2022-11-07,26.106,26.1155,25.209,25.86,79270330,25.86,NFLX,4
5502,2022-11-08,25.992,26.608,25.688,26.346,76838260,26.346,NFLX,4
5503,2022-11-09,25.966,26.09,25.422,25.466,72659940,25.466,NFLX,4
5504,2022-11-10,26.599,27.536,26.009,27.497,96673230,27.497,NFLX,4
5505,2022-11-11,27.447,29.066,27.1558,29.013,95738340,29.013,NFLX,4
5506,2022-11-14,29.0,31.1,28.819,29.927,179733980,29.927,NFLX,4
5507,2022-11-15,30.92,31.271,30.255,31.02,146269320,31.02,NFLX,4
5508,2022-11-16,30.994,31.049,30.361,30.602,80385560,30.602,NFLX,4
5509,2022-11-17,29.472,29.982,29.1,29.528,98382200,29.528,NFLX,4
5510,2022-11-18,29.733,29.8,28.7,28.798,84001080,28.798,NFLX,4
5511,2022-11-21,29.1,29.187,28.266,28.505,72565070,28.505,NFLX,4
5512,2022-11-22,28.499,28.698,27.734,28.669,62451190,28.669,NFLX,4
5513,2022-11-23,28.591,29.247,28.376,29.15,59189880,29.15,NFLX,4
5514,2022-11-25,28.9,28.921,28.417,28.554,32359530,28.554,NFLX,4
5515,2022-11-28,28.4,28.955,28.053,28.117,47070490,28.117,NFLX,4
5516,2022-11-29,28.25,28.296,27.594,28.096,57868740,28.096,NFLX,4
5517,2022-11-30,28.137,30.826,28.041,30.553,160701200,30.553,NFLX,4
5518,2022-12-01,30.399,31.98,30.303,31.695,146648660,31.695,NFLX,4
5519,2022-12-02,31.049,32.199,31.0,32.041,126906020,32.041,NFLX,4
5520,2022-12-05,31.646,32.277,31.092,31.259,84230290,31.259,NFLX,4
5521,2022-12-06,31.1,31.3223,30.313,30.556,71953950,30.556,NFLX,4
5522,2022-12-07,30.65,30.961,30.21,30.842,78216340,30.842,NFLX,4
5523,2022-12-08,30.911,31.238,30.481,31.026,72053260,31.026,NFLX,4
5524,2022-12-09,32.145,32.9,31.952,32.001,143640320,32.001,NFLX,4
5525,2022-12-12,32.0,32.318,30.885,31.518,101486140,31.518,NFLX,4
5526,2022-12-13,32.8,33.2724,31.7199,32.034,107564280,32.034,NFLX,4
5527,2022-12-14,31.897,32.471,31.442,31.783,75432910,31.783,NFLX,4
5528,2022-12-15,30.212,30.339,28.655,29.041,177245560,29.041,NFLX,4
5529,2022-12-16,28.876,29.472,28.87,29.071,140800450,29.071,NFLX,4
5530,2022-12-19,28.973,29.225,28.613,28.83,61636670,28.83,NFLX,4
5531,2022-12-20,28.124,28.928,28.081,28.819,69181140,28.819,NFLX,4
5532,2022-12-21,28.999,30.066,28.65,29.796,63761730,29.796,NFLX,4
5533,2022-12-22,29.809,29.888,29.0813,29.775,78561920,29.775,NFLX,4
5534,2022-12-23,29.618,29.8461,29.191,29.4965,42511080,29.4965,NFLX,4
5535,2022-12-27,29.319,29.357,28.213,28.417,57780980,28.417,NFLX,4
5536,2022-12-28,28.192,28.519,27.341,27.688,59643690,27.688,NFLX,4
5537,2022-12-29,28.318,29.55,28.101,29.112,95885270,29.112,NFLX,4
5538,2022-12-30,28.553,29.501,28.322,29.488,75668920,29.488,NFLX,4
5539,2023-01-03,29.806,29.839,28.87,29.495,67639640,29.495,NFLX,4
5540,2023-01-04,29.824,31.1135,29.551,30.941,93450540,30.941,NFLX,4
5541,2023-01-05,30.7,31.418,30.4545,30.97,83283900,30.97,NFLX,4
5542,2023-01-06,31.157,31.677,30.369,31.555,89598390,31.555,NFLX,4
5543,2023-01-09,31.683,32.17,31.322,31.517,67666280,31.517,NFLX,4
5544,2023-01-10,31.107,32.935,31.107,32.754,130722860,32.754,NFLX,4
5545,2023-01-11,32.65,32.888,32.135,32.726,95796810,32.726,NFLX,4
5546,2023-01-12,33.25,33.295,32.314,33.013,108562460,33.013,NFLX,4
5547,2023-01-13,32.997,33.665,32.8885,33.282,82868160,33.282,NFLX,4
5548,2023-01-17,33.108,33.25,32.36,32.622,92469870,32.622,NFLX,4
5549,2023-01-18,32.675,33.008,32.125,32.633,78141150,32.633,NFLX,4
5550,2023-01-19,32.257,32.489,31.339,31.578,180081950,31.578,NFLX,4
5551,2023-01-20,33.679,34.4,33.2625,34.25,284303390,34.25,NFLX,4
5552,2023-01-23,34.1715,36.2245,34.0633,35.742,156468530,35.742,NFLX,4
5553,2023-01-24,35.753,36.565,35.514,36.383,117965280,36.383,NFLX,4
5554,2023-01-25,36.057,36.89,35.8501,36.796,77669070,36.796,NFLX,4
5555,2023-01-26,36.877,36.902,36.17,36.487,82568440,36.487,NFLX,4
5556,2023-01-27,36.32,36.592,36.059,36.077,67035480,36.077,NFLX,4
5557,2023-01-30,35.844,36.095,35.2855,35.311,51275930,35.311,NFLX,4
5558,2023-01-31,34.998,35.595,34.871,35.386,56607380,35.386,NFLX,4
5559,2023-02-01,35.386,36.5385,34.991,36.199,80051700,36.199,NFLX,4
5560,2023-02-02,36.516,36.832,35.843,36.689,78569520,36.689,NFLX,4
5561,2023-02-03,35.908,37.943,35.9,36.59,94020340,36.59,NFLX,4
5562,2023-02-06,36.3642,36.845,36.068,36.148,49949420,36.148,NFLX,4
5563,2023-02-07,35.851,36.418,35.418,36.295,62893680,36.295,NFLX,4
5564,2023-02-08,36.002,36.8193,35.831,36.683,62531790,36.683,NFLX,4
5565,2023-02-09,37.241,37.383,36.1744,36.25,69011000,36.25,NFLX,4
5566,2023-02-10,35.916,36.214,34.714,34.736,72910960,34.736,NFLX,4
5567,2023-02-13,34.95,35.9703,34.425,35.857,71344450,35.857,NFLX,4
5568,2023-02-14,35.755,36.375,35.34,35.996,46247580,35.996,NFLX,4
5569,2023-02-15,35.663,36.288,35.424,36.142,39699450,36.142,NFLX,4
5570,2023-02-16,35.5,36.15,35.031,35.071,52157260,35.071,NFLX,4
5571,2023-02-17,34.7905,34.9,34.244,34.796,52947270,34.796,NFLX,4
5572,2023-02-21,34.285,34.4125,33.6418,33.75,57102920,33.75,NFLX,4
5573,2023-02-22,33.75,34.191,33.282,33.488,45462490,33.488,NFLX,4
5574,2023-02-23,33.123,33.128,31.43,32.365,132386730,32.365,NFLX,4
5575,2023-02-24,31.93,32.15,31.452,31.715,68306920,31.715,NFLX,4
5576,2023-02-27,32.387,33.0,32.2121,32.303,61425800,32.303,NFLX,4
5577,2023-02-28,32.37,32.762,32.117,32.213,36760750,32.213,NFLX,4
5578,2023-03-01,32.155,32.66,31.236,31.348,49113110,31.348,NFLX,4
5579,2023-03-02,31.096,31.557,31.038,31.188,49210530,31.188,NFLX,4
5580,2023-03-03,31.545,31.749,31.082,31.518,59533190,31.518,NFLX,4
5581,2023-03-06,31.7,32.33,31.1841,31.203,56607430,31.203,NFLX,4
5582,2023-03-07,31.2675,31.43,30.6623,30.847,45530820,30.847,NFLX,4
5583,2023-03-08,30.929,31.183,30.575,31.179,34794740,31.179,NFLX,4
5584,2023-03-09,31.208,31.251,29.488,29.778,74433500,29.778,NFLX,4
5585,2023-03-10,29.7905,29.879,28.9,29.276,57593150,29.276,NFLX,4
5586,2023-03-13,28.734,29.924,28.533,29.351,62923850,29.351,NFLX,4
5587,2023-03-14,29.597,29.745,29.031,29.494,59566920,29.494,NFLX,4
5588,2023-03-15,29.251,30.631,29.228,30.379,92153400,30.379,NFLX,4
5589,2023-03-16,30.475,31.66,30.171,31.006,79123710,31.006,NFLX,4
5590,2023-03-17,31.006,31.076,30.0,30.35,69187770,30.35,NFLX,4
5591,2023-03-20,29.979,30.75,29.6,30.513,51134300,30.513,NFLX,4
5592,2023-03-21,30.632,30.792,30.043,30.579,48862790,30.579,NFLX,4
5593,2023-03-22,30.631,30.645,29.354,29.39,58080350,29.39,NFLX,4
5594,2023-03-23,30.468,32.278,30.414,32.037,156533470,32.037,NFLX,4
5595,2023-03-24,32.063,33.183,32.063,32.839,130040850,32.839,NFLX,4
5596,2023-03-27,32.755,33.644,32.441,32.766,86257630,32.766,NFLX,4
5597,2023-03-28,32.606,33.332,32.128,32.352,64893880,32.352,NFLX,4
5598,2023-03-29,32.629,33.285,32.573,33.203,62873360,33.203,NFLX,4
5599,2023-03-30,34.027,34.329,33.53,33.843,71314680,33.843,NFLX,4
5600,2023-03-31,34.005,34.584,33.72,34.548,56101610,34.548,NFLX,4
5601,2023-04-03,34.183,34.858,34.04,34.828,44136500,34.828,NFLX,4
5602,2023-04-04,34.849,34.98,34.395,34.675,32980720,34.675,NFLX,4
5603,2023-04-05,34.53,34.543,33.6253,34.235,42055450,34.235,NFLX,4
5604,2023-04-06,33.934,34.048,33.263,33.933,46605420,33.933,NFLX,4
5605,2023-04-10,33.527,33.988,33.336,33.899,26578980,33.899,NFLX,4
5606,2023-04-11,34.345,34.714,33.7635,33.821,40447780,33.821,NFLX,4
5607,2023-04-12,34.081,34.28,33.004,33.103,39654400,33.103,NFLX,4
5608,2023-04-13,33.999,34.643,33.875,34.619,74064370,34.619,NFLX,4
5609,2023-04-14,34.294,34.4853,33.641,33.863,53505080,33.863,NFLX,4
5610,2023-04-17,33.8,33.839,32.75,33.272,61360470,33.272,NFLX,4
5611,2023-04-18,33.5,33.719,33.05,33.37,179444960,33.37,NFLX,4
5612,2023-04-19,32.421,32.575,31.61,32.312,221282670,32.312,NFLX,4
5613,2023-04-20,32.039,33.143,31.833,32.535,99478000,32.535,NFLX,4
5614,2023-04-21,32.3,32.829,31.95,32.798,63480000,32.798,NFLX,4
5615,2023-04-24,33.02,33.466,32.675,32.902,55866270,32.902,NFLX,4
5616,2023-04-25,32.85,32.8655,32.11,32.255,54266420,32.255,NFLX,4
5617,2023-04-26,32.136,32.59,32.047,32.115,46232380,32.115,NFLX,4
5618,2023-04-27,32.43,32.745,31.744,32.585,56187680,32.585,NFLX,4
5619,2023-04-28,32.524,33.0808,32.4,32.993,42283740,32.993,NFLX,4
5620,2023-05-01,32.9435,33.123,31.809,32.412,53414840,32.412,NFLX,4
5621,2023-05-02,32.5,32.607,31.562,31.755,43186120,31.755,NFLX,4
5622,2023-05-03,31.755,32.462,31.585,31.93,50640570,31.93,NFLX,4
5623,2023-05-04,31.901,32.361,31.795,32.078,38796570,32.078,NFLX,4
5624,2023-05-05,32.361,32.415,31.944,32.276,39906370,32.276,NFLX,4
5625,2023-05-08,32.299,33.256,32.203,33.121,54885930,33.121,NFLX,4
5626,2023-05-09,33.067,33.632,32.974,33.214,55448520,33.214,NFLX,4
5627,2023-05-10,33.521,33.711,32.951,33.542,42898970,33.542,NFLX,4
5628,2023-05-11,33.498,34.547,33.184,34.476,80335310,34.476,NFLX,4
5629,2023-05-12,34.476,34.8166,33.7364,33.989,60823600,33.989,NFLX,4
5630,2023-05-15,34.062,34.19,33.554,33.589,36529700,33.589,NFLX,4
5631,2023-05-16,33.4,33.517,33.191,33.375,33348630,33.375,NFLX,4
5632,2023-05-17,33.176,34.138,32.9615,33.996,39588070,33.996,NFLX,4
5633,2023-05-18,34.725,37.587,34.637,37.129,209252350,37.129,NFLX,4
5634,2023-05-19,36.986,36.999,36.381,36.536,78597030,36.536,NFLX,4
5635,2023-05-22,36.536,37.201,36.25,36.301,54064200,36.301,NFLX,4
5636,2023-05-23,36.024,36.417,35.431,35.599,68660780,35.599,NFLX,4
5637,2023-05-24,35.693,36.7151,35.6625,36.485,79733160,36.485,NFLX,4
5638,2023-05-25,35.961,36.745,35.742,35.9,62631050,35.9,NFLX,4
5639,2023-05-26,36.11,38.376,35.6,37.888,93604360,37.888,NFLX,4
5640,2023-05-30,39.748,40.511,38.579,39.298,108649900,39.298,NFLX,4
5641,2023-05-31,39.189,39.626,38.891,39.523,69880470,39.523,NFLX,4
5642,2023-06-01,39.741,40.752,39.308,40.313,71601450,40.313,NFLX,4
5643,2023-06-02,40.289,40.658,39.59,40.047,59023810,40.047,NFLX,4
5644,2023-06-05,40.047,41.386,40.015,40.354,72474130,40.354,NFLX,4
5645,2023-06-06,40.5,40.512,39.693,39.929,49915320,39.929,NFLX,4
5646,2023-06-07,41.043,41.895,39.923,39.977,119323920,39.977,NFLX,4
5647,2023-06-08,39.977,40.954,39.634,40.937,59910870,40.937,NFLX,4
5648,2023-06-09,42.45,42.59,41.476,42.002,123728270,42.002,NFLX,4
5649,2023-06-12,41.883,42.47,41.6567,42.397,59677120,42.397,NFLX,4
5650,2023-06-13,43.001,43.727,42.84,43.573,78205350,43.573,NFLX,4
5651,2023-06-14,43.499,44.733,43.35,44.086,84130890,44.086,NFLX,4
5652,2023-06-15,44.41,44.865,43.95,44.527,70999150,44.527,NFLX,4
5653,2023-06-16,44.615,44.751,43.09,43.196,87537400,43.196,NFLX,4
5654,2023-06-20,43.018,44.0,43.0,43.47,47623130,43.47,NFLX,4
5655,2023-06-21,43.265,43.455,42.254,42.445,51464410,42.445,NFLX,4
5656,2023-06-22,42.293,42.471,41.868,42.248,48722460,42.248,NFLX,4
5657,2023-06-23,41.859,42.582,41.773,42.402,82986000,42.402,NFLX,4
5658,2023-06-26,42.908,43.096,41.49,41.594,46400220,41.594,NFLX,4
5659,2023-06-27,41.739,42.0879,41.15,41.708,48180660,41.708,NFLX,4
5660,2023-06-28,42.31,43.7291,42.289,42.984,88113420,42.984,NFLX,4
5661,2023-06-29,43.433,43.785,42.615,42.824,49323100,42.824,NFLX,4
5662,2023-06-30,43.11,44.412,43.11,44.049,73463940,44.049,NFLX,4
5663,2023-07-03,43.976,44.1545,43.162,44.144,37332070,44.144,NFLX,4
5664,2023-07-05,44.491,45.097,43.9624,44.59,68754140,44.59,NFLX,4
5665,2023-07-06,44.0,44.28,43.072,43.884,49448920,43.884,NFLX,4
5666,2023-07-07,43.86,44.2325,43.5835,43.81,41651440,43.81,NFLX,4
5667,2023-07-10,43.852,44.441,43.682,44.171,42517370,44.171,NFLX,4
5668,2023-07-11,43.865,44.08,43.1041,44.021,45745590,44.021,NFLX,4
5669,2023-07-12,44.455,44.5408,43.7749,44.405,57316570,44.405,NFLX,4
5670,2023-07-13,44.7,45.167,44.1177,45.038,61574750,45.038,NFLX,4
5671,2023-07-14,45.2785,45.648,43.97,44.191,71958600,44.191,NFLX,4
5672,2023-07-17,44.557,45.668,44.5105,45.005,69011410,45.005,NFLX,4
5673,2023-07-18,45.1,47.815,44.878,47.48,131968770,47.48,NFLX,4
5674,2023-07-19,47.686,48.5,47.0,47.759,209964810,47.759,NFLX,4
5675,2023-07-20,44.7,44.85,43.2,43.742,239897110,43.742,NFLX,4
5676,2023-07-21,43.737,43.824,42.319,42.75,173400280,42.75,NFLX,4
5677,2023-07-24,42.5,42.864,41.919,42.837,82824340,42.837,NFLX,4
5678,2023-07-25,42.718,43.088,42.613,42.77,48598430,42.77,NFLX,4
5679,2023-07-26,42.42,42.526,41.559,42.267,60092420,42.267,NFLX,4
5680,2023-07-27,42.69,42.752,41.188,41.317,65944660,41.317,NFLX,4
5681,2023-07-28,41.556,42.747,41.376,42.578,64280730,42.578,NFLX,4
5682,2023-07-31,42.651,43.913,42.63,43.897,65876190,43.897,NFLX,4
5683,2023-08-01,43.737,44.525,43.14,43.862,57255440,43.862,NFLX,4
5684,2023-08-02,43.523,43.556,42.656,42.97,49217810,42.97,NFLX,4
5685,2023-08-03,42.78,44.193,42.719,43.1,62593090,43.1,NFLX,4
5686,2023-08-04,43.306,43.65,42.627,43.16,54418110,43.16,NFLX,4
5687,2023-08-07,43.6455,44.111,42.8906,44.076,47813030,44.076,NFLX,4
5688,2023-08-08,44.036,44.357,43.51,43.83,37671950,43.83,NFLX,4
5689,2023-08-09,43.974,44.062,42.759,42.89,38466390,42.89,NFLX,4
5690,2023-08-10,43.112,43.812,42.869,42.998,54676070,42.998,NFLX,4
5691,2023-08-11,42.898,43.0632,42.1328,42.166,39279140,42.166,NFLX,4
5692,2023-08-14,42.199,42.8845,41.878,42.778,39659630,42.778,NFLX,4
5693,2023-08-15,42.441,42.912,42.104,42.37,33679980,42.37,NFLX,4
5694,2023-08-16,42.373,42.451,41.525,41.545,39670210,41.545,NFLX,4
5695,2023-08-17,41.5,41.524,40.1582,40.3,60314690,40.3,NFLX,4
5696,2023-08-18,39.933,40.652,39.815,40.453,43121960,40.453,NFLX,4
5697,2023-08-21,40.223,40.961,39.95,40.829,38615790,40.829,NFLX,4
5698,2023-08-22,40.9,41.574,40.74,41.317,36032730,41.317,NFLX,4
5699,2023-08-23,41.84,43.702,41.771,42.755,81747320,42.755,NFLX,4
5700,2023-08-24,42.541,42.759,40.6165,40.693,56877990,40.693,NFLX,4
5701,2023-08-25,41.2,41.925,40.7564,41.603,53909330,41.603,NFLX,4
5702,2023-08-28,41.804,41.983,41.327,41.806,29286130,41.806,NFLX,4
5703,2023-08-29,41.6,43.217,41.45,42.999,44867030,42.999,NFLX,4
5704,2023-08-30,43.085,43.816,42.835,43.467,36253800,43.467,NFLX,4
5705,2023-08-31,43.123,43.715,43.123,43.368,38029540,43.368,NFLX,4
5706,2023-09-01,43.7725,44.55,43.593,43.988,47933790,43.988,NFLX,4
5707,2023-09-05,43.839,45.345,43.8,44.868,61558650,44.868,NFLX,4
5708,2023-09-06,44.861,45.139,44.049,44.576,38622740,44.576,NFLX,4
5709,2023-09-07,44.115,44.46,43.67,44.314,29226760,44.314,NFLX,4
5710,2023-09-08,44.356,44.681,43.885,44.28,27043530,44.28,NFLX,4
5711,2023-09-11,44.307,44.989,44.275,44.536,29137670,44.536,NFLX,4
5712,2023-09-12,44.285,44.544,43.412,43.469,31240240,43.469,NFLX,4
5713,2023-09-13,43.55,43.84,41.069,41.224,118430270,41.224,NFLX,4
5714,2023-09-14,41.04,41.139,40.0,40.049,107090430,40.049,NFLX,4
5715,2023-09-15,40.1,40.47,39.503,39.694,91167450,39.694,NFLX,4
5716,2023-09-18,39.55,39.9465,39.26,39.44,47047060,39.44,NFLX,4
5717,2023-09-19,39.284,39.823,39.0245,39.62,40800540,39.62,NFLX,4
5718,2023-09-20,39.705,39.7985,38.612,38.63,38666190,38.63,NFLX,4
5719,2023-09-21,38.65,39.59,38.342,38.415,55563880,38.415,NFLX,4
5720,2023-09-22,38.5,38.688,37.836,37.981,36997960,37.981,NFLX,4
5721,2023-09-25,38.29,38.662,38.081,38.48,37572780,38.48,NFLX,4
5722,2023-09-26,38.288,38.456,37.7355,37.925,40893920,37.925,NFLX,4
5723,2023-09-27,38.24,38.4223,37.625,37.759,38435210,37.759,NFLX,4
5724,2023-09-28,37.56,37.896,37.11,37.636,43699060,37.636,NFLX,4
5725,2023-09-29,38.0,38.258,37.535,37.76,42052980,37.76,NFLX,4
5726,2023-10-02,37.748,38.4808,37.68,38.033,31021010,38.033,NFLX,4
5727,2023-10-03,37.711,39.49,37.2849,37.675,88781340,37.675,NFLX,4
5728,2023-10-04,37.65,38.022,37.358,37.69,43036580,37.69,NFLX,4
5729,2023-10-05,37.801,37.86,36.724,37.259,50347730,37.259,NFLX,4
5730,2023-10-06,36.843,38.252,36.777,38.151,47781180,38.151,NFLX,4
5731,2023-10-09,37.805,38.717,37.7755,38.595,32998020,38.595,NFLX,4
5732,2023-10-10,38.558,38.87,37.225,37.332,72889390,37.332,NFLX,4
5733,2023-10-11,37.2775,37.781,36.534,36.593,91513950,36.593,NFLX,4
5734,2023-10-12,36.648,36.883,35.905,36.12,73760860,36.12,NFLX,4
5735,2023-10-13,35.564,35.893,35.205,35.568,63163200,35.568,NFLX,4
5736,2023-10-16,35.621,36.308,35.477,36.082,51289470,36.082,NFLX,4
5737,2023-10-17,36.11,36.2705,35.389,35.572,59084120,35.572,NFLX,4
5738,2023-10-18,35.1,35.479,34.473,34.619,114296430,34.619,NFLX,4
5739,2023-10-19,40.474,40.895,39.226,40.177,280744160,40.177,NFLX,4
5740,2023-10-20,40.563,41.064,39.801,40.096,127829220,40.096,NFLX,4
5741,2023-10-23,40.332,40.754,39.852,40.684,73900320,40.684,NFLX,4
5742,2023-10-24,40.968,41.669,40.839,41.373,64592470,41.373,NFLX,4
5743,2023-10-25,41.602,41.884,41.011,41.125,62995870,41.125,NFLX,4
5744,2023-10-26,41.142,41.731,40.1544,40.354,68497020,40.354,NFLX,4
5745,2023-10-27,40.642,41.021,39.562,39.787,49976120,39.787,NFLX,4
5746,2023-10-30,40.235,41.282,39.941,41.008,53171470,41.008,NFLX,4
5747,2023-10-31,40.924,41.252,40.463,41.169,38776230,41.169,NFLX,4
5748,2023-11-01,41.477,42.06,41.418,42.019,48061080,42.019,NFLX,4
5749,2023-11-02,42.117,42.669,41.71,42.471,44759840,42.471,NFLX,4
5750,2023-11-03,42.876,43.4815,42.553,43.236,36670510,43.236,NFLX,4
5751,2023-11-06,43.438,43.503,42.961,43.474,30032350,43.474,NFLX,4
5752,2023-11-07,43.618,43.764,43.1,43.461,32910640,43.461,NFLX,4
5753,2023-11-08,43.5,43.807,43.368,43.665,23568450,43.665,NFLX,4
5754,2023-11-09,43.803,44.038,43.435,43.515,27355070,43.515,NFLX,4
5755,2023-11-10,43.748,44.748,43.551,44.724,44432840,44.724,NFLX,4
5756,2023-11-13,44.725,44.843,44.26,44.462,28961430,44.462,NFLX,4
5757,2023-11-14,44.878,45.4075,44.564,44.865,40608840,44.865,NFLX,4
5758,2023-11-15,45.281,46.275,45.245,46.194,50352830,46.194,NFLX,4
5759,2023-11-16,46.3,46.728,45.965,46.695,36559740,46.695,NFLX,4
5760,2023-11-17,46.695,46.765,46.276,46.591,28002140,46.591,NFLX,4
5761,2023-11-20,46.54,47.6756,46.54,47.447,36210950,47.447,NFLX,4
5762,2023-11-21,47.263,47.702,47.121,47.495,29977230,47.495,NFLX,4
5763,2023-11-22,47.68,48.27,47.656,47.8,28438910,47.8,NFLX,4
5764,2023-11-24,47.711,48.04,47.52,47.956,14047320,47.956,NFLX,4
5765,2023-11-27,47.903,48.2,47.535,47.917,36259240,47.917,NFLX,4
5766,2023-11-28,47.811,48.05,47.595,47.9,28901640,47.9,NFLX,4
5767,2023-11-29,47.9,48.0988,47.449,47.719,28555400,47.719,NFLX,4
5768,2023-11-30,47.531,47.8591,47.042,47.397,42873490,47.397,NFLX,4
5769,2023-12-01,47.317,47.523,46.46,46.574,43414710,46.574,NFLX,4
5770,2023-12-04,46.099,46.12,45.12,45.39,51577130,45.39,NFLX,4
5771,2023-12-05,45.07,45.639,44.958,45.515,33806740,45.515,NFLX,4
5772,2023-12-06,46.0,46.05,44.573,44.673,41787550,44.673,NFLX,4
5773,2023-12-07,45.085,45.2885,44.832,45.2,35067220,45.2,NFLX,4
5774,2023-12-08,45.076,45.55,45.076,45.376,34583840,45.376,NFLX,4
5775,2023-12-11,45.936,47.065,45.721,45.989,49296620,45.989,NFLX,4
5776,2023-12-12,46.523,46.561,45.9196,46.3,33026600,46.3,NFLX,4
5777,2023-12-13,46.198,48.125,46.198,47.998,58201920,47.998,NFLX,4
5778,2023-12-14,48.036,48.076,46.476,46.983,51764370,46.983,NFLX,4
5779,2023-12-15,46.73,47.3,46.73,47.206,78409920,47.206,NFLX,4
5780,2023-12-18,47.63,49.204,47.5095,48.612,64106600,48.612,NFLX,4
5781,2023-12-19,48.84,49.614,48.406,49.502,38490140,49.502,NFLX,4
5782,2023-12-20,49.2,50.089,48.839,48.927,45636900,48.927,NFLX,4
5783,2023-12-21,49.266,49.44,48.677,49.161,27562250,49.161,NFLX,4
5784,2023-12-22,49.4,49.602,48.545,48.676,27026720,48.676,NFLX,4
5785,2023-12-26,48.939,49.148,48.638,49.119,20345170,49.119,NFLX,4
5786,2023-12-27,49.124,49.4015,48.925,49.179,25613300,49.179,NFLX,4
5787,2023-12-28,49.2,49.289,48.907,49.051,17104920,49.051,NFLX,4
5788,2023-12-29,49.037,49.223,48.1935,48.688,27405550,48.688,NFLX,4
5789,2024-01-02,48.3185,48.465,46.186,46.85,50494230,46.85,NFLX,4
5790,2024-01-03,46.732,47.505,46.5773,47.026,34436940,47.026,NFLX,4
5791,2024-01-04,47.298,48.0739,46.653,47.467,36365130,47.467,NFLX,4
5792,2024-01-05,47.65,47.9545,47.1804,47.406,26312500,47.406,NFLX,4
5793,2024-01-08,47.389,48.524,47.365,48.503,36757750,48.503,NFLX,4
5794,2024-01-09,47.553,48.5085,47.38,48.209,35267570,48.209,NFLX,4
5795,2024-01-10,48.16,48.7,47.295,47.833,43424480,47.833,NFLX,4
5796,2024-01-11,49.254,50.341,48.382,49.223,79932650,49.223,NFLX,4
5797,2024-01-12,50.051,50.079,49.061,49.216,50037180,49.216,NFLX,4
5798,2024-01-16,49.0,49.415,47.802,48.124,46789740,48.124,NFLX,4
5799,2024-01-17,48.45,48.621,47.5264,48.033,48945930,48.033,NFLX,4
5800,2024-01-18,48.003,48.577,47.802,48.531,40543990,48.531,NFLX,4
5801,2024-01-19,48.498,48.567,47.606,48.295,56723510,48.295,NFLX,4
5802,2024-01-22,48.755,48.98,47.99,48.571,52123090,48.571,NFLX,4
5803,2024-01-23,49.2,49.896,48.14,49.219,155060240,49.219,NFLX,4
5804,2024-01-24,53.775,56.25,53.707,54.487,264327970,54.487,NFLX,4
5805,2024-01-25,55.195,56.346,54.846,56.2,94519150,56.2,NFLX,4
5806,2024-01-26,56.181,57.964,55.8432,57.042,127705710,57.042,NFLX,4
5807,2024-01-29,57.135,57.855,56.268,57.579,69053900,57.579,NFLX,4
5808,2024-01-30,56.732,57.088,56.082,56.285,61817980,56.285,NFLX,4
5809,2024-01-31,56.285,57.215,56.2045,56.411,48575990,56.411,NFLX,4
5810,2024-02-01,56.702,57.266,56.383,56.751,31740020,56.751,NFLX,4
5811,2024-02-02,56.452,56.78,56.237,56.464,40328430,56.464,NFLX,4
5812,2024-02-05,56.247,57.575,55.7195,56.206,41430990,56.206,NFLX,4
5813,2024-02-06,56.412,56.634,55.437,55.588,28403000,55.588,NFLX,4
5814,2024-02-07,55.816,56.78,55.498,55.93,43735910,55.93,NFLX,4
5815,2024-02-08,56.055,56.37,55.574,55.853,31754680,55.853,NFLX,4
5816,2024-02-09,56.5,56.6,55.81,56.132,30556980,56.132,NFLX,4
5817,2024-02-12,56.036,56.844,55.7,55.785,36084870,55.785,NFLX,4
5818,2024-02-13,55.08,55.92,54.9,55.452,35114530,55.452,NFLX,4
5819,2024-02-14,56.726,58.1248,56.434,57.933,56342260,57.933,NFLX,4
5820,2024-02-15,58.191,59.377,58.032,59.346,52209380,59.346,NFLX,4
5821,2024-02-16,59.695,59.7,57.746,58.395,43256890,58.395,NFLX,4
5822,2024-02-20,58.018,58.6,56.966,57.513,31242360,57.513,NFLX,4
5823,2024-02-21,57.351,57.5775,56.732,57.335,22811430,57.335,NFLX,4
5824,2024-02-22,58.275,59.085,57.8885,58.847,35265970,58.847,NFLX,4
5825,2024-02-23,58.64,59.243,57.982,58.356,25688520,58.356,NFLX,4
5826,2024-02-26,58.356,59.075,58.327,58.765,23937120,58.765,NFLX,4
5827,2024-02-27,59.5,60.536,59.233,60.167,44893550,60.167,NFLX,4
5828,2024-02-28,59.579,59.817,59.001,59.648,26052420,59.648,NFLX,4
5829,2024-02-29,60.425,60.4516,59.516,60.292,35720820,60.292,NFLX,4
5830,2024-03-01,59.981,62.028,59.95,61.934,42703050,61.934,NFLX,4
5831,2024-03-04,62.156,62.442,61.508,61.583,30203060,61.583,NFLX,4
5832,2024-03-05,61.01,61.091,59.2,59.85,38495630,59.85,NFLX,4
5833,2024-03-06,60.299,60.793,59.3556,59.769,24695920,59.769,NFLX,4
5834,2024-03-07,59.934,61.053,59.59,60.851,27428050,60.851,NFLX,4
5835,2024-03-08,60.827,61.609,60.084,60.482,27772430,60.482,NFLX,4
5836,2024-03-11,60.808,61.1,60.037,60.093,25009400,60.093,NFLX,4
5837,2024-03-12,60.021,61.53,59.627,61.108,28216310,61.108,NFLX,4
5838,2024-03-13,61.337,61.485,60.721,60.945,21920940,60.945,NFLX,4
5839,2024-03-14,61.5,62.08,60.735,61.301,31204520,61.301,NFLX,4
5840,2024-03-15,62.292,62.292,60.382,60.588,66716290,60.588,NFLX,4
5841,2024-03-18,61.356,62.741,61.0448,61.839,33442440,61.839,NFLX,4
5842,2024-03-19,61.562,62.128,60.8,62.074,21426130,62.074,NFLX,4
5843,2024-03-20,61.995,62.9505,61.834,62.769,26395090,62.769,NFLX,4
5844,2024-03-21,63.065,63.4362,62.233,62.271,25076710,62.271,NFLX,4
5845,2024-03-22,62.416,62.905,62.1,62.801,21356880,62.801,NFLX,4
5846,2024-03-25,62.79,63.046,62.316,62.746,18032640,62.746,NFLX,4
5847,2024-03-26,62.52,63.439,61.9184,62.924,28044530,62.924,NFLX,4
5848,2024-03-27,62.901,63.135,61.073,61.353,26282670,61.353,NFLX,4
5849,2024-03-28,61.499,61.5,60.159,60.733,37088030,60.733,NFLX,4
5850,2024-04-01,60.8,61.511,60.5571,61.431,21159250,61.431,NFLX,4
5851,2024-04-02,61.1,61.503,60.551,61.421,20292170,61.421,NFLX,4
5852,2024-04-03,61.2745,63.041,61.15,63.008,29312310,63.008,NFLX,4
5853,2024-04-04,63.321,63.8,61.658,61.714,30643490,61.714,NFLX,4
5854,2024-04-05,62.492,63.791,62.271,63.618,33788420,63.618,NFLX,4
5855,2024-04-08,63.639,63.9,62.811,62.844,21390310,62.844,NFLX,4
5856,2024-04-09,63.199,63.199,61.5635,61.82,21466350,61.82,NFLX,4
5857,2024-04-10,61.097,62.014,60.934,61.858,28062480,61.858,NFLX,4
5858,2024-04-11,62.442,63.166,61.724,62.878,26626620,62.878,NFLX,4
5859,2024-04-12,62.823,63.312,61.8915,62.283,29592690,62.283,NFLX,4
5860,2024-04-15,63.017,63.017,60.3871,60.715,30853940,60.715,NFLX,4
5861,2024-04-16,60.75,62.245,60.75,61.752,35191220,61.752,NFLX,4
5862,2024-04-17,62.097,62.097,60.771,61.369,33122220,61.369,NFLX,4
5863,2024-04-18,61.21,62.133,60.5435,61.056,84684070,61.056,NFLX,4
5864,2024-04-19,56.788,57.9,55.216,55.532,164214110,55.532,NFLX,4
5865,2024-04-22,55.066,55.861,54.201,55.46,85976510,55.46,NFLX,4
5866,2024-04-23,55.649,57.921,55.528,57.775,49755200,57.775,NFLX,4
5867,2024-04-24,57.431,57.6907,55.13,55.512,53553120,55.512,NFLX,4
5868,2024-04-25,54.946,56.654,54.5705,56.48,38071010,56.48,NFLX,4
5869,2024-04-26,55.821,56.292,55.319,56.123,43325930,56.123,NFLX,4
5870,2024-04-29,55.918,55.964,55.424,55.949,25088820,55.949,NFLX,4
5871,2024-04-30,56.0,56.0,54.9375,55.064,33614920,55.064,NFLX,4
5872,2024-05-01,54.784,56.039,54.425,55.171,34732330,55.171,NFLX,4
5873,2024-05-02,55.602,56.546,55.559,56.515,30682280,56.515,NFLX,4
5874,2024-05-03,56.6,58.026,56.516,57.934,33075240,57.934,NFLX,4
5875,2024-05-06,58.182,59.734,58.025,59.697,36863370,59.697,NFLX,4
5876,2024-05-07,59.628,60.605,59.132,60.6,36140920,60.6,NFLX,4
5877,2024-05-08,60.163,61.822,60.163,60.947,30939040,60.947,NFLX,4
5878,2024-05-09,61.44,61.572,60.575,61.209,20653750,61.209,NFLX,4
5879,2024-05-10,61.9,62.398,60.506,61.087,26535860,61.087,NFLX,4
5880,2024-05-13,61.43,61.8219,60.683,61.659,20861970,61.659,NFLX,4
5881,2024-05-14,61.517,62.148,60.84,61.366,27923580,61.366,NFLX,4
5882,2024-05-15,61.857,62.41,60.91,61.352,56706070,61.352,NFLX,4
5883,2024-05-16,61.575,61.834,60.909,61.052,30563500,61.052,NFLX,4
5884,2024-05-17,61.7,62.579,61.4714,62.11,37827080,62.11,NFLX,4
5885,2024-05-20,62.04,64.437,61.952,64.082,38578530,64.082,NFLX,4
5886,2024-05-21,63.676,65.088,63.422,65.061,29201550,65.061,NFLX,4
5887,2024-05-22,64.714,64.925,63.812,64.047,21761740,64.047,NFLX,4
5888,2024-05-23,64.234,64.271,63.0,63.567,23139390,63.567,NFLX,4
5889,2024-05-24,63.94,65.2,63.76,64.675,26152600,64.675,NFLX,4
5890,2024-05-28,64.705,64.975,64.303,64.9,26094510,64.9,NFLX,4
5891,2024-05-29,64.413,66.425,64.389,65.462,36959350,65.462,NFLX,4
5892,2024-05-30,65.352,65.649,64.473,64.766,23933540,64.766,NFLX,4
5893,2024-05-31,64.401,64.858,62.83,64.162,40710230,64.162,NFLX,4
5894,2024-06-03,64.5215,64.678,62.727,63.379,23235060,63.379,NFLX,4
5895,2024-06-04,63.378,63.523,62.644,63.162,30081510,63.162,NFLX,4
5896,2024-06-05,63.402,65.125,62.825,65.027,26826140,65.027,NFLX,4
5897,2024-06-06,64.489,65.799,64.4237,64.852,24666640,64.852,NFLX,4
5898,2024-06-07,64.938,65.04,64.024,64.147,18766310,64.147,NFLX,4
5899,2024-06-10,64.101,64.479,63.559,64.45,20667590,64.45,NFLX,4
5900,2024-06-11,64.072,65.019,64.052,64.855,21674170,64.855,NFLX,4
5901,2024-06-12,65.221,65.578,64.311,65.006,20943810,65.006,NFLX,4
5902,2024-06-13,64.4,65.525,64.235,65.326,18635870,65.326,NFLX,4
5903,2024-06-14,65.505,67.558,65.264,66.938,44471160,66.938,NFLX,4
5904,2024-06-17,66.911,68.271,66.511,67.583,36311840,67.583,NFLX,4
5905,2024-06-18,67.563,68.706,67.464,68.567,29437750,68.567,NFLX,4
5906,2024-06-20,68.18,68.988,67.372,67.903,25850890,67.903,NFLX,4
5907,2024-06-21,68.326,68.69,67.81,68.612,45570860,68.612,NFLX,4
5908,2024-06-24,68.5,68.55,66.45,66.902,39163350,66.902,NFLX,4
5909,2024-06-25,67.344,67.3665,66.23,67.241,22787680,67.241,NFLX,4
5910,2024-06-26,67.241,68.296,67.002,67.769,35458150,67.769,NFLX,4
5911,2024-06-27,67.935,68.857,67.814,68.434,24048490,68.434,NFLX,4
5912,2024-06-28,67.9,68.7,67.308,67.488,34123910,67.488,NFLX,4
5913,2024-07-01,67.489,67.502,66.378,67.361,22128260,67.361,NFLX,4
5914,2024-07-02,67.354,68.174,67.007,67.958,24114260,67.958,NFLX,4
5915,2024-07-03,67.748,68.375,67.55,68.251,14035450,68.251,NFLX,4
5916,2024-07-05,68.251,69.749,67.723,69.065,26590650,69.065,NFLX,4
5917,2024-07-08,68.7,68.886,68.1485,68.574,19307860,68.574,NFLX,4
5918,2024-07-09,69.0,69.527,68.472,68.574,25994740,68.574,NFLX,4
5919,2024-07-10,68.502,68.722,67.316,67.765,26519280,67.765,NFLX,4
5920,2024-07-11,67.2485,67.2485,64.744,65.275,51119280,65.275,NFLX,4
5921,2024-07-12,65.275,65.592,64.3708,64.76,33551970,64.76,NFLX,4
5922,2024-07-15,64.75,66.754,64.663,65.645,32087630,65.645,NFLX,4
5923,2024-07-16,66.18,66.3675,64.913,65.632,26857060,65.632,NFLX,4
5924,2024-07-17,65.0,65.045,63.947,64.746,40172770,64.746,NFLX,4
5925,2024-07-18,65.66,65.7039,63.9165,64.304,75757630,64.304,NFLX,4
5926,2024-07-19,66.064,67.897,62.912,63.334,98156310,63.334,NFLX,4
5927,2024-07-22,63.95,65.629,63.26,64.75,52190770,64.75,NFLX,4
5928,2024-07-23,64.75,64.991,64.1,64.276,24635790,64.276,NFLX,4
5929,2024-07-24,63.574,65.242,63.2674,63.599,48881630,63.599,NFLX,4
5930,2024-07-25,64.1,64.998,62.17,63.409,45545390,63.409,NFLX,4
5931,2024-07-26,64.5,64.699,62.977,63.137,31206590,63.137,NFLX,4
5932,2024-07-29,63.461,63.461,62.393,62.696,24005370,62.696,NFLX,4
5933,2024-07-30,63.017,63.469,61.7,62.258,34966090,62.258,NFLX,4
5934,2024-07-31,62.657,63.36,62.258,62.835,31348770,62.835,NFLX,4
5935,2024-08-01,62.925,64.671,61.761,62.485,37205730,62.485,NFLX,4
5936,2024-08-02,62.098,62.527,60.835,61.364,35230030,61.364,NFLX,4
5937,2024-08-05,58.704,60.4563,58.704,59.855,40442350,59.855,NFLX,4
5938,2024-08-06,60.062,62.245,60.062,60.957,43190570,60.957,NFLX,4
5939,2024-08-07,61.6065,63.2,61.064,61.148,31877910,61.148,NFLX,4
5940,2024-08-08,62.199,63.229,61.602,63.035,32835420,63.035,NFLX,4
5941,2024-08-09,62.299,63.662,62.299,63.394,19808360,63.394,NFLX,4
5942,2024-08-12,63.1,63.9,62.707,63.314,23317120,63.314,NFLX,4
5943,2024-08-13,63.856,65.097,63.55,64.802,26395710,64.802,NFLX,4
5944,2024-08-14,64.87,66.357,64.87,66.168,40143440,66.168,NFLX,4
5945,2024-08-15,66.849,67.319,65.98,66.322,32101730,66.322,NFLX,4
5946,2024-08-16,66.943,68.023,66.536,67.407,35110140,67.407,NFLX,4
5947,2024-08-19,67.407,68.884,67.291,68.853,30162270,68.853,NFLX,4
5948,2024-08-20,68.886,71.133,68.8245,69.854,48131180,69.854,NFLX,4
5949,2024-08-21,69.7,70.1,69.138,69.712,22353430,69.712,NFLX,4
5950,2024-08-22,69.1,70.15,68.624,68.896,27293890,68.896,NFLX,4
5951,2024-08-23,69.413,69.607,67.863,68.673,23544500,68.673,NFLX,4
5952,2024-08-26,68.726,69.059,68.1638,68.844,13541540,68.844,NFLX,4
5953,2024-08-27,68.853,70.789,68.692,69.572,31648780,69.572,NFLX,4
5954,2024-08-28,69.583,69.667,67.71,68.384,24305830,68.384,NFLX,4
5955,2024-08-29,69.0,69.98,68.607,69.248,21869740,69.248,NFLX,4
5956,2024-08-30,70.036,70.186,68.816,70.135,32667230,70.135,NFLX,4
5957,2024-09-03,70.01,70.386,67.101,67.532,31609640,67.532,NFLX,4
5958,2024-09-04,67.331,68.465,67.306,67.968,17853370,67.968,NFLX,4
5959,2024-09-05,67.314,68.731,67.186,68.362,18100720,68.362,NFLX,4
5960,2024-09-06,68.186,68.3152,66.234,66.577,29912650,66.577,NFLX,4
5961,2024-09-09,67.4,68.35,67.214,67.542,26831110,67.542,NFLX,4
5962,2024-09-10,67.687,68.059,66.5805,67.362,20791820,67.362,NFLX,4
5963,2024-09-11,67.746,68.297,66.08,68.147,23919240,68.147,NFLX,4
5964,2024-09-12,68.492,69.488,68.22,68.68,25884370,68.68,NFLX,4
5965,2024-09-13,68.001,69.964,68.0,69.706,22764820,69.706,NFLX,4
5966,2024-09-16,70.0,70.302,68.8632,69.65,18437450,69.65,NFLX,4
5967,2024-09-17,70.082,70.763,69.837,70.691,22986300,70.691,NFLX,4
5968,2024-09-18,70.755,70.755,68.8,69.047,29844110,69.047,NFLX,4
5969,2024-09-19,70.5,71.566,69.537,70.432,42284800,70.432,NFLX,4
5970,2024-09-20,70.555,70.6673,69.631,70.103,39980620,70.103,NFLX,4
5971,2024-09-23,70.239,71.225,69.916,70.537,32243440,70.537,NFLX,4
5972,2024-09-24,70.6625,72.244,70.445,72.226,35657310,72.226,NFLX,4
5973,2024-09-25,72.1,72.512,71.621,72.156,22597750,72.156,NFLX,4
5974,2024-09-26,72.473,72.526,70.172,71.143,28329620,71.143,NFLX,4
5975,2024-09-27,70.836,71.071,70.1251,70.735,23956130,70.735,NFLX,4
5976,2024-09-30,70.7,71.121,70.2819,70.927,17115080,70.927,NFLX,4
5977,2024-10-01,71.364,71.776,69.859,70.613,28134820,70.613,NFLX,4
5978,2024-10-02,70.613,71.621,70.4688,71.109,17581670,71.109,NFLX,4
5979,2024-10-03,70.426,70.881,70.0,70.68,22564490,70.68,NFLX,4
5980,2024-10-04,71.332,72.101,70.882,71.97,22301390,71.97,NFLX,4
5981,2024-10-07,71.4755,71.588,69.643,70.192,33605200,70.192,NFLX,4
5982,2024-10-08,70.388,72.506,70.3546,72.176,31874020,72.176,NFLX,4
5983,2024-10-09,71.925,72.859,71.887,72.743,19810700,72.743,NFLX,4
5984,2024-10-10,72.329,73.385,72.25,73.029,27678620,73.029,NFLX,4
5985,2024-10-11,73.49,73.6,72.122,72.279,22995250,72.279,NFLX,4
5986,2024-10-14,72.5,72.662,71.1311,71.3,27970710,71.3,NFLX,4
5987,2024-10-15,71.251,71.34,69.9781,70.598,29327520,70.598,NFLX,4
5988,2024-10-16,70.343,70.559,69.782,70.2,24942760,70.2,NFLX,4
5989,2024-10-17,70.435,70.4412,67.788,68.765,89266720,68.765,NFLX,4
5990,2024-10-18,73.764,76.6281,73.623,76.389,159741190,76.389,NFLX,4
5991,2024-10-21,76.576,77.3,75.66,77.207,60570930,77.207,NFLX,4
5992,2024-10-22,76.527,76.97,76.112,76.424,29872520,76.424,NFLX,4
5993,2024-10-23,76.283,76.379,74.426,74.929,37490070,74.929,NFLX,4
5994,2024-10-24,75.197,75.582,74.625,75.455,26429620,75.455,NFLX,4
5995,2024-10-25,75.617,76.85,75.353,75.468,28194730,75.468,NFLX,4
5996,2024-10-28,75.868,75.868,74.788,74.912,28624050,74.912,NFLX,4
5997,2024-10-29,75.113,76.388,74.801,75.944,36604330,75.944,NFLX,4
5998,2024-10-30,75.808,75.979,75.2278,75.374,17220020,75.374,NFLX,4
5999,2024-10-31,75.393,76.079,75.223,75.603,30577090,75.603,NFLX,4
6000,2024-11-01,75.348,76.38,74.777,75.61,29968290,75.61,NFLX,4
6001,2024-11-04,75.314,76.248,74.969,75.551,19021940,75.551,NFLX,4
6002,2024-11-05,75.735,76.753,75.627,76.391,22006450,76.391,NFLX,4
6003,2024-11-06,77.15,78.149,75.738,78.021,36908170,78.021,NFLX,4
6004,2024-11-07,78.137,79.822,77.994,79.654,32950740,79.654,NFLX,4
6005,2024-11-08,79.736,79.906,78.865,79.504,19106260,79.504,NFLX,4
6006,2024-11-11,79.59,80.6823,79.5565,80.544,23991500,80.544,NFLX,4
6007,2024-11-12,80.75,82.037,80.375,81.95,28140640,81.95,NFLX,4
6008,2024-11-13,82.2615,83.699,82.0537,83.047,27677720,83.047,NFLX,4
6009,2024-11-14,83.367,84.1,83.002,83.726,30382310,83.726,NFLX,4
6010,2024-11-15,83.204,83.204,81.649,82.396,36737200,82.396,NFLX,4
6011,2024-11-18,81.55,84.845,80.933,84.705,40840810,84.705,NFLX,4
6012,2024-11-19,83.975,87.449,83.916,87.132,38142270,87.132,NFLX,4
6013,2024-11-20,87.998,89.06,86.84,88.385,40938430,88.385,NFLX,4
6014,2024-11-21,88.393,90.8,87.724,89.748,45112630,89.748,NFLX,4
6015,2024-11-22,89.6,90.6,89.3,89.779,32140200,89.779,NFLX,4
6016,2024-11-25,90.205,90.205,86.422,86.559,60142030,86.559,NFLX,4
6017,2024-11-26,86.749,88.636,86.725,87.26,31382590,87.26,NFLX,4
6018,2024-11-27,87.206,88.095,85.891,87.734,25782220,87.734,NFLX,4
6019,2024-11-29,88.217,89.241,87.668,88.681,20272370,88.681,NFLX,4
6020,2024-12-02,88.751,90.234,88.412,89.774,23889660,89.774,NFLX,4
6021,2024-12-03,89.436,90.269,88.8025,90.217,24016340,90.217,NFLX,4
6022,2024-12-04,89.805,91.597,89.805,91.106,26896290,91.106,NFLX,4
6023,2024-12-05,91.785,92.7,91.1108,91.787,28353070,91.787,NFLX,4
6024,2024-12-06,91.523,93.527,91.271,93.474,29553830,93.474,NFLX,4
6025,2024-12-09,92.8,93.03,90.259,91.369,33500820,91.369,NFLX,4
6026,2024-12-10,91.376,92.288,90.958,91.335,23885750,91.335,NFLX,4
6027,2024-12-11,92.471,94.175,92.308,93.656,35016910,93.656,NFLX,4
6028,2024-12-12,93.335,93.4089,92.26,92.555,24861970,92.555,NFLX,4
6029,2024-12-13,91.681,92.555,90.961,91.887,24858290,91.887,NFLX,4
6030,2024-12-16,92.394,92.894,91.95,92.108,26748920,92.108,NFLX,4
6031,2024-12-17,92.154,92.845,91.642,91.913,24594560,91.913,NFLX,4
6032,2024-12-18,91.913,92.244,88.656,88.955,29381940,88.955,NFLX,4
6033,2024-12-19,90.818,91.2621,89.9,90.204,28155120,90.204,NFLX,4
6034,2024-12-20,89.321,91.9924,89.0487,90.905,45305190,90.905,NFLX,4
6035,2024-12-23,91.342,91.5,89.91,91.145,23393750,91.145,NFLX,4
6036,2024-12-24,91.5,93.585,91.17,93.212,23202930,93.212,NFLX,4
6037,2024-12-26,92.84,93.049,91.53,92.414,23424180,92.414,NFLX,4
6038,2024-12-27,91.601,91.813,89.45,90.755,32261580,90.755,NFLX,4
6039,2024-12-30,89.451,90.823,88.971,90.043,22029700,90.043,NFLX,4
6040,2024-12-31,90.18,90.268,88.947,89.132,18758970,89.132,NFLX,4
6041,2019-01-02,51.1745,52.8479,51.0788,52.5435,31983424,52.5435,GOOGL,5
6042,2019-01-03,52.3438,53.1204,50.9338,51.0882,42111246,51.0882,GOOGL,5
6043,2019-01-04,51.9397,53.8049,51.6558,53.7087,46195418,53.7087,GOOGL,5
6044,2019-01-07,53.8533,53.9394,52.9401,53.6017,47625363,53.6017,GOOGL,5
6045,2019-01-08,54.1039,54.47,53.2246,54.0725,35541455,54.0725,GOOGL,5
6046,2019-01-09,54.203,54.3849,53.5245,53.8871,27096111,53.8871,GOOGL,5
6047,2019-01-10,53.5529,53.7954,53.0417,53.7467,26693637,53.7467,GOOGL,5
6048,2019-01-11,53.3018,53.4747,52.6307,53.0312,30976647,53.0312,GOOGL,5
6049,2019-01-14,52.4768,52.7313,52.2381,52.3856,28592998,52.3856,GOOGL,5
6050,2019-01-15,52.7095,54.217,52.5316,54.1293,37653043,54.1293,GOOGL,5
6051,2019-01-16,54.3032,54.9189,54.204,54.2787,38419591,54.2787,GOOGL,5
6052,2019-01-17,54.203,54.8363,53.9673,54.7575,24986270,54.7575,GOOGL,5
6053,2019-01-18,55.2293,55.6981,54.7654,55.165,45054115,55.165,GOOGL,5
6054,2019-01-22,54.6021,54.7501,53.3511,53.7367,39775549,53.7367,GOOGL,5
6055,2019-01-23,54.1467,54.4502,53.1856,54.0246,25286093,54.0246,GOOGL,5
6056,2019-01-24,53.9301,54.2035,53.3078,54.0043,29224519,54.0043,GOOGL,5
6057,2019-01-25,54.5139,54.9688,54.3928,54.8766,23360136,54.8766,GOOGL,5
6058,2019-01-28,54.3067,54.471,53.5364,53.7979,29440619,53.7979,GOOGL,5
6059,2019-01-29,53.8568,54.0406,53.1084,53.3098,19776392,53.3098,GOOGL,5
6060,2019-01-30,53.6734,54.7774,53.6375,54.7012,29559709,54.7012,GOOGL,5
6061,2019-01-31,55.4111,56.1799,55.0628,56.0912,40377283,56.0912,GOOGL,5
6062,2019-02-01,55.9118,56.5151,55.5113,55.729,33236309,55.729,GOOGL,5
6063,2019-02-04,55.7484,56.9107,55.6736,56.8649,78696070,56.8649,GOOGL,5
6064,2019-02-05,56.2774,57.4303,55.977,57.3855,82594130,57.3855,GOOGL,5
6065,2019-02-06,57.2559,57.4916,55.716,55.9417,48431334,55.9417,GOOGL,5
6066,2019-02-07,55.3902,55.3987,54.482,55.0958,38436372,55.0958,GOOGL,5
6067,2019-02-08,54.5462,55.0555,54.5144,54.9199,21845445,54.9199,GOOGL,5
6068,2019-02-11,54.9881,55.4704,54.8013,54.907,18564675,54.907,GOOGL,5
6069,2019-02-12,55.3499,56.4384,55.3499,56.1754,35162426,56.1754,GOOGL,5
6070,2019-02-13,56.4474,56.9361,56.0967,56.2277,28143394,56.2277,GOOGL,5
6071,2019-02-14,56.0468,56.6013,55.6528,56.2561,21182451,56.2561,GOOGL,5
6072,2019-02-15,56.7593,56.7593,55.6343,55.7793,27927835,55.7793,GOOGL,5
6073,2019-02-19,55.6303,56.2779,55.6303,56.122,22064878,56.122,GOOGL,5
6074,2019-02-20,56.2401,56.3423,55.3867,55.8271,24177991,55.8271,GOOGL,5
6075,2019-02-21,55.737,55.7554,54.7007,55.0111,33400241,55.0111,GOOGL,5
6076,2019-02-22,55.2846,55.6608,54.8263,55.6263,29542367,55.6263,GOOGL,5
6077,2019-02-25,55.8938,56.0667,55.5043,55.6648,26302243,55.6648,GOOGL,5
6078,2019-02-26,55.5172,56.1185,55.1352,55.8978,35152189,55.8978,GOOGL,5
6079,2019-02-27,55.4993,56.0832,55.2278,55.9417,22177726,55.9417,GOOGL,5
6080,2019-02-28,55.7479,56.4947,55.7185,56.124,27526526,56.124,GOOGL,5
6081,2019-03-01,56.3457,57.2923,56.3457,57.2186,34208722,57.2186,GOOGL,5
6082,2019-03-04,57.5195,58.0656,56.707,57.4627,35617992,57.4627,GOOGL,5
6083,2019-03-05,57.5912,58.612,57.4428,58.2483,40239806,58.2483,GOOGL,5
6084,2019-03-06,58.3763,58.5249,57.9424,58.0366,23686596,58.0366,GOOGL,5
6085,2019-03-07,57.8154,57.9689,56.8798,57.3346,30195626,57.3346,GOOGL,5
6086,2019-03-08,56.4903,57.4642,56.3059,57.2908,23780535,57.2908,GOOGL,5
6087,2019-03-11,57.392,58.7824,57.3705,58.7501,30141531,58.7501,GOOGL,5
6088,2019-03-12,58.9015,60.0678,58.9015,59.6463,42372630,59.6463,GOOGL,5
6089,2019-03-13,60.0787,60.138,59.6791,59.7364,25980923,59.7364,GOOGL,5
6090,2019-03-14,59.7344,60.0174,59.3464,59.4111,27400410,59.4111,GOOGL,5
6091,2019-03-15,59.6836,59.8695,59.1361,59.3,52054782,59.3,GOOGL,5
6092,2019-03-18,59.2697,59.5317,58.8606,59.2128,24532672,59.2128,GOOGL,5
6093,2019-03-19,59.3708,59.9532,59.2582,59.9058,29896125,59.9058,GOOGL,5
6094,2019-03-20,59.853,61.2774,59.7628,61.1,41659313,61.1,GOOGL,5
6095,2019-03-21,60.7797,61.5987,60.6093,61.5832,28251645,61.5832,GOOGL,5
6096,2019-03-22,61.2206,61.4588,60.0822,60.1644,34547445,60.1644,GOOGL,5
6097,2019-03-25,59.7613,60.2536,59.2851,59.6528,27676949,59.6528,GOOGL,5
6098,2019-03-26,60.0418,60.1644,58.8746,59.2772,30863599,59.2772,GOOGL,5
6099,2019-03-27,59.3807,59.3807,58.0012,58.6877,29534719,58.6877,GOOGL,5
6100,2019-03-28,58.5627,58.6499,57.9614,58.4018,22483651,58.4018,GOOGL,5
6101,2019-03-29,58.7959,58.9846,58.1083,58.6319,31004287,58.6319,GOOGL,5
6102,2019-04-01,59.1625,59.7933,59.1038,59.7324,27812358,59.7324,GOOGL,5
6103,2019-04-02,59.7858,60.0728,59.3469,60.0593,18354556,60.0593,GOOGL,5
6104,2019-04-03,60.416,60.8095,60.0363,60.3219,22272729,60.3219,GOOGL,5
6105,2019-04-04,60.3457,60.807,60.2337,60.7523,21097986,60.7523,GOOGL,5
6106,2019-04-05,60.7448,60.799,60.2829,60.3537,20093457,60.3537,GOOGL,5
6107,2019-04-08,60.3368,60.4783,60.0174,60.1957,21830612,60.1957,GOOGL,5
6108,2019-04-09,59.8775,60.1395,59.7026,59.9173,19748130,59.9173,GOOGL,5
6109,2019-04-10,60.0368,60.2287,59.8161,60.1046,15565342,60.1046,GOOGL,5
6110,2019-04-11,60.2267,60.418,60.0095,60.261,17060562,60.261,GOOGL,5
6111,2019-04-12,60.5614,60.9317,60.4454,60.9157,24400334,60.9157,GOOGL,5
6112,2019-04-15,60.9834,61.2429,60.5087,61.105,23885755,61.105,GOOGL,5
6113,2019-04-16,61.2779,61.5758,61.0308,61.3731,22703986,61.3731,GOOGL,5
6114,2019-04-17,61.6266,62.0301,61.4223,61.783,30475798,61.783,GOOGL,5
6115,2019-04-18,62.0251,62.072,61.7467,61.8492,24845502,61.8492,GOOGL,5
6116,2019-04-22,61.6102,62.4905,61.4458,62.4615,19157577,62.4615,GOOGL,5
6117,2019-04-23,62.6051,63.4914,62.3728,63.3001,31984508,63.3001,GOOGL,5
6118,2019-04-24,63.3001,63.47,62.763,62.775,23480752,62.775,GOOGL,5
6119,2019-04-25,63.2856,63.4101,62.6728,63.1381,31456842,63.1381,GOOGL,5
6120,2019-04-26,63.439,63.7146,63.0216,63.6404,27327085,63.6404,GOOGL,5
6121,2019-04-29,63.7943,64.6148,63.3558,64.5759,72629578,64.5759,GOOGL,5
6122,2019-04-30,59.3165,59.8321,58.9364,59.7314,133659880,59.7314,GOOGL,5
6123,2019-05-01,59.6587,59.7459,58.3724,58.454,74609851,58.454,GOOGL,5
6124,2019-05-02,58.4182,58.756,57.7073,58.1148,45261284,58.1148,GOOGL,5
6125,2019-05-03,58.6579,59.3548,58.4655,59.2627,41738278,59.2627,GOOGL,5
6126,2019-05-06,58.3883,59.5556,58.3465,59.4575,31888862,59.4575,GOOGL,5
6127,2019-05-07,59.0763,59.5227,58.0396,58.7301,36737455,58.7301,GOOGL,5
6128,2019-05-08,58.6519,58.9996,58.1706,58.3276,25612954,58.3276,GOOGL,5
6129,2019-05-09,57.9201,58.4915,57.5235,58.1876,29662180,58.1876,GOOGL,5
6130,2019-05-10,58.2309,58.6015,57.1114,58.1711,31763931,58.1711,GOOGL,5
6131,2019-05-13,57.0552,57.3905,56.0717,56.6243,45799146,56.6243,GOOGL,5
6132,2019-05-14,56.9097,57.0367,55.9736,56.0399,40537421,56.0399,GOOGL,5
6133,2019-05-15,55.9248,58.7022,55.8675,58.3286,59517316,58.3286,GOOGL,5
6134,2019-05-16,58.3803,59.4924,58.2115,59.0111,35435754,59.0111,GOOGL,5
6135,2019-05-17,58.5792,59.1003,58.1103,58.2279,25452936,58.2279,GOOGL,5
6136,2019-05-20,57.4418,57.4418,56.7015,57.0262,30713457,57.0262,GOOGL,5
6137,2019-05-21,57.5155,57.6909,56.959,57.5135,20639510,57.5135,GOOGL,5
6138,2019-05-22,57.3546,57.9789,57.3421,57.5837,18893824,57.5837,GOOGL,5
6139,2019-05-23,57.0965,57.2948,56.4533,57.0601,25304540,57.0601,GOOGL,5
6140,2019-05-24,57.392,57.5095,56.6302,56.7248,18620276,56.7248,GOOGL,5
6141,2019-05-28,56.8679,57.6157,56.7278,56.7722,21027029,56.7722,GOOGL,5
6142,2019-05-29,56.4304,56.545,55.3967,55.7948,36361538,55.7948,GOOGL,5
6143,2019-05-30,55.8052,56.1365,55.5934,55.868,18153952,55.868,GOOGL,5
6144,2019-05-31,55.0823,55.4689,54.9683,55.1252,31704135,55.1252,GOOGL,5
6145,2019-06-03,53.1538,53.1573,51.166,51.7495,97240834,51.7495,GOOGL,5
6146,2019-06-04,52.0359,52.7308,51.6143,52.5341,60730639,52.5341,GOOGL,5
6147,2019-06-05,52.5595,52.6497,51.4634,52.0434,47159058,52.0434,GOOGL,5
6148,2019-06-06,52.1216,52.3103,51.5885,52.1988,29125722,52.1988,GOOGL,5
6149,2019-06-07,52.5236,53.4777,52.3676,53.2256,43986017,53.2256,GOOGL,5
6150,2019-06-10,53.6555,54.5442,53.5698,53.9424,28612629,53.9424,GOOGL,5
6151,2019-06-11,54.6514,55.0011,53.7835,53.8568,33637840,53.8568,GOOGL,5
6152,2019-06-12,53.8024,53.9306,53.2868,53.7601,23758817,53.7601,GOOGL,5
6153,2019-06-13,54.0396,54.6314,53.933,54.3535,20888670,54.3535,GOOGL,5
6154,2019-06-14,54.2902,54.5402,53.8787,54.1188,24675207,54.1188,GOOGL,5
6155,2019-06-17,54.2583,54.8651,54.2035,54.4969,19841487,54.4969,GOOGL,5
6156,2019-06-18,55.3742,55.737,54.8406,55.0624,34651401,55.0624,GOOGL,5
6157,2019-06-19,55.162,55.2712,54.6036,55.026,26817163,55.026,GOOGL,5
6158,2019-06-20,55.8825,55.9332,55.15,55.4589,24105228,55.4589,GOOGL,5
6159,2019-06-21,55.2925,56.125,55.2856,56.0652,50961513,56.0652,GOOGL,5
6160,2019-06-24,55.7978,55.9755,55.4644,55.6333,24325724,55.6333,GOOGL,5
6161,2019-06-25,55.5526,55.5835,54.0341,54.1826,31759053,54.1826,GOOGL,5
6162,2019-06-26,54.353,54.5582,53.4906,53.8209,34823241,53.8209,GOOGL,5
6163,2019-06-27,54.1413,54.227,53.5982,53.637,24165566,53.637,GOOGL,5
6164,2019-06-28,53.667,53.9444,53.4961,53.9444,33793422,53.9444,GOOGL,5
6165,2019-07-01,54.8531,55.2293,54.5687,54.8013,29395155,54.8013,GOOGL,5
6166,2019-07-02,55.042,55.4435,54.7849,55.4291,20713196,55.4291,GOOGL,5
6167,2019-07-03,55.723,56.1957,55.5411,55.9467,20227421,55.9467,GOOGL,5
6168,2019-07-05,55.7663,56.5276,55.6731,56.4289,29901564,56.4289,GOOGL,5
6169,2019-07-08,56.0902,56.1569,55.3872,55.6378,29995764,55.6378,GOOGL,5
6170,2019-07-09,55.3155,56.1894,55.1575,56.0115,29579280,56.0115,GOOGL,5
6171,2019-07-10,56.4115,56.9107,56.3288,56.8395,30822250,56.8395,GOOGL,5
6172,2019-07-11,57.101,57.4538,56.7707,56.9974,26104870,56.9974,GOOGL,5
6173,2019-07-12,56.9401,57.1678,56.7223,57.0601,21957972,57.0601,GOOGL,5
6174,2019-07-15,57.0601,57.3261,56.7941,57.3178,21245358,57.3178,GOOGL,5
6175,2019-07-16,57.1294,57.7197,57.1294,57.4647,25444726,57.4647,GOOGL,5
6176,2019-07-17,57.3381,57.7128,57.1239,57.1299,19608706,57.1299,GOOGL,5
6177,2019-07-18,56.8937,57.2011,56.4384,57.1548,25567730,57.1548,GOOGL,5
6178,2019-07-19,57.2584,57.371,56.3582,56.3731,23267100,56.3731,GOOGL,5
6179,2019-07-22,56.5684,56.7951,56.0573,56.7548,29040032,56.7548,GOOGL,5
6180,2019-07-23,56.966,57.2355,56.4379,57.1952,20723613,57.1952,GOOGL,5
6181,2019-07-24,56.4264,57.0661,56.2217,56.7807,27297719,56.7807,GOOGL,5
6182,2019-07-25,56.7418,56.9729,55.9825,56.5918,54961300,56.5918,GOOGL,5
6183,2019-07-26,61.1782,63.1905,61.1782,62.0361,121655319,62.0361,GOOGL,5
6184,2019-07-29,61.9007,62.2244,61.2879,61.8677,41532555,61.8677,GOOGL,5
6185,2019-07-30,61.1284,61.6221,61.0447,61.1782,28719234,61.1782,GOOGL,5
6186,2019-07-31,61.0223,61.5225,60.1907,60.69,40104838,60.69,GOOGL,5
6187,2019-08-01,60.6616,61.5917,60.132,60.3701,35553840,60.3701,GOOGL,5
6188,2019-08-02,59.9327,60.2566,59.2851,59.5999,35035548,59.5999,GOOGL,5
6189,2019-08-05,58.4367,58.6314,56.9312,57.529,48012862,57.529,GOOGL,5
6190,2019-08-06,58.0656,58.8566,57.8667,58.3425,36144694,58.3425,GOOGL,5
6191,2019-08-07,57.6809,58.7804,57.3341,58.5832,30798183,58.5832,GOOGL,5
6192,2019-08-08,59.1073,60.0962,58.488,60.0917,30226137,60.0917,GOOGL,5
6193,2019-08-09,59.7833,60.0055,59.0305,59.2303,20492920,59.2303,GOOGL,5
6194,2019-08-12,58.7869,59.0663,58.2249,58.5129,22144847,58.5129,GOOGL,5
6195,2019-08-13,58.5054,60.0538,58.4382,59.6204,28708495,59.6204,GOOGL,5
6196,2019-08-14,58.5912,58.9259,57.8438,58.0022,35558457,58.0022,GOOGL,5
6197,2019-08-15,58.0047,58.6085,57.9399,58.2548,28718029,58.2548,GOOGL,5
6198,2019-08-16,58.8263,58.9781,58.4382,58.7476,25395468,58.7476,GOOGL,5
6199,2019-08-19,59.3763,60.2511,59.305,59.8052,24545739,59.8052,GOOGL,5
6200,2019-08-20,59.5516,59.6836,58.9389,58.9628,20284588,58.9628,GOOGL,5
6201,2019-08-21,59.5751,59.8112,59.1815,59.3638,14216791,59.3638,GOOGL,5
6202,2019-08-22,59.4744,59.7226,58.7326,59.3608,17421225,59.3608,GOOGL,5
6203,2019-08-23,59.0445,59.5676,57.2923,57.4707,36394276,57.4707,GOOGL,5
6204,2019-08-26,57.7631,58.3813,57.534,58.3475,21255294,58.3475,GOOGL,5
6205,2019-08-27,58.9364,59.036,58.0176,58.3296,23554860,58.3296,GOOGL,5
6206,2019-08-28,58.0331,58.7121,57.803,58.4755,16877541,58.4755,GOOGL,5
6207,2019-08-29,59.1068,59.7429,59.05,59.4963,19713164,59.4963,GOOGL,5
6208,2019-08-30,59.8008,59.8008,59.0718,59.3115,18132996,59.3115,GOOGL,5
6209,2019-09-03,58.8791,59.2392,57.9759,58.2663,26016291,58.2663,GOOGL,5
6210,2019-09-04,58.7595,59.03,58.3649,58.9,21390582,58.9,GOOGL,5
6211,2019-09-05,59.4674,60.4808,59.4191,60.3906,26508870,60.3906,GOOGL,5
6212,2019-09-06,60.2387,60.4284,59.9457,60.0982,19040373,60.0982,GOOGL,5
6213,2019-09-09,60.0653,60.807,59.443,60.0458,31974652,60.0458,GOOGL,5
6214,2019-09-10,59.5884,60.2814,59.5844,60.0673,28022758,60.0673,GOOGL,5
6215,2019-09-11,59.9771,60.9027,59.8969,60.7797,23606587,60.7797,GOOGL,5
6216,2019-09-12,60.9525,61.8967,60.9072,61.5255,31759314,61.5255,GOOGL,5
6217,2019-09-13,61.3831,61.8284,61.1324,61.7775,23761065,61.7775,GOOGL,5
6218,2019-09-16,61.2998,61.7273,61.0382,61.3591,28319891,61.3591,GOOGL,5
6219,2019-09-17,61.3591,61.527,60.9466,61.2719,21019944,61.2719,GOOGL,5
6220,2019-09-18,61.2899,61.5887,60.6038,61.4098,17920488,61.4098,GOOGL,5
6221,2019-09-19,61.3934,61.9923,61.3929,61.7138,17001449,61.7138,GOOGL,5
6222,2019-09-20,61.4593,61.9155,60.958,61.2699,38895350,61.2699,GOOGL,5
6223,2019-09-23,61.107,61.7601,60.968,61.5115,24028169,61.5115,GOOGL,5
6224,2019-09-24,61.776,62.1303,60.3134,60.6965,36847332,60.6965,GOOGL,5
6225,2019-09-25,60.5809,62.1756,60.2417,62.072,27201491,62.072,GOOGL,5
6226,2019-09-26,61.8827,62.0087,61.3686,61.8902,23516481,61.8902,GOOGL,5
6227,2019-09-27,61.917,62.0246,60.5405,61.0761,34574503,61.0761,GOOGL,5
6228,2019-09-30,60.8095,61.1488,60.4518,60.8365,25986041,60.8365,GOOGL,5
6229,2019-10-01,60.9037,61.4203,60.0598,60.0822,25747700,60.0822,GOOGL,5
6230,2019-10-02,59.6089,59.7216,58.4197,58.6832,33616904,58.6832,GOOGL,5
6231,2019-10-03,58.9533,59.3349,57.9469,59.2567,29494795,59.2567,GOOGL,5
6232,2019-10-04,59.4988,60.4041,59.3334,60.3294,24662802,60.3294,GOOGL,5
6233,2019-10-07,60.1575,60.7253,60.0005,60.1942,17644130,60.1942,GOOGL,5
6234,2019-10-08,59.7221,60.1255,59.2592,59.2915,20723372,59.2915,GOOGL,5
6235,2019-10-09,59.8495,60.2047,59.6896,59.9028,16323279,59.9028,GOOGL,5
6236,2019-10-10,59.7136,60.5614,59.6766,60.2551,13413329,60.2551,GOOGL,5
6237,2019-10-11,60.9804,61.2156,60.4628,60.5659,22610710,60.5659,GOOGL,5
6238,2019-10-14,60.4753,61.0726,60.3751,60.6686,13728106,60.6686,GOOGL,5
6239,2019-10-15,60.8545,62.1313,60.8255,61.8877,30655046,61.8877,GOOGL,5
6240,2019-10-16,61.8662,62.483,61.7028,61.9255,23104011,61.9255,GOOGL,5
6241,2019-10-17,62.344,62.9593,62.2678,62.4138,21356760,62.4138,GOOGL,5
6242,2019-10-18,62.508,62.6783,61.783,61.9957,31761121,61.9957,GOOGL,5
6243,2019-10-21,62.2095,62.449,61.7755,61.9893,20676383,61.9893,GOOGL,5
6244,2019-10-22,61.9992,62.211,61.7685,61.8359,25729354,61.8359,GOOGL,5
6245,2019-10-23,61.7865,62.6748,61.7865,62.6544,23610902,62.6544,GOOGL,5
6246,2019-10-24,62.7281,62.9169,62.3913,62.7281,22892246,62.7281,GOOGL,5
6247,2019-10-25,62.3738,63.171,62.2319,62.9866,27203218,62.9866,GOOGL,5
6248,2019-10-28,63.5197,64.7273,63.3858,64.2162,65665403,64.2162,GOOGL,5
6249,2019-10-29,63.5695,63.8087,62.5537,62.8053,52845177,62.8053,GOOGL,5
6250,2019-10-30,62.5308,63.172,62.3066,62.8073,29309726,62.8073,GOOGL,5
6251,2019-10-31,62.7725,63.0973,62.2484,62.7126,32018731,62.7126,GOOGL,5
6252,2019-11-01,63.0613,63.42,62.758,63.3828,28916586,63.3828,GOOGL,5
6253,2019-11-04,63.575,64.3916,63.575,64.2476,30743485,64.2476,GOOGL,5
6254,2019-11-05,64.3268,64.6276,64.2362,64.3388,25239706,64.3388,GOOGL,5
6255,2019-11-06,64.2715,64.416,63.8819,64.3174,24714569,64.3174,GOOGL,5
6256,2019-11-07,64.4802,65.8937,64.4538,65.111,45303737,65.111,GOOGL,5
6257,2019-11-08,64.841,65.6176,64.841,65.2137,30548180,65.2137,GOOGL,5
6258,2019-11-11,64.9645,65.0093,64.5594,64.6796,17299686,64.6796,GOOGL,5
6259,2019-11-12,64.6941,65.2309,64.4782,64.6261,28991557,64.6261,GOOGL,5
6260,2019-11-13,64.4255,64.8907,64.3741,64.5749,18789568,64.5749,GOOGL,5
6261,2019-11-14,64.5162,65.5484,64.4633,65.2212,29105910,65.2212,GOOGL,5
6262,2019-11-15,65.515,66.4362,65.3576,66.4362,39441563,66.4362,GOOGL,5
6263,2019-11-18,66.3763,66.455,65.5704,65.7535,28088937,65.7535,GOOGL,5
6264,2019-11-19,66.092,66.092,65.3516,65.3925,21951870,65.3925,GOOGL,5
6265,2019-11-20,65.3311,65.4233,64.2277,64.8579,29022228,64.8579,GOOGL,5
6266,2019-11-21,64.7278,65.3191,64.3044,64.7723,25639369,64.7723,GOOGL,5
6267,2019-11-22,64.9147,65.109,64.2352,64.4498,27878938,64.4498,GOOGL,5
6268,2019-11-25,64.5789,65.2839,64.5465,65.0463,23678687,65.0463,GOOGL,5
6269,2019-11-26,65.2589,65.4632,64.9665,65.4128,22021321,65.4128,GOOGL,5
6270,2019-11-27,65.5334,65.6441,65.2369,65.3696,18859380,65.3696,GOOGL,5
6271,2019-11-29,65.094,65.2609,64.9261,64.9689,12847786,64.9689,GOOGL,5
6272,2019-12-02,64.8927,65.0363,63.7878,64.2102,26674127,64.2102,GOOGL,5
6273,2019-12-03,63.7021,64.6271,63.6219,64.5032,29707824,64.5032,GOOGL,5
6274,2019-12-04,65.0691,65.9744,64.9172,65.7088,35656632,65.7088,GOOGL,5
6275,2019-12-05,66.1103,66.1592,65.4787,66.1083,24501118,66.1083,GOOGL,5
6276,2019-12-06,66.3968,66.881,66.3211,66.7276,33094116,66.7276,GOOGL,5
6277,2019-12-09,66.7013,67.6324,66.5622,66.9069,31250657,66.9069,GOOGL,5
6278,2019-12-10,66.755,67.1565,66.459,66.9019,17672432,66.9019,GOOGL,5
6279,2019-12-11,67.1715,67.2507,66.8127,66.9696,20560424,66.9696,GOOGL,5
6280,2019-12-12,66.9179,67.4844,66.6683,67.181,29234916,67.181,GOOGL,5
6281,2019-12-13,67.1515,67.3234,66.8407,67.1003,33293937,67.1003,GOOGL,5
6282,2019-12-16,67.5052,67.9302,67.2866,67.7892,28231110,67.7892,GOOGL,5
6283,2019-12-17,67.8744,67.9701,67.2946,67.4997,33090503,67.4997,GOOGL,5
6284,2019-12-18,67.6049,67.726,67.2791,67.3513,23419250,67.3513,GOOGL,5
6285,2019-12-19,67.3513,67.6314,67.1939,67.577,30531921,67.577,GOOGL,5
6286,2019-12-20,67.9089,67.9536,67.2926,67.317,50459239,67.317,GOOGL,5
6287,2019-12-23,67.6911,67.8465,67.1565,67.2876,20011622,67.2876,GOOGL,5
6288,2019-12-24,67.2666,67.3563,66.9658,66.9786,13517023,66.9786,GOOGL,5
6289,2019-12-26,67.0843,67.9139,67.0325,67.8774,23761827,67.8774,GOOGL,5
6290,2019-12-27,67.9536,68.1065,67.4056,67.4874,23301625,67.4874,GOOGL,5
6291,2019-12-30,67.5954,67.6049,66.6504,66.7435,20084384,66.7435,GOOGL,5
6292,2019-12-31,66.5482,66.791,66.3658,66.7276,19591986,66.7276,GOOGL,5
6293,2020-01-02,67.177,68.1868,67.0813,68.1868,27384211,68.1868,GOOGL,5
6294,2020-01-03,67.1565,68.4395,67.1227,67.8302,23497452,67.8302,GOOGL,5
6295,2020-01-06,67.3373,69.6635,67.3061,69.6381,46956467,69.6381,GOOGL,5
6296,2020-01-07,69.77,69.9216,69.3266,69.5035,34654291,69.5035,GOOGL,5
6297,2020-01-08,69.4891,70.3376,69.38,69.9983,35453538,69.9983,GOOGL,5
6298,2020-01-09,70.8397,71.1759,70.2559,70.733,33349217,70.733,GOOGL,5
6299,2020-01-10,71.2154,71.4878,70.7235,71.1899,26358768,71.1899,GOOGL,5
6300,2020-01-13,71.5033,71.8137,71.0111,71.7415,30857798,71.7415,GOOGL,5
6301,2020-01-14,71.74,71.8709,71.1307,71.2711,26207381,71.2711,GOOGL,5
6302,2020-01-15,71.3923,71.7787,71.3244,71.7,21628502,71.7,GOOGL,5
6303,2020-01-16,72.0114,72.273,71.74,72.2461,26175345,72.2461,GOOGL,5
6304,2020-01-17,72.8629,73.7601,72.5644,73.7088,52613540,73.7088,GOOGL,5
6305,2020-01-21,73.6829,74.2249,73.245,73.8448,49109403,73.8448,GOOGL,5
6306,2020-01-22,74.2174,74.758,73.8652,73.9405,28562086,73.9405,GOOGL,5
6307,2020-01-23,74.1088,74.4053,73.7486,73.9663,26747853,73.9663,GOOGL,5
6308,2020-01-24,74.3714,74.4402,72.8948,73.0438,29893575,73.0438,GOOGL,5
6309,2020-01-27,71.3185,71.5696,70.7187,71.3279,34255049,71.3279,GOOGL,5
6310,2020-01-28,71.8267,72.4772,71.2596,72.2631,29839500,72.2631,GOOGL,5
6311,2020-01-29,72.6596,72.9426,72.0085,72.5719,21717724,72.5719,GOOGL,5
6312,2020-01-30,71.6453,72.4997,71.4908,72.4499,27207714,72.4499,GOOGL,5
6313,2020-01-31,73.128,73.2181,71.0953,71.3803,43980357,71.3803,GOOGL,5
6314,2020-02-03,72.8185,74.0465,72.5674,73.8622,72436842,73.8622,GOOGL,5
6315,2020-02-04,72.4618,73.102,70.8447,72.0094,96226912,72.0094,GOOGL,5
6316,2020-02-05,72.9161,72.9646,71.2259,72.0413,36507726,72.0413,GOOGL,5
6317,2020-02-06,72.3368,73.8104,72.2621,73.5319,37958687,73.5319,GOOGL,5
6318,2020-02-07,73.1045,73.9943,73.0058,73.6883,28463791,73.6883,GOOGL,5
6319,2020-02-10,73.5947,75.1714,73.4936,75.1606,38440286,75.1606,GOOGL,5
6320,2020-02-11,75.3902,76.2176,75.0006,75.2303,34979285,75.2303,GOOGL,5
6321,2020-02-12,75.5192,75.7405,75.161,75.6573,31155253,75.6573,GOOGL,5
6322,2020-02-13,75.2273,76.0219,74.9284,75.3962,22996222,75.3962,GOOGL,5
6323,2020-02-14,75.453,75.728,75.0056,75.6622,23281231,75.6622,GOOGL,5
6324,2020-02-18,75.4435,76.2516,75.2776,75.6975,25773313,75.6975,GOOGL,5
6325,2020-02-19,76.0842,76.2606,75.7743,75.9681,22829219,75.9681,GOOGL,5
6326,2020-02-20,75.6762,76.0777,74.9413,75.5755,26061855,75.5755,GOOGL,5
6327,2020-02-21,74.9573,75.2746,73.6575,73.9051,42691060,73.9051,GOOGL,5
6328,2020-02-24,70.8954,71.5596,70.0855,70.7365,49740442,70.7365,GOOGL,5
6329,2020-02-25,71.2916,71.583,68.7717,69.0655,51766300,69.0655,GOOGL,5
6330,2020-02-26,69.4163,70.4282,68.5789,69.2724,49984102,69.2724,GOOGL,5
6331,2020-02-27,67.7115,68.2227,65.4747,65.51,62515325,65.51,GOOGL,5
6332,2020-02-28,63.3658,66.8802,63.1815,66.7206,80508798,66.7206,GOOGL,5
6333,2020-03-02,67.3254,69.123,66.0206,69.0655,55630196,69.0655,GOOGL,5
6334,2020-03-03,69.6316,70.1552,66.2219,66.6444,56807428,66.6444,GOOGL,5
6335,2020-03-04,67.7026,68.8892,66.6086,68.8305,47769664,68.8305,GOOGL,5
6336,2020-03-05,67.0345,67.437,64.847,65.5005,54576771,65.5005,GOOGL,5
6337,2020-03-06,63.3453,64.9022,62.6334,64.5529,64880649,64.5529,GOOGL,5
6338,2020-03-09,60.0304,62.4103,59.6856,60.5699,69502603,60.5699,GOOGL,5
6339,2020-03-10,62.493,63.5622,60.5062,63.5282,55070234,63.5282,GOOGL,5
6340,2020-03-11,62.188,62.6195,59.3419,60.3264,55032658,60.3264,GOOGL,5
6341,2020-03-12,55.9283,59.2228,55.2233,55.3767,94667800,55.3767,GOOGL,5
6342,2020-03-13,58.5372,60.5007,55.4136,60.4942,79687291,60.4942,GOOGL,5
6343,2020-03-16,54.2837,57.0666,53.1613,53.4562,96869513,53.4562,GOOGL,5
6344,2020-03-17,54.335,56.0967,52.2656,55.7011,83495305,55.7011,GOOGL,5
6345,2020-03-18,52.8055,55.05,51.6628,54.3625,93382056,54.3625,GOOGL,5
6346,2020-03-19,54.2145,57.4223,52.5868,55.3827,74333452,55.3827,GOOGL,5
6347,2020-03-20,56.3408,56.7183,52.9132,53.2176,83178380,53.2176,GOOGL,5
6348,2020-03-23,52.6277,53.1528,50.2613,52.5161,83975901,52.5161,GOOGL,5
6349,2020-03-24,54.9996,56.4618,54.1253,56.2964,72731406,56.2964,GOOGL,5
6350,2020-03-25,56.0259,57.1015,53.9549,54.8821,90650670,54.8821,GOOGL,5
6351,2020-03-26,55.5347,58.3625,54.4042,57.9359,76966443,57.9359,GOOGL,5
6352,2020-03-27,56.1699,57.3446,55.0007,55.3125,63020851,55.3125,GOOGL,5
6353,2020-03-30,56.4274,57.3421,54.7261,57.1084,58949465,57.1084,GOOGL,5
6354,2020-03-31,57.2291,58.458,56.6307,57.8877,65516064,57.8877,GOOGL,5
6355,2020-04-01,55.997,56.2671,54.477,54.906,52158777,54.906,GOOGL,5
6356,2020-04-02,54.8013,55.9357,54.4591,55.6498,56615174,55.6498,GOOGL,5
6357,2020-04-03,55.5342,55.7375,53.5598,54.4377,51560115,54.4377,GOOGL,5
6358,2020-04-06,56.4454,59.3226,56.0468,58.9458,63549360,58.9458,GOOGL,5
6359,2020-04-07,60.6307,60.8183,58.6499,58.9144,61842475,58.9144,GOOGL,5
6360,2020-04-08,59.9377,60.5256,58.9838,60.132,40480475,60.132,GOOGL,5
6361,2020-04-09,60.689,60.8788,59.4055,60.1105,54224318,60.1105,GOOGL,5
6362,2020-04-13,59.858,60.5067,58.903,60.3019,38842860,60.3019,GOOGL,5
6363,2020-04-14,61.7747,63.5572,61.2053,63.0331,63586916,63.0331,GOOGL,5
6364,2020-04-15,62.1004,63.5252,61.4771,62.6379,42389952,62.6379,GOOGL,5
6365,2020-04-16,63.1282,63.4379,61.6864,62.6444,58105015,62.6444,GOOGL,5
6366,2020-04-17,63.8535,64.267,63.0713,63.7191,51241564,63.7191,GOOGL,5
6367,2020-04-20,63.2652,63.6104,62.5951,62.8297,35420097,62.8297,GOOGL,5
6368,2020-04-21,61.9111,62.2743,60.0323,60.3891,49828059,60.3891,GOOGL,5
6369,2020-04-22,61.8314,63.7628,61.6366,62.6932,46483739,62.6932,GOOGL,5
6370,2020-04-23,63.0583,64.1749,62.7988,63.3289,34326427,63.3289,GOOGL,5
6371,2020-04-24,62.5233,63.6547,61.9754,63.5994,37575804,63.5994,GOOGL,5
6372,2020-04-27,64.3666,64.4713,63.0246,63.3135,44346841,63.3135,GOOGL,5
6373,2020-04-28,63.9282,64.006,61.2968,61.4068,80992686,61.4068,GOOGL,5
6374,2020-04-29,67.0071,67.7618,66.0969,66.8667,108750567,66.8667,GOOGL,5
6375,2020-04-30,66.3276,67.2562,65.8363,67.0918,56044914,67.0918,GOOGL,5
6376,2020-05-01,65.9654,67.3274,65.2464,65.6281,49048242,65.6281,GOOGL,5
6377,2020-05-04,65.1702,65.9843,64.5664,65.9061,30918618,65.9061,GOOGL,5
6378,2020-05-05,66.6334,68.3029,66.5104,67.2074,39810154,67.2074,GOOGL,5
6379,2020-05-06,67.6548,68.1873,67.0136,67.0286,31847613,67.0286,GOOGL,5
6380,2020-05-07,67.8197,68.5514,67.3828,68.2167,30827729,68.2167,GOOGL,5
6381,2020-05-08,68.8414,69.5798,68.3528,68.9671,33450563,68.9671,GOOGL,5
6382,2020-05-11,68.5909,70.5209,68.5267,69.926,32835722,69.926,GOOGL,5
6383,2020-05-12,70.1567,70.461,68.4772,68.5107,34040434,68.5107,GOOGL,5
6384,2020-05-13,68.5594,69.0163,66.1607,67.173,40514418,67.173,GOOGL,5
6385,2020-05-14,66.4352,67.6234,65.9259,67.5979,36793237,67.5979,GOOGL,5
6386,2020-05-15,67.1695,68.4807,66.7081,68.405,41694581,68.405,GOOGL,5
6387,2020-05-18,67.8332,69.3865,67.4655,69.0088,47299827,69.0088,GOOGL,5
6388,2020-05-19,69.0238,69.373,68.44,68.4717,31699498,68.4717,GOOGL,5
6389,2020-05-20,69.2072,70.3463,69.1205,70.2034,38401366,70.2034,GOOGL,5
6390,2020-05-21,70.2946,70.5672,69.4677,70.0835,31011533,70.0835,GOOGL,5
6391,2020-05-22,69.9414,70.5941,69.5454,70.4068,28647595,70.4068,GOOGL,5
6392,2020-05-26,71.8376,71.9946,70.7135,70.8117,44751402,70.8117,GOOGL,5
6393,2020-05-27,70.7435,71.0098,69.4782,70.7575,31798556,70.7575,GOOGL,5
6394,2020-05-28,69.7472,71.9621,69.7011,70.6558,35323328,70.6558,GOOGL,5
6395,2020-05-29,70.765,71.577,70.5433,71.4171,37184751,71.4171,GOOGL,5
6396,2020-06-01,71.0275,71.8187,70.8572,71.4844,25276378,71.4844,GOOGL,5
6397,2020-06-02,71.4908,71.8894,70.8237,71.8549,23526357,71.8549,GOOGL,5
6398,2020-06-03,71.8744,72.1888,71.3224,71.7025,27833334,71.7025,GOOGL,5
6399,2020-06-04,71.5795,71.8057,70.0465,70.4595,27079912,70.4595,GOOGL,5
6400,2020-06-05,70.5264,72.0538,70.1268,71.741,42801599,71.741,GOOGL,5
6401,2020-06-08,71.0564,72.1883,70.9667,72.1405,34000429,72.1405,GOOGL,5
6402,2020-06-09,72.001,73.125,71.8574,72.3418,33744987,72.3418,GOOGL,5
6403,2020-06-10,72.8116,73.3725,72.4551,72.9705,31877461,72.9705,GOOGL,5
6404,2020-06-11,71.7912,72.318,69.6679,69.8418,47315764,69.8418,GOOGL,5
6405,2020-06-12,71.0355,71.4662,69.0398,70.3908,36808071,70.3908,GOOGL,5
6406,2020-06-15,69.2236,70.9926,69.1093,70.7805,30663797,70.7805,GOOGL,5
6407,2020-06-16,72.1883,72.5954,71.1914,72.0623,30807797,72.0623,GOOGL,5
6408,2020-06-17,72.3845,72.8459,71.497,72.3647,30720964,72.3647,GOOGL,5
6409,2020-06-18,72.2306,72.386,71.0541,71.447,34987796,71.447,GOOGL,5
6410,2020-06-19,71.74,71.9641,70.6938,70.9747,52974684,70.9747,GOOGL,5
6411,2020-06-22,70.9931,72.2855,70.7033,72.271,29548168,72.271,GOOGL,5
6412,2020-06-23,72.3378,73.4936,71.9891,72.9346,37888513,72.9346,GOOGL,5
6413,2020-06-24,72.8998,73.5229,71.2418,71.3763,31706102,71.3763,GOOGL,5
6414,2020-06-25,71.3026,71.8554,70.7205,71.7947,24044990,71.7947,GOOGL,5
6415,2020-06-26,71.3728,71.5915,67.5052,67.8809,97994235,67.8809,GOOGL,5
6416,2020-06-29,67.7713,69.6476,67.3383,69.6061,45236956,69.6061,GOOGL,5
6417,2020-06-30,69.5916,70.9429,69.096,70.6463,40432442,70.6463,GOOGL,5
6418,2020-07-01,70.7023,72.1624,70.4536,71.8396,42335395,71.8396,GOOGL,5
6419,2020-07-02,72.3298,74.1572,72.2911,73.231,57425722,73.231,GOOGL,5
6420,2020-07-06,74.1387,75.2273,73.582,74.7116,44874687,74.7116,GOOGL,5
6421,2020-07-07,74.5363,75.7912,74.2159,74.2269,42517453,74.2269,GOOGL,5
6422,2020-07-08,74.769,75.2856,74.3455,74.9084,31880994,74.9084,GOOGL,5
6423,2020-07-09,75.2239,76.1809,74.5094,75.6588,41988322,75.6588,GOOGL,5
6424,2020-07-10,75.3892,76.7887,74.765,76.6725,36051478,76.6725,GOOGL,5
6425,2020-07-13,77.2171,78.5333,75.0559,75.3384,43110274,75.3384,GOOGL,5
6426,2020-07-14,74.3699,75.865,74.0279,75.7683,38246145,75.7683,GOOGL,5
6427,2020-07-15,75.8864,76.539,74.621,75.5701,31138974,75.5701,GOOGL,5
6428,2020-07-16,74.8038,75.5217,74.1447,75.4724,26580549,75.4724,GOOGL,5
6429,2020-07-17,75.5716,75.8964,74.6344,75.5686,34388832,75.5686,GOOGL,5
6430,2020-07-20,75.4764,78.1672,74.8634,77.9096,30274893,77.9096,GOOGL,5
6431,2020-07-21,78.9652,79.0659,77.3506,77.515,27654247,77.515,GOOGL,5
6432,2020-07-22,77.5045,78.066,76.8828,77.9599,24570749,77.9599,GOOGL,5
6433,2020-07-23,78.0137,78.2339,75.1571,75.5636,34032887,75.5636,GOOGL,5
6434,2020-07-24,74.6888,75.4977,74.1108,75.1381,30016038,75.1381,GOOGL,5
6435,2020-07-27,75.3897,76.6003,75.3434,76.1953,27222026,76.1953,GOOGL,5
6436,2020-07-28,75.9746,76.0249,74.755,74.9109,31022734,74.9109,GOOGL,5
6437,2020-07-29,74.9782,76.3896,74.879,75.9004,22757660,75.9004,GOOGL,5
6438,2020-07-30,74.628,76.7662,74.4884,76.6407,36173077,76.6407,GOOGL,5
6439,2020-07-31,74.5821,74.9792,72.4375,74.1287,91859436,74.1287,GOOGL,5
6440,2020-08-03,74.2807,74.6161,73.3202,73.8702,45686720,73.8702,GOOGL,5
6441,2020-08-04,74.067,74.3858,72.9371,73.399,37347077,73.399,GOOGL,5
6442,2020-08-05,73.5743,74.2309,73.2951,73.6873,29256033,73.6873,GOOGL,5
6443,2020-08-06,73.5409,75.0415,73.3292,74.9757,33425954,74.9757,GOOGL,5
6444,2020-08-07,75.1794,75.73,74.045,74.6478,27826389,74.6478,GOOGL,5
6445,2020-08-10,74.2707,75.0853,73.6076,74.5706,20621063,74.5706,GOOGL,5
6446,2020-08-11,74.4302,75.2492,73.6426,73.7596,31209789,73.7596,GOOGL,5
6447,2020-08-12,74.0877,75.3106,73.9818,75.0897,22612877,75.0897,GOOGL,5
6448,2020-08-13,75.1381,76.5711,75.1381,75.5586,22475401,75.5586,GOOGL,5
6449,2020-08-14,75.4071,75.7147,74.6793,74.9598,22020718,74.9598,GOOGL,5
6450,2020-08-17,75.5247,75.9138,74.9782,75.5381,20071177,75.5381,GOOGL,5
6451,2020-08-18,76.0304,77.5872,75.8084,77.508,28479869,77.508,GOOGL,5
6452,2020-08-19,77.3441,78.1597,76.7219,76.9516,30582303,76.9516,GOOGL,5
6453,2020-08-20,76.7204,78.7231,76.4458,78.5278,26478259,78.5278,GOOGL,5
6454,2020-08-21,78.3062,79.3065,77.8333,78.4939,34971818,78.4939,GOOGL,5
6455,2020-08-24,79.3359,80.1484,78.4676,78.9712,25730799,78.9712,GOOGL,5
6456,2020-08-25,78.7196,80.1534,78.6091,80.0025,25240428,80.0025,GOOGL,5
6457,2020-08-26,80.0249,82.341,79.7596,81.9096,52376444,81.9096,GOOGL,5
6458,2020-08-27,82.0331,82.1018,80.6484,81.1319,31463707,81.1319,GOOGL,5
6459,2020-08-28,81.1793,81.7711,80.9866,81.6754,22505188,81.6754,GOOGL,5
6460,2020-08-31,81.8817,81.928,80.9729,81.1823,26517722,81.1823,GOOGL,5
6461,2020-09-01,81.3132,82.6614,81.1823,82.4551,22757520,82.4551,GOOGL,5
6462,2020-09-02,83.0993,85.9934,82.7096,85.5593,49700960,85.5593,GOOGL,5
6463,2020-09-03,84.6691,84.693,80.0951,81.1813,63956752,81.1813,GOOGL,5
6464,2020-09-04,80.1594,81.4542,76.6207,78.7749,56053124,78.7749,GOOGL,5
6465,2020-09-08,75.9746,77.4965,75.5511,75.9049,54227590,75.9049,GOOGL,5
6466,2020-09-09,77.1653,77.6545,75.9831,77.0821,39383814,77.0821,GOOGL,5
6467,2020-09-10,77.229,78.3987,75.7255,76.0269,33143594,76.0269,GOOGL,5
6468,2020-09-11,76.1315,76.6568,74.3814,75.5143,30818055,75.5143,GOOGL,5
6469,2020-09-14,76.3057,77.5689,74.9837,75.169,42814787,75.169,GOOGL,5
6470,2020-09-15,76.1186,77.2693,75.8302,76.4788,23124626,76.4788,GOOGL,5
6471,2020-09-16,76.8454,77.4378,75.3066,75.3314,22223651,75.3314,GOOGL,5
6472,2020-09-17,74.0222,74.6623,72.8589,74.0835,40152149,74.0835,GOOGL,5
6473,2020-09-18,74.1462,74.4899,71.3224,72.2924,63284343,72.2924,GOOGL,5
6474,2020-09-21,71.3224,71.743,69.8807,71.2486,57114397,71.2486,GOOGL,5
6475,2020-09-22,72.2541,72.9341,71.2167,72.7273,34073915,72.7273,GOOGL,5
6476,2020-09-23,72.3423,72.3915,69.8807,70.2149,37862740,70.2149,GOOGL,5
6477,2020-09-24,69.8807,71.6398,69.8542,70.886,34677475,70.886,GOOGL,5
6478,2020-09-25,70.9951,72.0358,70.1297,71.6931,30443502,71.6931,GOOGL,5
6479,2020-09-28,73.3337,73.3835,72.0528,72.6696,30896317,72.6696,GOOGL,5
6480,2020-09-29,72.9311,73.3342,72.4375,73.0363,31937598,73.0363,GOOGL,5
6481,2020-09-30,72.783,74.0414,72.525,73.0153,41071751,73.0153,GOOGL,5
6482,2020-10-01,73.9151,74.4834,73.5734,74.1262,33003629,74.1262,GOOGL,5
6483,2020-10-02,72.7179,73.6844,72.1061,72.5172,31335825,72.5172,GOOGL,5
6484,2020-10-05,72.8684,73.9668,72.7408,73.8737,21679466,73.8737,GOOGL,5
6485,2020-10-06,73.5085,73.9578,71.9896,72.289,26189637,72.289,GOOGL,5
6486,2020-10-07,72.702,73.1832,71.4026,72.6935,36239858,72.6935,GOOGL,5
6487,2020-10-08,73.0078,74.1326,73.0078,73.9036,26170568,73.9036,GOOGL,5
6488,2020-10-09,74.3734,75.3194,74.0815,75.2497,33086307,75.2497,GOOGL,5
6489,2020-10-12,76.6222,79.1342,76.1888,77.9469,55543904,77.9469,GOOGL,5
6490,2020-10-13,78.5657,78.9717,77.65,78.0705,39213820,78.0705,GOOGL,5
6491,2020-10-14,78.3814,78.9065,77.0155,77.8896,33304857,77.8896,GOOGL,5
6492,2020-10-15,76.9461,78.286,76.7782,77.4926,31342910,77.4926,GOOGL,5
6493,2020-10-16,77.8094,78.6006,77.6017,78.1018,34330502,78.1018,GOOGL,5
6494,2020-10-19,78.5119,78.9102,75.8709,76.2211,29840825,76.2211,GOOGL,5
6495,2020-10-20,75.8804,78.4077,75.7504,77.2738,41869533,77.2738,GOOGL,5
6496,2020-10-21,78.209,80.4653,78.0738,79.013,60539729,79.013,GOOGL,5
6497,2020-10-22,78.9637,80.3796,78.5891,80.0429,30626081,80.0429,GOOGL,5
6498,2020-10-23,80.4608,81.4108,80.3044,81.3541,30658779,81.3541,GOOGL,5
6499,2020-10-26,80.4583,81.1847,78.1058,78.9283,35956214,78.9283,GOOGL,5
6500,2020-10-27,79.1596,79.8107,78.5647,79.6553,25996660,79.6553,GOOGL,5
6501,2020-10-28,77.2206,77.4099,75.1516,75.2671,45337258,75.2671,GOOGL,5
6502,2020-10-29,75.577,79.1498,75.5536,77.5629,55607715,77.5629,GOOGL,5
6503,2020-10-30,83.0708,83.7621,79.7893,80.5136,100286174,80.5136,GOOGL,5
6504,2020-11-02,80.8837,82.6126,80.4205,80.9227,44389314,80.9227,GOOGL,5
6505,2020-11-03,81.2435,82.6504,80.3143,81.9858,31546767,81.9858,GOOGL,5
6506,2020-11-04,84.9709,88.1818,84.8425,86.9772,71601605,86.9772,GOOGL,5
6507,2020-11-05,88.2027,89.2673,86.7371,87.8068,39902267,87.8068,GOOGL,5
6508,2020-11-06,87.2507,88.1053,86.5204,87.6686,28725436,87.6686,GOOGL,5
6509,2020-11-09,89.4747,90.5165,87.5599,87.7528,53634207,87.7528,GOOGL,5
6510,2020-11-10,86.1761,87.6513,85.496,86.5722,43177116,86.5722,GOOGL,5
6511,2020-11-11,87.1043,87.8266,86.8382,87.0459,31953536,87.0459,GOOGL,5
6512,2020-11-12,86.7853,87.9302,86.5847,86.8263,26583278,86.8263,GOOGL,5
6513,2020-11-13,87.0843,88.5355,86.4855,88.2929,29865414,88.2929,GOOGL,5
6514,2020-11-16,87.8884,89.3928,87.7483,88.3811,25560183,88.3811,GOOGL,5
6515,2020-11-17,88.0738,88.536,87.6566,87.7648,21397969,87.7648,GOOGL,5
6516,2020-11-18,87.5147,87.9312,86.6142,86.7176,20180431,86.7176,GOOGL,5
6517,2020-11-19,86.3485,87.856,86.1885,87.6109,20179689,87.6109,GOOGL,5
6518,2020-11-20,87.7818,88.0987,86.4367,86.5055,27806878,86.5055,GOOGL,5
6519,2020-11-23,86.6967,86.9841,85.2002,86.0661,22634114,86.0661,GOOGL,5
6520,2020-11-24,86.0631,88.0046,85.7258,87.8765,28107645,87.8765,GOOGL,5
6521,2020-11-25,88.0713,88.1992,87.1023,87.8879,19670188,87.8879,GOOGL,5
6522,2020-11-27,87.9084,89.526,87.9084,89.0283,14843755,89.0283,GOOGL,5
6523,2020-11-30,88.4618,88.6953,87.0763,87.4031,32535257,87.4031,GOOGL,5
6524,2020-12-01,88.0137,90.757,87.833,89.4438,37498123,89.4438,GOOGL,5
6525,2020-12-02,89.4438,91.306,88.9361,90.9189,29531367,90.9189,GOOGL,5
6526,2020-12-03,90.6982,91.8585,90.5219,90.763,24816959,90.763,GOOGL,5
6527,2020-12-04,90.6823,91.1445,90.352,90.8587,20619317,90.8587,GOOGL,5
6528,2020-12-07,90.4495,91.1341,89.8265,90.5233,22358298,90.5233,GOOGL,5
6529,2020-12-08,90.0993,90.4705,89.2404,90.2394,19998574,90.2394,GOOGL,5
6530,2020-12-09,90.191,91.0883,87.7818,88.5719,31826517,88.5719,GOOGL,5
6531,2020-12-10,87.8117,88.429,86.3633,88.0633,28792217,88.0633,GOOGL,5
6532,2020-12-11,87.6821,88.5445,87.3204,88.4195,18696150,88.4195,GOOGL,5
6533,2020-12-14,88.2162,89.1667,87.1405,87.2966,33169227,87.2966,GOOGL,5
6534,2020-12-15,87.6751,87.8815,86.769,87.7359,21443293,87.7359,GOOGL,5
6535,2020-12-16,88.136,88.136,87.137,87.5422,24766175,87.5422,GOOGL,5
6536,2020-12-17,87.878,88.0164,86.2449,86.7111,35006543,86.7111,GOOGL,5
6537,2020-12-18,86.9931,87.1023,85.4403,85.9993,85565804,85.9993,GOOGL,5
6538,2020-12-21,85.1478,86.5362,84.3941,86.4148,34097299,86.4148,GOOGL,5
6539,2020-12-22,86.1542,86.3177,84.9809,85.7003,20450447,85.7003,GOOGL,5
6540,2020-12-23,85.8852,86.8905,85.7491,86.0993,23056961,86.0993,GOOGL,5
6541,2020-12-24,86.1378,86.8058,85.9061,86.3948,9346519,86.3948,GOOGL,5
6542,2020-12-28,86.9304,89.0273,86.7764,88.3776,27750976,88.3776,GOOGL,5
6543,2020-12-29,89.0388,89.1005,87.4385,87.5705,19797247,87.5705,GOOGL,5
6544,2020-12-30,87.9312,88.0688,86.0879,86.499,21102381,86.499,GOOGL,5
6545,2020-12-31,86.5497,87.5577,86.491,87.3154,21145959,87.3154,GOOGL,5
6546,2021-01-04,87.6821,87.8063,85.0486,85.9948,37459202,85.9948,GOOGL,5
6547,2021-01-05,85.9429,87.0261,85.535,86.6882,20433044,86.6882,GOOGL,5
6548,2021-01-06,84.7057,86.8832,84.4988,85.8328,46756906,85.8328,GOOGL,5
6549,2021-01-07,86.0261,88.5699,86.0261,88.3966,42088604,88.3966,GOOGL,5
6550,2021-01-08,88.537,89.6429,87.7428,89.5668,35613154,89.5668,GOOGL,5
6551,2021-01-11,88.53,88.8967,87.2906,87.4973,34938558,87.4973,GOOGL,5
6552,2021-01-12,86.9528,88.0758,85.5088,86.5577,29641364,86.5577,GOOGL,5
6553,2021-01-13,86.0541,87.5023,86.0541,87.0469,23516742,87.0469,GOOGL,5
6554,2021-01-14,87.1277,88.0583,85.9918,86.2334,29318237,86.2334,GOOGL,5
6555,2021-01-15,86.1388,87.0653,85.2764,86.0691,31558268,86.0691,GOOGL,5
6556,2021-01-19,86.8352,89.8662,86.3286,88.9012,41810038,88.9012,GOOGL,5
6557,2021-01-20,90.9886,94.6431,90.6469,93.664,64383955,93.664,GOOGL,5
6558,2021-01-21,94.3406,96.2551,93.6311,93.8672,58872106,93.8672,GOOGL,5
6559,2021-01-22,94.2314,94.8756,93.4859,94.2861,32862599,94.2861,GOOGL,5
6560,2021-01-25,95.2916,95.7439,92.6222,94.3718,50770302,94.3718,GOOGL,5
6561,2021-01-26,93.9589,95.4415,93.4677,95.0529,31575611,95.0529,GOOGL,5
6562,2021-01-27,93.4068,93.6838,89.5394,90.6184,82811736,90.6184,GOOGL,5
6563,2021-01-28,91.2193,94.0585,91.2193,92.3253,55478488,92.3253,GOOGL,5
6564,2021-01-29,91.3698,92.0431,89.7526,91.0381,44691606,91.0381,GOOGL,5
6565,2021-02-01,91.8962,95.431,91.8962,94.3116,40397977,94.3116,GOOGL,5
6566,2021-02-02,95.311,97.1165,94.9742,95.6094,66572861,95.6094,GOOGL,5
6567,2021-02-03,102.907,104.951,100.315,102.572,98236470,102.572,GOOGL,5
6568,2021-02-04,102.659,103.091,101.387,102.311,48771763,102.311,GOOGL,5
6569,2021-02-05,102.606,104.418,102.129,104.064,29973384,104.064,GOOGL,5
6570,2021-02-08,104.621,105.368,102.794,103.85,28933367,103.85,GOOGL,5
6571,2021-02-09,103.366,104.547,103.126,103.396,21971019,103.396,GOOGL,5
6572,2021-02-10,103.781,104.565,102.241,103.947,25192595,103.947,GOOGL,5
6573,2021-02-11,104.173,104.321,103.069,104.061,20554824,104.061,GOOGL,5
6574,2021-02-12,103.612,104.596,103.305,104.373,19059342,104.373,GOOGL,5
6575,2021-02-16,104.211,106.87,104.211,105.153,31116292,105.153,GOOGL,5
6576,2021-02-17,104.32,105.739,104.04,105.549,20377142,105.549,GOOGL,5
6577,2021-02-18,104.87,105.716,104.287,104.91,22652802,104.91,GOOGL,5
6578,2021-02-19,105.009,105.547,103.796,104.063,38076311,104.063,GOOGL,5
6579,2021-02-22,102.309,103.64,102.03,102.342,29573158,102.342,GOOGL,5
6580,2021-02-23,100.337,103.251,99.1521,102.634,34783618,102.634,GOOGL,5
6581,2021-02-24,101.136,104.039,101.01,103.814,22690698,103.814,GOOGL,5
6582,2021-02-25,102.425,103.774,99.9614,100.434,41698796,100.434,GOOGL,5
6583,2021-02-26,101.132,102.455,99.6887,100.731,40186433,100.731,GOOGL,5
6584,2021-03-01,102.03,103.437,101.353,103.109,26156256,103.109,GOOGL,5
6585,2021-03-02,102.869,104.358,102.463,102.851,25656350,102.851,GOOGL,5
6586,2021-03-03,102.227,103.425,99.3398,100.208,34015765,100.208,GOOGL,5
6587,2021-03-04,100.38,103.356,99.9095,101.328,49394131,101.328,GOOGL,5
6588,2021-03-05,102.686,104.93,101.023,104.475,53292031,104.475,GOOGL,5
6589,2021-03-08,103.827,105.305,99.8975,100.012,37001068,100.012,GOOGL,5
6590,2021-03-09,102.118,102.823,101.412,101.65,34043585,101.65,GOOGL,5
6591,2021-03-10,102.698,102.698,100.601,101.442,27198320,101.442,GOOGL,5
6592,2021-03-11,102.539,105.182,102.451,104.648,27803024,104.648,GOOGL,5
6593,2021-03-12,103.445,103.505,101.254,102.129,33940573,102.129,GOOGL,5
6594,2021-03-15,101.88,102.378,101.024,102.351,26309851,102.351,GOOGL,5
6595,2021-03-16,102.927,105.302,102.592,103.818,32015941,103.818,GOOGL,5
6596,2021-03-17,103.049,104.571,101.837,103.735,26478159,103.735,GOOGL,5
6597,2021-03-18,102.039,103.063,100.594,100.702,31827922,100.702,GOOGL,5
6598,2021-03-19,101.12,101.484,99.784,100.982,46238935,100.982,GOOGL,5
6599,2021-03-22,101.016,102.047,100.337,101.169,33656989,101.169,GOOGL,5
6600,2021-03-23,101.63,102.833,101.034,101.697,28612468,101.697,GOOGL,5
6601,2021-03-24,102.217,103.006,101.084,101.258,25308474,101.258,GOOGL,5
6602,2021-03-25,101.086,101.913,99.444,101.255,35744850,101.255,GOOGL,5
6603,2021-03-26,101.224,101.601,99.83,100.87,28078921,100.87,GOOGL,5
6604,2021-03-29,100.743,102.09,99.9105,101.921,26588658,101.921,GOOGL,5
6605,2021-03-30,102.278,102.761,101.44,101.955,27416147,101.955,GOOGL,5
6606,2021-03-31,102.349,103.936,101.981,102.753,42723959,102.753,GOOGL,5
6607,2021-04-01,104.235,106.403,104.194,106.104,40024669,106.104,GOOGL,5
6608,2021-04-05,106.97,111.046,106.873,110.547,48685452,110.547,GOOGL,5
6609,2021-04-06,110.147,110.998,109.692,110.064,35368531,110.064,GOOGL,5
6610,2021-04-07,110.256,111.819,110.256,111.548,24221407,111.548,GOOGL,5
6611,2021-04-08,112.791,113.179,111.746,112.115,28768190,112.115,GOOGL,5
6612,2021-04-09,111.866,113.287,111.459,113.124,26240079,113.124,GOOGL,5
6613,2021-04-12,112.299,112.437,110.989,111.825,25114373,111.825,GOOGL,5
6614,2021-04-13,112.143,112.764,111.747,112.314,25774658,112.314,GOOGL,5
6615,2021-04-14,112.963,112.963,111.397,111.69,21078997,111.69,GOOGL,5
6616,2021-04-15,112.689,114.385,112.152,113.85,29280742,113.85,GOOGL,5
6617,2021-04-16,114.048,114.297,113.136,113.726,26378057,113.726,GOOGL,5
6618,2021-04-19,113.099,114.789,113.099,114.074,30399202,114.074,GOOGL,5
6619,2021-04-20,114.459,114.535,112.449,113.538,22369117,113.538,GOOGL,5
6620,2021-04-21,113.192,113.588,111.835,113.505,23288297,113.505,GOOGL,5
6621,2021-04-22,113.359,114.031,111.612,112.219,24233049,112.219,GOOGL,5
6622,2021-04-23,112.941,114.889,112.653,114.581,29216610,114.581,GOOGL,5
6623,2021-04-26,114.809,115.807,114.451,115.079,32153980,115.079,GOOGL,5
6624,2021-04-27,115.464,115.504,113.895,114.135,44546502,114.135,GOOGL,5
6625,2021-04-28,119.193,121.13,117.236,117.526,81400820,117.526,GOOGL,5
6626,2021-04-29,119.031,119.774,118.263,119.206,41382554,119.206,GOOGL,5
6627,2021-04-30,117.973,118.661,116.904,117.25,45019370,117.25,GOOGL,5
6628,2021-05-03,117.818,118.647,116.353,116.731,28345162,116.731,GOOGL,5
6629,2021-05-04,115.26,115.829,112.427,114.925,44981112,114.925,GOOGL,5
6630,2021-05-05,116.012,116.328,114.997,115.32,26732738,115.32,GOOGL,5
6631,2021-05-06,114.899,116.445,114.238,116.445,25281777,116.445,GOOGL,5
6632,2021-05-07,117.768,118.134,116.885,117.171,29001995,117.171,GOOGL,5
6633,2021-05-10,115.987,116.129,113.815,114.174,31026648,114.174,GOOGL,5
6634,2021-05-11,111.749,113.602,111.292,113.093,34309767,113.093,GOOGL,5
6635,2021-05-12,110.908,111.993,109.285,109.614,46543595,109.614,GOOGL,5
6636,2021-05-13,110.904,111.568,109.938,111.049,33340827,111.049,GOOGL,5
6637,2021-05-14,112.52,113.824,112.094,113.507,32112570,113.507,GOOGL,5
6638,2021-05-17,112.77,114.075,112.369,114.033,21675672,114.033,GOOGL,5
6639,2021-05-18,114.702,114.967,112.701,112.715,22284190,112.715,GOOGL,5
6640,2021-05-19,111.02,113.338,110.87,113.165,23769957,113.165,GOOGL,5
6641,2021-05-20,114.136,115.182,113.764,114.931,32468275,114.931,GOOGL,5
6642,2021-05-21,115.452,115.526,114.051,114.292,40779094,114.292,GOOGL,5
6643,2021-05-24,115.326,117.85,115.18,117.626,31947594,117.626,GOOGL,5
6644,2021-05-25,118.172,118.769,117.325,117.717,22520985,117.717,GOOGL,5
6645,2021-05-26,117.898,119.018,117.895,118.586,21650160,118.586,GOOGL,5
6646,2021-05-27,119.022,119.022,117.387,117.708,35351710,117.708,GOOGL,5
6647,2021-05-28,118.292,118.375,117.217,117.416,21568706,117.416,GOOGL,5
6648,2021-06-01,118.293,118.855,117.289,118.629,23442695,118.629,GOOGL,5
6649,2021-06-02,119.027,119.25,117.193,118.102,21239637,118.102,GOOGL,5
6650,2021-06-03,116.863,117.425,116.055,116.955,18763694,116.955,GOOGL,5
6651,2021-06-04,118.036,119.518,117.694,119.247,24546863,119.247,GOOGL,5
6652,2021-06-07,119.041,119.791,118.62,119.681,24206754,119.681,GOOGL,5
6653,2021-06-08,120.165,120.539,119.307,119.489,24327711,119.489,GOOGL,5
6654,2021-06-09,120.135,120.208,119.412,119.963,18006078,119.963,GOOGL,5
6655,2021-06-10,119.912,121.36,119.755,121.316,26001417,121.316,GOOGL,5
6656,2021-06-11,121.56,121.645,120.511,121.071,22037740,121.071,GOOGL,5
6657,2021-06-14,121.174,122.004,120.463,122.004,22177665,122.004,GOOGL,5
6658,2021-06-15,122.008,122.332,120.619,120.981,21640304,120.981,GOOGL,5
6659,2021-06-16,121.133,121.446,119.039,120.336,26567823,120.336,GOOGL,5
6660,2021-06-17,120.261,122.08,120.064,121.304,25942584,121.304,GOOGL,5
6661,2021-06-18,120.928,121.164,119.581,119.677,46282372,119.677,GOOGL,5
6662,2021-06-21,120.065,121.56,119.465,121.372,27513037,121.372,GOOGL,5
6663,2021-06-22,121.31,121.958,120.627,121.888,22471366,121.888,GOOGL,5
6664,2021-06-23,121.652,122.65,121.394,121.686,19223595,121.686,GOOGL,5
6665,2021-06-24,122.257,122.611,121.858,122.058,21442590,122.058,GOOGL,5
6666,2021-06-25,121.56,122.19,121.126,122.066,34721795,122.066,GOOGL,5
6667,2021-06-28,122.236,122.341,120.967,122.094,28628827,122.094,GOOGL,5
6668,2021-06-29,122.227,122.577,121.251,121.83,23192491,121.83,GOOGL,5
6669,2021-06-30,121.554,121.815,120.915,121.649,24562700,121.649,GOOGL,5
6670,2021-07-01,121.285,122.144,121.093,122.002,18178480,122.002,GOOGL,5
6671,2021-07-02,122.705,124.951,122.615,124.805,26096440,124.805,GOOGL,5
6672,2021-07-06,125.195,125.972,124.133,125.734,26499295,125.734,GOOGL,5
6673,2021-07-07,126.703,126.825,125.697,126.018,24146236,126.018,GOOGL,5
6674,2021-07-08,123.578,125.142,123.574,124.592,23875578,124.592,GOOGL,5
6675,2021-07-09,124.574,125.28,124.101,125.065,18699221,125.065,GOOGL,5
6676,2021-07-12,125.722,126.61,125.158,126.517,17731827,126.517,GOOGL,5
6677,2021-07-13,126.579,127.595,126.216,126.882,19316712,126.882,GOOGL,5
6678,2021-07-14,127.496,128.859,127.452,127.774,23831740,127.774,GOOGL,5
6679,2021-07-15,128.185,128.235,126.074,126.546,24306595,126.546,GOOGL,5
6680,2021-07-16,127.202,127.35,125.698,126.511,20498581,126.511,GOOGL,5
6681,2021-07-19,125.634,125.749,123.059,124.128,28068965,124.128,GOOGL,5
6682,2021-07-20,125.075,126.584,123.901,125.754,26411839,125.754,GOOGL,5
6683,2021-07-21,125.678,127.135,125.568,127.088,20821387,127.088,GOOGL,5
6684,2021-07-22,127.382,128.019,127.038,127.957,14353725,127.957,GOOGL,5
6685,2021-07-23,129.958,132.917,129.331,132.535,41656884,132.535,GOOGL,5
6686,2021-07-26,132.847,133.752,131.824,133.551,30682304,133.551,GOOGL,5
6687,2021-07-27,133.766,133.914,129.634,131.423,54907807,131.423,GOOGL,5
6688,2021-07-28,135.82,137.797,134.79,135.603,95475458,135.603,GOOGL,5
6689,2021-07-29,135.659,136.167,135.054,135.287,31830692,135.287,GOOGL,5
6690,2021-07-30,134.547,134.816,133.77,134.241,25668494,134.241,GOOGL,5
6691,2021-08-02,134.629,134.847,133.311,134.366,21712626,134.366,GOOGL,5
6692,2021-08-03,134.647,135.241,132.839,135.14,20837143,135.14,GOOGL,5
6693,2021-08-04,134.86,135.159,134.001,134.638,19747347,134.638,GOOGL,5
6694,2021-08-05,135.189,135.858,134.359,135.76,17933776,135.76,GOOGL,5
6695,2021-08-06,135.551,135.979,134.722,135.247,20562391,135.247,GOOGL,5
6696,2021-08-09,135.451,136.688,134.85,136.419,17830403,136.419,GOOGL,5
6697,2021-08-10,136.846,137.275,135.871,136.313,19484458,136.313,GOOGL,5
6698,2021-08-11,136.686,137.185,135.78,135.787,15407652,135.787,GOOGL,5
6699,2021-08-12,135.485,136.804,134.937,136.698,16578742,136.698,GOOGL,5
6700,2021-08-13,136.754,137.359,136.539,137.231,16005251,137.231,GOOGL,5
6701,2021-08-16,137.028,137.862,134.81,137.81,22479556,137.81,GOOGL,5
6702,2021-08-17,137.253,137.766,135.591,136.168,21793919,136.168,GOOGL,5
6703,2021-08-18,136.007,136.609,134.833,134.96,19328755,134.96,GOOGL,5
6704,2021-08-19,133.95,135.861,133.765,135.189,21861503,135.189,GOOGL,5
6705,2021-08-20,135.509,137.057,134.762,136.933,31306238,136.933,GOOGL,5
6706,2021-08-23,137.47,140.366,137.111,139.535,28556546,139.535,GOOGL,5
6707,2021-08-24,140.104,141.567,139.831,140.752,19337065,140.752,GOOGL,5
6708,2021-08-25,141.114,141.676,140.866,141.566,15908943,141.566,GOOGL,5
6709,2021-08-26,141.237,141.903,140.847,140.929,20684030,140.929,GOOGL,5
6710,2021-08-27,141.14,143.99,140.986,143.484,28884531,143.484,GOOGL,5
6711,2021-08-30,143.878,145.443,143.642,144.068,24522776,144.068,GOOGL,5
6712,2021-08-31,144.623,144.647,143.76,144.175,22530139,144.175,GOOGL,5
6713,2021-09-01,144.476,145.725,144.361,144.692,22015620,144.692,GOOGL,5
6714,2021-09-02,144.692,144.993,142.667,142.769,32475441,142.769,GOOGL,5
6715,2021-09-03,142.564,143.634,141.887,143.221,19926334,143.221,GOOGL,5
6716,2021-09-07,143.315,144.043,143.1,143.76,20204880,143.76,GOOGL,5
6717,2021-09-08,143.579,143.878,142.484,143.172,18416741,143.172,GOOGL,5
6718,2021-09-09,143.321,143.789,142.661,143.022,15372626,143.022,GOOGL,5
6719,2021-09-10,143.691,144.195,140.23,140.368,36972886,140.368,GOOGL,5
6720,2021-09-13,141.437,142.434,140.74,141.818,22173932,141.818,GOOGL,5
6721,2021-09-14,142.479,142.845,141.237,142.029,19745179,142.029,GOOGL,5
6722,2021-09-15,142.256,143.928,140.838,143.908,27506935,143.908,GOOGL,5
6723,2021-09-16,143.43,143.779,141.888,143.091,26290381,143.091,GOOGL,5
6724,2021-09-17,142.515,142.932,139.963,140.292,53577984,140.292,GOOGL,5
6725,2021-09-20,137.663,138.498,135.83,138.218,46686672,138.218,GOOGL,5
6726,2021-09-21,139.244,139.506,137.778,138.531,25423730,138.531,GOOGL,5
6727,2021-09-22,138.801,140.378,138.052,139.777,25146388,139.777,GOOGL,5
6728,2021-09-23,140.478,141.184,139.895,140.706,21026949,140.706,GOOGL,5
6729,2021-09-24,140.031,141.816,139.734,141.702,23067218,141.702,GOOGL,5
6730,2021-09-27,140.296,141.425,139.562,140.562,21961284,140.562,GOOGL,5
6731,2021-09-28,138.154,138.594,134.871,135.339,45938128,135.339,GOOGL,5
6732,2021-09-29,136.486,136.655,133.382,133.869,30960529,133.869,GOOGL,5
6733,2021-09-30,133.777,135.053,133.073,133.193,38166658,133.193,GOOGL,5
6734,2021-10-01,133.962,136.416,133.589,136.049,35488364,136.049,GOOGL,5
6735,2021-10-04,135.469,135.469,130.577,133.177,51387552,133.177,GOOGL,5
6736,2021-10-05,133.557,136.728,133.557,135.532,32520725,135.532,GOOGL,5
6737,2021-10-06,134.264,137.253,134.064,137.068,24452602,137.068,GOOGL,5
6738,2021-10-07,138.39,139.536,138.15,138.722,25201166,138.722,GOOGL,5
6739,2021-10-08,139.073,139.824,138.715,139.281,26621998,139.281,GOOGL,5
6740,2021-10-11,138.789,140.204,138.357,138.412,18018703,138.412,GOOGL,5
6741,2021-10-12,138.976,139.003,135.269,135.956,36463948,135.956,GOOGL,5
6742,2021-10-13,136.905,137.501,136.025,137.085,19733597,137.085,GOOGL,5
6743,2021-10-14,138.97,140.827,138.323,140.641,32043682,140.641,GOOGL,5
6744,2021-10-15,141.103,141.206,140.247,140.858,30384187,140.858,GOOGL,5
6745,2021-10-18,140.566,142.28,140.559,142.262,20470098,142.262,GOOGL,5
6746,2021-10-19,142.87,143.143,142.085,142.719,20236092,142.719,GOOGL,5
6747,2021-10-20,142.82,143.027,140.867,141.256,23372481,141.256,GOOGL,5
6748,2021-10-21,141.256,141.643,139.993,141.373,26387572,141.373,GOOGL,5
6749,2021-10-22,138.647,140.075,135.565,137.069,50772350,137.069,GOOGL,5
6750,2021-10-25,137.053,137.501,134.935,136.95,34537007,136.95,GOOGL,5
6751,2021-10-26,138.761,139.577,137.805,138.805,49413501,138.805,GOOGL,5
6752,2021-10-27,138.901,148.113,138.901,145.689,86092366,145.689,GOOGL,5
6753,2021-10-28,146.602,146.626,144.105,145.322,36337631,145.322,GOOGL,5
6754,2021-10-29,144.554,147.707,144.128,147.511,43477340,147.511,GOOGL,5
6755,2021-11-01,147.511,147.511,142.708,142.978,47093341,142.978,GOOGL,5
6756,2021-11-02,144.058,146.08,143.815,144.906,33603616,144.906,GOOGL,5
6757,2021-11-03,145.374,146.14,144.069,146.069,27592905,146.069,GOOGL,5
6758,2021-11-04,146.592,149.193,145.779,147.732,38550504,147.732,GOOGL,5
6759,2021-11-05,148.632,149.785,147.662,148.314,38493779,148.314,GOOGL,5
6760,2021-11-08,149.284,150.071,147.895,148.493,23136067,148.493,GOOGL,5
6761,2021-11-09,148.694,149.293,146.713,148.38,19600537,148.38,GOOGL,5
6762,2021-11-10,146.968,147.535,144.016,145.367,30078443,145.367,GOOGL,5
6763,2021-11-11,145.961,147.004,145.074,145.24,16577357,145.24,GOOGL,5
6764,2021-11-12,146.087,148.312,144.886,148.141,22441057,148.141,GOOGL,5
6765,2021-11-15,148.363,149.01,147.042,147.915,23592255,147.915,GOOGL,5
6766,2021-11-16,147.615,148.224,146.78,147.341,18972528,147.341,GOOGL,5
6767,2021-11-17,147.493,148.023,146.708,147.512,19670550,147.512,GOOGL,5
6768,2021-11-18,147.707,150.036,147.349,149.297,35757375,149.297,GOOGL,5
6769,2021-11-19,149.433,150.421,148.361,148.388,33821543,148.388,GOOGL,5
6770,2021-11-22,148.792,149.289,145.619,145.773,30740233,145.773,GOOGL,5
6771,2021-11-23,145.625,146.131,143.594,145.256,27329875,145.256,GOOGL,5
6772,2021-11-24,144.948,145.72,143.851,145.592,18105537,145.592,GOOGL,5
6773,2021-11-26,143.827,144.036,141.329,141.67,30579694,141.67,GOOGL,5
6774,2021-11-29,143.48,145.768,143.375,145.005,32713200,145.005,GOOGL,5
6775,2021-11-30,144.484,145.473,141.091,141.384,42219717,141.384,GOOGL,5
6776,2021-12-01,143.48,145.423,140.402,140.542,34178693,140.542,GOOGL,5
6777,2021-12-02,140.74,143.345,139.707,142.45,29300674,142.45,GOOGL,5
6778,2021-12-03,143.162,143.878,139.794,141.489,41379623,141.489,GOOGL,5
6779,2021-12-06,142.524,143.334,139.643,142.639,30729093,142.639,GOOGL,5
6780,2021-12-07,145.07,146.999,144.704,146.738,32357174,146.738,GOOGL,5
6781,2021-12-08,147.063,147.858,145.877,147.651,24358302,147.651,GOOGL,5
6782,2021-12-09,147.058,148.562,146.583,147.105,23354075,147.105,GOOGL,5
6783,2021-12-10,148.163,148.44,146.174,147.467,24551439,147.467,GOOGL,5
6784,2021-12-13,147.248,147.435,144.991,145.299,27167529,145.299,GOOGL,5
6785,2021-12-14,143.448,143.958,140.705,143.388,38585611,143.388,GOOGL,5
6786,2021-12-15,142.891,146.191,141.166,145.912,36502306,145.912,GOOGL,5
6787,2021-12-16,146.638,147.144,143.088,143.923,33772366,143.923,GOOGL,5
6788,2021-12-17,141.985,143.315,140.79,141.213,51202824,141.213,GOOGL,5
6789,2021-12-20,139.614,141.261,138.818,141.096,27290935,141.096,GOOGL,5
6790,2021-12-21,141.541,143.35,139.995,142.954,28859601,142.954,GOOGL,5
6791,2021-12-22,142.552,145.971,142.552,145.886,26417801,145.886,GOOGL,5
6792,2021-12-23,145.971,147.708,145.923,146.386,26479082,146.386,GOOGL,5
6793,2021-12-27,146.724,147.809,146.637,147.371,16042405,147.371,GOOGL,5
6794,2021-12-28,147.701,147.764,145.527,146.157,18320473,146.157,GOOGL,5
6795,2021-12-29,146.115,146.885,145.121,146.126,17851941,146.126,GOOGL,5
6796,2021-12-30,146.164,146.768,145.467,145.671,15744589,145.671,GOOGL,5
6797,2021-12-31,145.523,146.168,144.329,144.329,18200921,144.329,GOOGL,5
6798,2022-01-03,144.531,145.324,143.194,144.468,28782904,144.468,GOOGL,5
6799,2022-01-04,144.871,145.956,143.197,143.878,28502390,143.878,GOOGL,5
6800,2022-01-05,143.898,143.977,137.191,137.278,54816276,137.278,GOOGL,5
6801,2022-01-06,136.504,139.435,136.064,137.251,37482808,137.251,GOOGL,5
6802,2022-01-07,137.647,137.948,135.275,136.523,29868445,136.523,GOOGL,5
6803,2022-01-10,134.59,138.318,132.683,138.169,44569103,138.169,GOOGL,5
6804,2022-01-11,137.508,139.709,136.198,139.231,28833848,139.231,GOOGL,5
6805,2022-01-12,140.64,142.093,140.186,140.919,26206698,140.919,GOOGL,5
6806,2022-01-13,141.029,142.334,137.909,138.087,31550560,138.087,GOOGL,5
6807,2022-01-14,136.584,140.234,136.504,138.976,29768805,138.976,GOOGL,5
6808,2022-01-18,135.683,136.636,134.949,135.507,35014572,135.507,GOOGL,5
6809,2022-01-19,136.029,137.461,134.528,134.628,28751490,134.628,GOOGL,5
6810,2022-01-20,135.758,137.129,132.485,132.827,30015556,132.827,GOOGL,5
6811,2022-01-21,132.115,134.378,129.616,129.881,55853162,129.881,GOOGL,5
6812,2022-01-24,125.523,130.729,124.05,130.332,76972264,130.332,GOOGL,5
6813,2022-01-25,128.275,128.932,126.045,126.476,47130796,126.476,GOOGL,5
6814,2022-01-26,130.645,132.52,126.683,128.766,49307599,128.766,GOOGL,5
6815,2022-01-27,130.829,132.173,128.466,128.539,32134851,128.539,GOOGL,5
6816,2022-01-28,129.19,132.874,128.021,132.869,34486043,132.869,GOOGL,5
6817,2022-01-31,133.677,134.984,131.732,134.815,40130953,134.815,GOOGL,5
6818,2022-02-01,137.097,137.296,133.883,137.147,68892480,137.147,GOOGL,5
6819,2022-02-02,150.704,150.999,144.997,147.465,123645829,147.465,GOOGL,5
6820,2022-02-03,145.18,149.134,142.149,142.574,71776477,142.574,GOOGL,5
6821,2022-02-04,142.927,144.352,140.008,142.775,58208469,142.775,GOOGL,5
6822,2022-02-07,143.729,143.729,138.398,138.698,55172583,138.698,GOOGL,5
6823,2022-02-08,138.524,139.495,136.52,138.895,54480383,138.895,GOOGL,5
6824,2022-02-09,140.454,142.009,139.68,141.081,40289405,141.081,GOOGL,5
6825,2022-02-10,139.199,140.973,137.458,138.12,39473237,138.12,GOOGL,5
6826,2022-02-11,138.1,138.653,132.918,133.797,40103193,133.797,GOOGL,5
6827,2022-02-14,132.776,135.808,132.776,135.037,34425424,135.037,GOOGL,5
6828,2022-02-15,137.073,137.609,135.331,136.114,26808091,136.114,GOOGL,5
6829,2022-02-16,136.152,137.587,134.436,137.241,25112004,137.241,GOOGL,5
6830,2022-02-17,135.751,136.618,132.0,132.061,39090695,132.061,GOOGL,5
6831,2022-02-18,132.985,133.586,129.726,129.932,45784815,129.932,GOOGL,5
6832,2022-02-22,129.369,131.702,127.76,129.345,45153835,129.345,GOOGL,5
6833,2022-02-23,131.173,131.574,127.067,127.127,32904872,127.127,GOOGL,5
6834,2022-02-24,124.502,132.52,124.502,132.211,54652485,132.211,GOOGL,5
6835,2022-02-25,133.069,134.784,131.277,133.974,36537955,133.974,GOOGL,5
6836,2022-02-28,132.569,135.261,132.113,134.569,39005307,134.569,GOOGL,5
6837,2022-03-01,134.39,135.764,132.737,133.578,26591408,133.578,GOOGL,5
6838,2022-03-02,134.142,134.774,132.591,134.086,23605061,134.086,GOOGL,5
6839,2022-03-03,135.519,135.946,132.545,133.416,24692429,133.416,GOOGL,5
6840,2022-03-04,132.448,133.369,129.867,131.429,30561026,131.429,GOOGL,5
6841,2022-03-07,131.013,131.26,125.839,125.922,45276478,125.922,GOOGL,5
6842,2022-03-08,125.794,130.776,125.221,126.645,40573652,126.645,GOOGL,5
6843,2022-03-09,130.776,133.253,129.432,132.938,37159620,132.938,GOOGL,5
6844,2022-03-10,130.792,132.791,130.44,131.952,27199645,131.952,GOOGL,5
6845,2022-03-11,133.006,133.313,129.163,129.401,31640726,129.401,GOOGL,5
6846,2022-03-14,129.78,129.937,124.822,125.496,38951954,125.496,GOOGL,5
6847,2022-03-15,126.517,129.385,125.266,128.731,31031606,128.731,GOOGL,5
6848,2022-03-16,130.261,132.852,128.269,132.8,35705950,132.8,GOOGL,5
6849,2022-03-17,132.668,133.596,131.707,133.356,28366379,133.356,GOOGL,5
6850,2022-03-18,132.942,135.752,131.78,135.635,44728459,135.635,GOOGL,5
6851,2022-03-21,135.673,136.555,133.608,135.611,26928947,135.611,GOOGL,5
6852,2022-03-22,135.611,140.54,135.611,139.363,35624214,139.363,GOOGL,5
6853,2022-03-23,138.202,139.084,137.338,137.776,25244583,137.776,GOOGL,5
6854,2022-03-24,138.697,141.108,137.254,141.061,26492250,141.061,GOOGL,5
6855,2022-03-25,141.403,141.522,139.233,141.161,24230601,141.161,GOOGL,5
6856,2022-03-28,140.391,141.489,139.306,140.945,35176317,140.945,GOOGL,5
6857,2022-03-29,142.131,143.275,141.525,141.991,34441422,141.991,GOOGL,5
6858,2022-03-30,141.945,142.204,141.089,141.425,19956844,141.425,GOOGL,5
6859,2022-03-31,141.54,141.595,138.522,138.566,37660750,138.566,GOOGL,5
6860,2022-04-01,138.996,139.964,137.808,139.644,26035480,139.644,GOOGL,5
6861,2022-04-04,139.851,143.193,139.803,142.456,26064986,142.456,GOOGL,5
6862,2022-04-05,142.353,142.474,139.875,140.083,21495762,140.083,GOOGL,5
6863,2022-04-06,138.249,138.857,135.028,136.054,32586181,136.054,GOOGL,5
6864,2022-04-07,135.519,136.668,133.742,135.397,26328699,135.397,GOOGL,5
6865,2022-04-08,135.095,135.179,132.486,132.807,25233945,132.807,GOOGL,5
6866,2022-04-11,131.348,131.615,128.203,128.358,37016764,128.358,GOOGL,5
6867,2022-04-12,131.125,131.125,126.331,127.253,32829279,127.253,GOOGL,5
6868,2022-04-13,127.538,129.863,127.28,129.425,28028479,129.425,GOOGL,5
6869,2022-04-14,130.008,130.008,126.143,126.272,31712525,126.272,GOOGL,5
6870,2022-04-18,126.541,127.749,125.726,127.215,20884093,127.215,GOOGL,5
6871,2022-04-19,127.23,129.862,126.54,129.54,26585788,129.54,GOOGL,5
6872,2022-04-20,130.42,130.924,127.039,127.578,31810359,127.578,GOOGL,5
6873,2022-04-21,128.783,129.628,124.077,124.363,36577277,124.363,GOOGL,5
6874,2022-04-22,124.549,124.949,118.496,119.204,57089929,119.204,GOOGL,5
6875,2022-04-25,118.67,122.833,118.083,122.629,46295479,122.629,GOOGL,5
6876,2022-04-26,121.852,122.068,118.083,118.222,73319711,118.222,GOOGL,5
6877,2022-04-27,114.055,116.819,112.33,113.881,92153438,113.881,GOOGL,5
6878,2022-04-28,115.995,119.217,113.703,118.094,49061851,118.094,GOOGL,5
6879,2022-04-29,116.312,117.494,113.403,113.698,42830704,113.698,GOOGL,5
6880,2022-05-02,112.995,116.324,112.193,116.162,35661830,116.162,GOOGL,5
6881,2022-05-03,116.011,118.014,115.615,116.91,25057869,116.91,GOOGL,5
6882,2022-05-04,116.609,122.41,114.701,121.819,50096227,121.819,GOOGL,5
6883,2022-05-05,119.77,120.602,114.591,116.085,46006756,116.085,GOOGL,5
6884,2022-05-06,114.768,117.146,113.604,115.328,39853531,115.328,GOOGL,5
6885,2022-05-09,112.841,114.662,111.597,112.105,40950774,112.105,GOOGL,5
6886,2022-05-10,115.091,115.83,112.494,113.982,40045022,113.982,GOOGL,5
6887,2022-05-11,112.827,115.944,112.827,113.192,37670807,113.192,GOOGL,5
6888,2022-05-12,110.976,113.882,109.428,112.437,54031341,112.437,GOOGL,5
6889,2022-05-13,114.119,117.449,113.195,115.631,35165498,115.631,GOOGL,5
6890,2022-05-16,114.541,115.75,113.478,114.032,26084657,114.032,GOOGL,5
6891,2022-05-17,116.418,116.478,114.455,116.052,23136730,116.052,GOOGL,5
6892,2022-05-18,114.585,114.983,111.153,111.495,35253315,111.495,GOOGL,5
6893,2022-05-19,111.029,112.601,109.602,109.985,34268176,109.985,GOOGL,5
6894,2022-05-20,111.547,111.779,105.414,108.515,49140455,108.515,GOOGL,5
6895,2022-05-23,109.192,111.743,108.348,111.085,37319739,111.085,GOOGL,5
6896,2022-05-24,105.39,106.073,101.517,105.588,77058114,105.588,GOOGL,5
6897,2022-05-25,104.607,106.115,103.482,105.423,40403276,105.423,GOOGL,5
6898,2022-05-26,105.295,108.256,104.845,107.402,38084782,107.402,GOOGL,5
6899,2022-05-27,109.087,111.912,108.744,111.91,38051562,111.91,GOOGL,5
6900,2022-05-31,112.339,115.317,111.674,113.351,50193559,113.351,GOOGL,5
6901,2022-06-01,114.44,116.679,112.841,113.48,36738218,113.48,GOOGL,5
6902,2022-06-02,113.588,117.473,112.538,117.197,38130005,117.197,GOOGL,5
6903,2022-06-03,115.642,115.902,113.108,114.127,26230203,114.127,GOOGL,5
6904,2022-06-06,116.284,118.916,115.744,116.398,33663131,116.398,GOOGL,5
6905,2022-06-07,115.063,117.266,114.637,116.726,31704978,116.726,GOOGL,5
6906,2022-06-08,116.34,118.142,116.179,116.771,26202383,116.771,GOOGL,5
6907,2022-06-09,115.908,117.871,114.361,114.421,25891480,114.421,GOOGL,5
6908,2022-06-10,112.039,112.87,109.967,110.761,41632215,110.761,GOOGL,5
6909,2022-06-13,106.401,108.399,105.736,106.008,47423212,106.008,GOOGL,5
6910,2022-06-14,106.15,107.534,105.418,106.33,33828448,106.33,GOOGL,5
6911,2022-06-15,108.153,111.021,107.281,109.368,39842089,109.368,GOOGL,5
6912,2022-06-16,106.834,108.255,104.758,105.651,51872323,105.651,GOOGL,5
6913,2022-06-17,105.651,108.306,104.667,106.756,51562765,106.756,GOOGL,5
6914,2022-06-21,108.537,112.083,108.208,111.141,47587687,111.141,GOOGL,5
6915,2022-06-22,110.157,112.937,109.983,111.085,30885699,111.085,GOOGL,5
6916,2022-06-23,111.826,112.335,110.102,111.836,28464734,111.836,GOOGL,5
6917,2022-06-24,112.586,117.653,112.545,117.549,41312902,117.549,GOOGL,5
6918,2022-06-27,117.845,118.152,114.764,115.416,36552788,115.416,GOOGL,5
6919,2022-06-28,115.385,116.887,111.444,111.604,36011032,111.604,GOOGL,5
6920,2022-06-29,111.149,112.751,110.472,111.298,24806420,111.298,GOOGL,5
6921,2022-06-30,109.602,110.487,106.365,108.57,43325552,108.57,GOOGL,5
6922,2022-07-01,107.543,108.855,106.345,108.345,35604262,108.345,GOOGL,5
6923,2022-07-05,106.714,112.968,105.35,112.854,39542467,112.854,GOOGL,5
6924,2022-07-06,112.893,115.172,111.073,114.158,37567072,114.158,GOOGL,5
6925,2022-07-07,114.665,118.759,114.419,118.354,41084276,118.354,GOOGL,5
6926,2022-07-08,116.827,119.253,116.479,118.923,38376777,118.923,GOOGL,5
6927,2022-07-11,117.572,117.572,114.913,115.258,31356961,115.258,GOOGL,5
6928,2022-07-12,115.795,116.551,113.28,113.608,30068306,113.608,GOOGL,5
6929,2022-07-13,111.297,113.784,110.801,110.952,43880516,110.952,GOOGL,5
6930,2022-07-14,109.812,110.692,107.982,109.968,37137179,109.968,GOOGL,5
6931,2022-07-15,111.597,112.731,110.499,111.374,46938662,111.374,GOOGL,5
6932,2022-07-18,112.233,113.27,107.979,108.636,43321063,108.636,GOOGL,5
6933,2022-07-19,110.449,113.608,109.164,113.399,36663373,113.399,GOOGL,5
6934,2022-07-20,112.761,114.983,112.074,113.488,35729481,113.488,GOOGL,5
6935,2022-07-21,113.868,114.136,110.712,113.927,32794620,113.927,GOOGL,5
6936,2022-07-22,110.599,111.934,106.115,107.51,49078455,107.51,GOOGL,5
6937,2022-07-25,108.018,109.474,105.916,107.122,34816651,107.122,GOOGL,5
6938,2022-07-26,106.215,106.813,103.694,104.641,48164935,104.641,GOOGL,5
6939,2022-07-27,108.865,113.498,107.62,112.651,60075488,112.651,GOOGL,5
6940,2022-07-28,111.964,113.927,111.057,113.808,32935531,113.808,GOOGL,5
6941,2022-07-29,112.671,116.284,112.651,115.9,37358329,115.9,GOOGL,5
6942,2022-08-01,114.883,116.298,113.927,114.445,26128664,114.445,GOOGL,5
6943,2022-08-02,113.588,115.93,113.309,114.715,20309386,114.715,GOOGL,5
6944,2022-08-03,115.292,118.192,115.063,117.654,28602325,117.654,GOOGL,5
6945,2022-08-04,117.055,118.351,116.468,117.764,21681237,117.764,GOOGL,5
6946,2022-08-05,115.81,117.679,115.581,117.046,19228975,117.046,GOOGL,5
6947,2022-08-08,117.962,119.716,116.458,116.877,19238970,116.877,GOOGL,5
6948,2022-08-09,116.712,116.897,115.292,116.209,19155655,116.209,GOOGL,5
6949,2022-08-10,118.351,120.483,117.982,119.268,31042475,119.268,GOOGL,5
6950,2022-08-11,120.842,121.051,118.132,118.411,24381720,118.411,GOOGL,5
6951,2022-08-12,119.826,121.241,119.029,121.241,19165493,121.241,GOOGL,5
6952,2022-08-15,120.693,121.858,120.174,121.639,19565495,121.639,GOOGL,5
6953,2022-08-16,121.081,121.988,120.204,121.26,19110256,121.26,GOOGL,5
6954,2022-08-17,119.686,120.851,118.949,119.118,22929780,119.118,GOOGL,5
6955,2022-08-18,118.999,120.383,118.291,119.736,18052867,119.736,GOOGL,5
6956,2022-08-19,118.63,118.719,116.338,116.787,21888589,116.787,GOOGL,5
6957,2022-08-22,114.784,115.212,113.438,113.828,21534430,113.828,GOOGL,5
6958,2022-08-23,113.065,114.595,113.02,113.448,15927904,113.448,GOOGL,5
6959,2022-08-24,113.09,114.365,112.463,113.28,17798913,113.28,GOOGL,5
6960,2022-08-25,113.823,116.298,113.698,116.229,17018264,116.229,GOOGL,5
6961,2022-08-26,114.305,114.705,109.792,109.942,37380716,109.942,GOOGL,5
6962,2022-08-29,109.592,110.549,108.407,109.025,21267977,109.025,GOOGL,5
6963,2022-08-30,109.772,110.101,107.41,108.547,27612993,108.547,GOOGL,5
6964,2022-08-31,110.251,110.449,107.74,107.829,28730747,107.829,GOOGL,5
6965,2022-09-01,107.889,110.046,106.972,109.344,28463737,109.344,GOOGL,5
6966,2022-09-02,110.191,110.34,106.873,107.46,24248296,107.46,GOOGL,5
6967,2022-09-06,106.912,107.64,105.398,106.425,25159155,106.425,GOOGL,5
6968,2022-09-07,106.673,109.582,106.513,109.055,23250949,109.055,GOOGL,5
6969,2022-09-08,107.65,109.204,106.773,107.989,24326159,107.989,GOOGL,5
6970,2022-09-09,108.671,110.589,108.627,110.251,23297736,110.251,GOOGL,5
6971,2022-09-12,110.589,111.217,109.532,110.459,23050008,110.459,GOOGL,5
6972,2022-09-13,107.41,107.909,103.714,103.943,38311251,103.943,GOOGL,5
6973,2022-09-14,104.193,104.895,103.286,104.621,26490819,104.621,GOOGL,5
6974,2022-09-15,103.654,104.89,101.981,102.538,34312219,102.538,GOOGL,5
6975,2022-09-16,101.701,102.757,100.575,102.429,42952316,102.429,GOOGL,5
6976,2022-09-19,101.382,102.957,101.184,102.698,23120321,102.698,GOOGL,5
6977,2022-09-20,101.711,102.0,100.157,100.775,26613250,100.775,GOOGL,5
6978,2022-09-21,101.302,102.509,98.9114,98.9214,31601409,98.9214,GOOGL,5
6979,2022-09-22,98.4631,100.874,98.4331,99.778,34422954,99.778,GOOGL,5
6980,2022-09-23,99.2701,99.3001,97.118,98.3833,31740082,98.3833,GOOGL,5
6981,2022-09-26,97.7456,99.5192,97.4467,97.8155,27170803,97.8155,GOOGL,5
6982,2022-09-27,99.0709,99.6388,96.5221,97.1478,30181797,97.1478,GOOGL,5
6983,2022-09-28,97.2973,100.337,96.7593,99.6887,32584016,99.6887,GOOGL,5
6984,2022-09-29,98.2837,98.2837,95.6134,97.0681,31159773,97.0681,GOOGL,5
6985,2022-09-30,96.6994,98.5428,95.2149,95.3045,33060909,95.3045,GOOGL,5
6986,2022-10-03,96.4105,98.9286,96.1723,98.2837,28083468,98.2837,GOOGL,5
6987,2022-10-04,100.077,101.472,100.017,101.272,28955359,101.272,GOOGL,5
6988,2022-10-05,99.4645,101.562,98.4431,101.064,22257296,101.064,GOOGL,5
6989,2022-10-06,100.317,102.553,100.227,101.054,22404915,101.054,GOOGL,5
6990,2022-10-07,99.4893,100.167,97.94,98.3236,27602465,98.3236,GOOGL,5
6991,2022-10-10,98.6424,98.737,96.6596,97.5066,18291161,97.5066,GOOGL,5
6992,2022-10-11,97.078,98.8865,95.9621,96.829,26603193,96.829,GOOGL,5
6993,2022-10-12,96.9486,98.3933,96.3856,97.2077,21955666,97.2077,GOOGL,5
6994,2022-10-13,94.8063,99.4146,94.0427,98.7022,34699885,98.7022,GOOGL,5
6995,2022-10-14,99.6288,100.327,96.0219,96.2112,25502790,96.2112,GOOGL,5
6996,2022-10-17,98.5029,100.565,98.473,99.6089,28522214,99.6089,GOOGL,5
6997,2022-10-18,102.757,103.096,99.6089,100.406,24147893,100.406,GOOGL,5
6998,2022-10-19,99.6487,100.653,98.5628,99.2701,23897381,99.2701,GOOGL,5
6999,2022-10-20,99.6388,101.951,99.031,99.6089,25415001,99.6089,GOOGL,5
7000,2022-10-21,97.4916,100.944,97.367,100.765,32576388,100.765,GOOGL,5
7001,2022-10-24,101.432,102.379,99.6189,102.149,27274934,102.149,GOOGL,5
7002,2022-10-25,102.528,104.441,102.349,104.103,40758595,104.103,GOOGL,5
7003,2022-10-26,96.0818,97.9549,94.348,94.5871,88599062,94.5871,GOOGL,5
7004,2022-10-27,94.1786,95.0853,91.4685,91.8869,60930942,91.8869,GOOGL,5
7005,2022-10-28,91.9367,96.2012,91.7972,95.9421,43855693,95.9421,GOOGL,5
7006,2022-10-31,95.0753,95.6831,93.6406,94.1687,31789861,94.1687,GOOGL,5
7007,2022-11-01,95.1053,95.6831,90.0436,90.1432,47332315,90.1432,GOOGL,5
7008,2022-11-02,90.6115,90.8507,86.5662,86.6559,57245051,86.6559,GOOGL,5
7009,2022-11-03,86.0081,86.2075,83.039,83.1287,61510194,83.1287,GOOGL,5
7010,2022-11-04,85.0916,86.3271,83.4076,86.2672,51310236,86.2672,GOOGL,5
7011,2022-11-07,86.9647,88.5789,86.5362,88.1705,34202451,88.1705,GOOGL,5
7012,2022-11-08,88.5789,89.9938,87.2738,88.5789,30539333,88.5789,GOOGL,5
7013,2022-11-09,88.1305,89.112,86.9647,87.0046,31884265,87.0046,GOOGL,5
7014,2022-11-10,91.9168,94.0491,91.2791,93.6007,51807264,93.6007,GOOGL,5
7015,2022-11-11,94.348,96.5799,93.5808,96.0618,33210438,96.0618,GOOGL,5
7016,2022-11-14,94.7465,96.4404,94.1687,95.3543,30288942,95.3543,GOOGL,5
7017,2022-11-15,97.9051,99.778,96.3607,98.0844,41791768,98.0844,GOOGL,5
7018,2022-11-16,97.5464,99.2776,97.2874,98.493,29210663,98.493,GOOGL,5
7019,2022-11-17,96.6197,98.9214,96.4404,98.0047,26147042,98.0047,GOOGL,5
7020,2022-11-18,98.4133,98.5428,96.0219,97.078,28445040,97.078,GOOGL,5
7021,2022-11-21,96.9386,98.0445,95.0106,95.2547,21725860,95.2547,GOOGL,5
7022,2022-11-22,95.6034,96.8688,93.7103,96.6994,23523446,96.6994,GOOGL,5
7023,2022-11-23,96.7393,98.4033,96.7393,98.1044,18936490,98.1044,GOOGL,5
7024,2022-11-25,97.8852,98.2837,97.0482,97.108,9736609,97.108,GOOGL,5
7025,2022-11-28,96.6859,97.2275,95.2646,95.7031,26347600,95.7031,GOOGL,5
7026,2022-11-29,95.3843,95.7728,93.77,94.8462,20134445,94.8462,GOOGL,5
7027,2022-11-30,94.4775,100.675,94.079,100.625,43805707,100.625,GOOGL,5
7028,2022-12-01,100.655,101.881,99.8875,100.625,28791089,100.625,GOOGL,5
7029,2022-12-02,98.6922,100.406,98.5428,100.077,21558572,100.077,GOOGL,5
7030,2022-12-05,99.0409,101.014,98.6424,99.1207,24493557,99.1207,GOOGL,5
7031,2022-12-06,98.9414,99.4196,96.0718,96.6297,25000958,96.6297,GOOGL,5
7032,2022-12-07,96.0618,96.5312,94.3728,94.5971,31157991,94.5971,GOOGL,5
7033,2022-12-08,95.0355,95.2348,93.1125,93.3716,32330064,93.3716,GOOGL,5
7034,2022-12-09,93.4313,93.9195,92.415,92.4947,28327768,92.4947,GOOGL,5
7035,2022-12-12,92.3751,93.2221,91.2791,92.9729,29114173,92.9729,GOOGL,5
7036,2022-12-13,97.4069,99.1705,94.6868,95.2846,40740812,95.2846,GOOGL,5
7037,2022-12-14,94.8562,96.5201,93.2619,94.7266,28837761,94.7266,GOOGL,5
7038,2022-12-15,92.7936,93.3018,89.6849,90.5317,40252425,90.5317,GOOGL,5
7039,2022-12-16,90.4323,91.0001,89.1967,89.9339,58222145,89.9339,GOOGL,5
7040,2022-12-19,89.9289,90.2329,87.8914,88.1205,29599945,88.1205,GOOGL,5
7041,2022-12-20,87.7918,88.853,87.1243,88.6984,23538858,88.6984,GOOGL,5
7042,2022-12-21,88.7583,89.8942,88.001,89.2564,24835342,89.2564,GOOGL,5
7043,2022-12-22,87.8415,88.2202,86.0081,87.443,27758557,87.443,GOOGL,5
7044,2022-12-23,86.7953,89.2215,86.7555,88.9077,23086423,88.9077,GOOGL,5
7045,2022-12-27,88.4743,88.6187,86.6957,87.0743,20170200,87.0743,GOOGL,5
7046,2022-12-28,86.6659,87.7221,85.6296,85.7093,19593949,85.7093,GOOGL,5
7047,2022-12-29,86.3071,88.524,86.2972,88.1305,23418123,88.1305,GOOGL,5
7048,2022-12-30,86.6659,87.9811,86.2573,87.9113,24073249,87.9113,GOOGL,5
7049,2023-01-03,89.2614,90.7211,88.2002,88.798,28233202,88.798,GOOGL,5
7050,2023-01-04,90.0236,90.3226,86.9558,87.7618,34981128,87.7618,GOOGL,5
7051,2023-01-05,87.154,87.2537,85.5897,85.8887,27292957,85.8887,GOOGL,5
7052,2023-01-06,86.4765,87.3733,84.5535,87.0246,41531507,87.0246,GOOGL,5
7053,2023-01-09,88.0408,89.7248,87.5427,87.7021,29109043,87.7021,GOOGL,5
7054,2023-01-10,85.6694,88.3496,85.52,88.1006,30578203,88.1006,GOOGL,5
7055,2023-01-11,88.858,91.2692,88.6886,91.1895,26959346,91.1895,GOOGL,5
7056,2023-01-12,91.1495,91.5382,89.4258,90.8008,30367823,90.8008,GOOGL,5
7057,2023-01-13,90.5219,91.857,89.8044,91.7873,26424658,91.7873,GOOGL,5
7058,2023-01-17,91.7275,91.9168,89.7248,90.9603,32720610,90.9603,GOOGL,5
7059,2023-01-18,91.8072,92.4647,90.3126,90.7908,29222241,90.7908,GOOGL,5
7060,2023-01-19,90.3923,93.2669,90.3026,92.7138,37134525,92.7138,GOOGL,5
7061,2023-01-20,94.7565,97.9449,94.6768,97.666,63420152,97.666,GOOGL,5
7062,2023-01-23,97.5961,99.6787,97.1478,99.4295,40150077,99.4295,GOOGL,5
7063,2023-01-24,97.7456,99.2502,96.8489,97.3471,33198424,97.3471,GOOGL,5
7064,2023-01-25,95.2248,95.8147,93.4213,94.8761,42483402,94.8761,GOOGL,5
7065,2023-01-26,96.1515,97.2175,95.0355,97.1677,30223140,97.1677,GOOGL,5
7066,2023-01-27,96.9585,99.9574,96.9585,99.0111,34002570,99.0111,GOOGL,5
7067,2023-01-30,97.1279,97.935,96.0468,96.5899,27324895,96.5899,GOOGL,5
7068,2023-01-31,96.5201,98.5228,96.4702,98.483,29978953,98.483,GOOGL,5
7069,2023-02-01,98.3534,100.824,97.2275,100.067,35659907,100.067,GOOGL,5
7070,2023-02-02,105.418,107.46,105.228,107.35,70137097,107.35,GOOGL,5
7071,2023-02-03,102.558,107.42,102.209,104.401,65546013,104.401,GOOGL,5
7072,2023-02-06,102.03,103.983,101.512,102.528,32115563,102.528,GOOGL,5
7073,2023-02-07,102.847,107.789,102.748,107.252,49187897,107.252,GOOGL,5
7074,2023-02-08,101.681,102.767,97.6809,99.0111,95086969,99.0111,GOOGL,5
7075,2023-02-09,99.6388,99.6687,93.2919,94.6668,119888056,94.6668,GOOGL,5
7076,2023-02-10,95.1053,96.4005,93.9096,94.2284,55180006,94.2284,GOOGL,5
7077,2023-02-13,94.3978,94.8562,93.501,94.2683,50257651,94.2683,GOOGL,5
7078,2023-02-14,94.0889,94.5025,91.9267,94.3381,54924507,94.3381,GOOGL,5
7079,2023-02-15,94.1487,96.7692,93.81,96.5899,50480818,96.5899,GOOGL,5
7080,2023-02-16,95.0256,97.3272,94.3978,95.165,42616549,95.165,GOOGL,5
7081,2023-02-17,94.5074,95.2148,92.8733,94.0092,34408401,94.0092,GOOGL,5
7082,2023-02-21,92.6641,92.7638,91.3888,91.4585,33751165,91.4585,GOOGL,5
7083,2023-02-22,91.3688,91.7773,90.2827,91.3189,30995974,91.3189,GOOGL,5
7084,2023-02-23,91.5879,91.6079,89.4358,90.5617,41355757,90.5617,GOOGL,5
7085,2023-02-24,89.117,89.5654,88.2552,88.808,36717717,88.808,GOOGL,5
7086,2023-02-27,89.5454,89.8343,89.0123,89.5454,27602000,89.5454,GOOGL,5
7087,2023-02-28,89.0074,90.9004,88.9974,89.7348,30251306,89.7348,GOOGL,5
7088,2023-03-01,89.6549,90.7012,89.3461,90.0336,31224006,90.0336,GOOGL,5
7089,2023-03-02,89.3361,91.9417,89.2664,91.6676,32343052,91.6676,GOOGL,5
7090,2023-03-03,92.146,93.3914,92.116,93.3117,35287563,93.3117,GOOGL,5
7091,2023-03-06,93.6754,95.6234,93.6605,94.7864,32757633,94.7864,GOOGL,5
7092,2023-03-07,94.6369,95.3245,93.1922,93.521,27936382,93.521,GOOGL,5
7093,2023-03-08,93.78,95.6084,93.6605,93.9096,34226892,93.9096,GOOGL,5
7094,2023-03-09,93.7103,95.1849,91.5681,91.9866,28917983,91.9866,GOOGL,5
7095,2023-03-10,91.837,92.4548,90.0685,90.3026,36071335,90.3026,GOOGL,5
7096,2023-03-13,89.7645,92.2357,89.097,90.781,37470918,90.781,GOOGL,5
7097,2023-03-14,92.2257,94.0191,92.106,93.6306,36180899,93.6306,GOOGL,5
7098,2023-03-15,92.8832,96.5799,92.3054,95.7628,50805560,95.7628,GOOGL,5
7099,2023-03-16,95.8525,100.824,95.155,99.9574,65805345,99.9574,GOOGL,5
7100,2023-03-17,99.8975,102.464,99.7384,101.253,61249781,101.253,GOOGL,5
7101,2023-03-20,99.7582,101.382,99.5093,100.854,33079924,100.854,GOOGL,5
7102,2023-03-21,100.884,104.721,100.854,104.541,42262933,104.541,GOOGL,5
7103,2023-03-22,103.893,106.205,102.957,102.996,43584847,102.996,GOOGL,5
7104,2023-03-23,104.681,105.916,104.083,105.218,40945665,105.218,GOOGL,5
7105,2023-03-24,104.611,105.109,103.465,105.059,30521286,105.059,GOOGL,5
7106,2023-03-27,104.238,104.381,101.559,102.09,31233680,102.09,GOOGL,5
7107,2023-03-28,102.07,102.08,99.3798,100.665,32174078,100.665,GOOGL,5
7108,2023-03-29,101.911,102.12,100.287,101.024,28883900,101.024,GOOGL,5
7109,2023-03-30,100.545,100.789,99.4196,100.525,33206123,100.525,GOOGL,5
7110,2023-03-31,100.934,103.514,100.675,103.356,36997002,103.356,GOOGL,5
7111,2023-04-03,102.02,104.153,101.562,103.983,25126154,103.983,GOOGL,5
7112,2023-04-04,103.953,105.198,103.664,104.341,24508604,104.341,GOOGL,5
7113,2023-04-05,105.398,105.717,103.286,104.093,28393058,104.093,GOOGL,5
7114,2023-04-06,104.88,108.775,103.953,108.028,48888064,108.028,GOOGL,5
7115,2023-04-10,106.593,107.202,104.74,106.055,27165476,106.055,GOOGL,5
7116,2023-04-11,106.165,106.345,104.301,104.97,26407185,104.97,GOOGL,5
7117,2023-04-12,106.195,106.365,103.963,104.262,24458618,104.262,GOOGL,5
7118,2023-04-13,105.458,107.102,105.458,107.042,24933639,107.042,GOOGL,5
7119,2023-04-14,106.504,108.547,106.455,108.477,26674349,108.477,GOOGL,5
7120,2023-04-17,104.279,105.776,104.143,105.588,37707417,105.588,GOOGL,5
7121,2023-04-18,106.105,106.155,103.694,104.123,26692859,104.123,GOOGL,5
7122,2023-04-19,103.206,104.601,102.698,103.804,20981469,103.804,GOOGL,5
7123,2023-04-20,103.534,105.866,103.493,104.91,27921647,104.91,GOOGL,5
7124,2023-04-21,105.089,105.617,104.401,105.029,25893609,105.029,GOOGL,5
7125,2023-04-24,105.109,106.245,104.321,105.588,23628174,105.588,GOOGL,5
7126,2023-04-25,105.443,106.305,103.465,103.475,46833266,103.475,GOOGL,5
7127,2023-04-26,104.541,105.966,102.259,103.336,53540950,103.336,GOOGL,5
7128,2023-04-27,104.073,107.979,103.166,107.202,50270765,107.202,GOOGL,5
7129,2023-04-28,106.653,106.962,104.711,106.952,36270857,106.952,GOOGL,5
7130,2023-05-01,106.455,107.6,106.435,106.813,26778403,106.813,GOOGL,5
7131,2023-05-02,106.753,106.813,103.336,104.94,31109613,104.94,GOOGL,5
7132,2023-05-03,105.148,107.102,104.581,105.029,21874415,105.029,GOOGL,5
7133,2023-05-04,105.104,105.218,103.594,104.311,23504404,104.311,GOOGL,5
7134,2023-05-05,104.441,105.498,103.734,105.188,26735823,105.188,GOOGL,5
7135,2023-05-08,104.8,107.57,104.78,107.38,26607551,107.38,GOOGL,5
7136,2023-05-09,107.999,109.752,106.803,106.962,36491950,106.962,GOOGL,5
7137,2023-05-10,107.58,112.533,107.54,111.346,63382304,111.346,GOOGL,5
7138,2023-05-11,114.978,117.494,113.997,116.149,79186049,116.149,GOOGL,5
7139,2023-05-12,116.259,117.604,115.69,117.085,41251330,117.085,GOOGL,5
7140,2023-05-15,115.69,118.052,115.591,116.089,36398235,116.089,GOOGL,5
7141,2023-05-16,116.069,120.314,116.01,119.079,45198816,119.079,GOOGL,5
7142,2023-05-17,119.178,121.231,118.461,120.403,33444389,120.403,GOOGL,5
7143,2023-05-18,120.513,122.865,120.393,122.386,35361960,122.386,GOOGL,5
7144,2023-05-19,123.103,125.515,121.709,122.317,41503355,122.317,GOOGL,5
7145,2023-05-22,122.496,125.974,122.297,124.598,35380829,124.598,GOOGL,5
7146,2023-05-23,123.712,124.175,121.768,122.117,34169672,122.117,GOOGL,5
7147,2023-05-24,120.683,121.47,119.427,120.463,34306550,120.463,GOOGL,5
7148,2023-05-25,124.07,124.867,121.52,123.034,42470389,123.034,GOOGL,5
7149,2023-05-26,122.725,124.807,122.008,124.16,35765120,124.16,GOOGL,5
7150,2023-05-30,125.187,125.207,121.56,123.223,35203814,123.223,GOOGL,5
7151,2023-05-31,122.307,123.612,122.058,122.426,37461096,122.426,GOOGL,5
7152,2023-06-01,122.371,123.97,122.177,123.273,30884237,123.273,GOOGL,5
7153,2023-06-02,123.542,125.694,123.313,124.22,27077952,124.22,GOOGL,5
7154,2023-06-05,123.562,126.969,123.393,125.555,32422641,125.555,GOOGL,5
7155,2023-06-06,125.555,127.827,124.907,126.85,26734861,126.85,GOOGL,5
7156,2023-06-07,126.511,128.574,121.679,122.058,52729445,122.058,GOOGL,5
7157,2023-06-08,121.783,122.78,120.803,121.699,29495705,121.699,GOOGL,5
7158,2023-06-09,121.808,123.308,121.47,121.788,23864517,121.788,GOOGL,5
7159,2023-06-12,122.341,123.602,121.221,123.193,28441473,123.193,GOOGL,5
7160,2023-06-13,124.529,124.708,122.735,123.383,22359074,123.383,GOOGL,5
7161,2023-06-14,122.655,123.602,121.011,123.223,30703197,123.223,GOOGL,5
7162,2023-06-15,122.695,125.007,121.958,124.638,35374039,124.638,GOOGL,5
7163,2023-06-16,125.475,125.652,122.835,123.083,45700623,123.083,GOOGL,5
7164,2023-06-20,122.486,124.12,121.699,122.655,26192098,122.655,GOOGL,5
7165,2023-06-21,121.958,122.217,119.666,120.114,30416199,120.114,GOOGL,5
7166,2023-06-22,119.566,122.795,118.401,122.705,27049950,122.705,GOOGL,5
7167,2023-06-23,120.941,122.344,120.623,121.898,35040202,121.898,GOOGL,5
7168,2023-06-26,120.783,121.56,117.837,117.912,34093041,117.912,GOOGL,5
7169,2023-06-27,116.657,118.649,115.68,117.902,39679257,117.902,GOOGL,5
7170,2023-06-28,116.667,119.956,116.428,119.746,27189658,119.746,GOOGL,5
7171,2023-06-29,118.809,119.626,117.867,118.669,24178233,118.669,GOOGL,5
7172,2023-06-30,119.736,120.643,119.258,119.268,29639298,119.268,GOOGL,5
7173,2023-07-03,118.809,119.756,118.389,119.467,14520297,119.467,GOOGL,5
7174,2023-07-05,118.809,122.167,118.799,121.31,27684806,121.31,GOOGL,5
7175,2023-07-06,119.362,119.866,117.972,119.676,24868626,119.676,GOOGL,5
7176,2023-07-07,119.666,120.613,118.969,119.049,21788248,119.049,GOOGL,5
7177,2023-07-10,117.872,117.877,115.715,116.03,35443256,116.03,GOOGL,5
7178,2023-07-11,115.87,117.285,114.933,116.717,23162444,116.717,GOOGL,5
7179,2023-07-12,118.371,119.896,117.987,118.501,30514628,118.501,GOOGL,5
7180,2023-07-13,120.493,124.379,120.015,124.09,44458499,124.09,GOOGL,5
7181,2023-07-14,124.349,126.317,123.044,124.967,33403730,124.967,GOOGL,5
7182,2023-07-17,125.485,126.641,123.747,124.2,25809438,124.2,GOOGL,5
7183,2023-07-18,124.15,124.23,122.516,123.313,26321520,123.313,GOOGL,5
7184,2023-07-19,124.15,124.727,121.36,121.589,37358973,121.589,GOOGL,5
7185,2023-07-20,120.981,123.642,117.793,118.769,38044178,118.769,GOOGL,5
7186,2023-07-21,120.184,120.553,118.301,119.586,71866054,119.586,GOOGL,5
7187,2023-07-24,121.221,122.556,120.543,121.091,29831418,121.091,GOOGL,5
7188,2023-07-25,120.921,122.7,120.583,121.768,52699903,121.768,GOOGL,5
7189,2023-07-26,129.6,130.507,127.856,128.803,61905696,128.803,GOOGL,5
7190,2023-07-27,131.195,132.759,128.325,128.933,45115029,128.933,GOOGL,5
7191,2023-07-28,130.308,133.257,130.098,132.102,36723804,132.102,GOOGL,5
7192,2023-07-31,132.25,133.043,131.3,132.24,28157235,132.24,GOOGL,5
7193,2023-08-01,130.303,132.151,130.208,131.075,23360819,131.075,GOOGL,5
7194,2023-08-02,128.983,129.62,127.099,127.916,26368501,127.916,GOOGL,5
7195,2023-08-03,127.508,128.918,126.959,127.986,20232608,127.986,GOOGL,5
7196,2023-08-04,128.813,131.035,127.448,127.647,26241944,127.647,GOOGL,5
7197,2023-08-07,128.694,131.135,128.554,131.055,22828747,131.055,GOOGL,5
7198,2023-08-08,130.148,131.035,129.077,130.925,23620498,130.925,GOOGL,5
7199,2023-08-09,131.185,131.563,128.534,129.191,25003229,129.191,GOOGL,5
7200,2023-08-10,130.845,131.573,128.983,129.221,20933365,129.221,GOOGL,5
7201,2023-08-11,128.196,129.461,127.707,129.092,19662099,129.092,GOOGL,5
7202,2023-08-14,128.923,130.895,128.494,130.855,24785132,130.855,GOOGL,5
7203,2023-08-15,130.626,130.945,128.813,129.311,19842402,129.311,GOOGL,5
7204,2023-08-16,128.235,129.811,127.403,128.235,25307478,128.235,GOOGL,5
7205,2023-08-17,129.331,131.513,128.823,129.451,33567526,129.451,GOOGL,5
7206,2023-08-18,128.046,128.783,125.927,126.999,30615351,126.999,GOOGL,5
7207,2023-08-21,126.716,128.26,126.102,127.906,25340258,127.906,GOOGL,5
7208,2023-08-22,128.046,129.808,127.856,128.614,22147516,128.614,GOOGL,5
7209,2023-08-23,129.71,132.928,129.401,131.892,27920562,131.892,GOOGL,5
7210,2023-08-24,133.466,133.765,129.101,129.311,28604011,129.311,GOOGL,5
7211,2023-08-25,129.072,130.288,126.791,129.411,26859909,129.411,GOOGL,5
7212,2023-08-28,130.835,132.062,129.67,130.537,20617737,130.537,GOOGL,5
7213,2023-08-29,131.762,136.076,131.762,134.084,43231709,134.084,GOOGL,5
7214,2023-08-30,134.293,135.783,133.586,135.389,28418416,135.389,GOOGL,5
7215,2023-08-31,135.519,137.501,135.299,135.679,30162748,135.679,GOOGL,5
7216,2023-09-01,136.958,136.958,134.363,135.169,21621785,135.169,GOOGL,5
7217,2023-09-05,134.951,135.927,134.094,135.279,19473450,135.279,GOOGL,5
7218,2023-09-06,135.529,136.036,133.182,133.974,18752267,133.974,GOOGL,5
7219,2023-09-07,133.107,135.091,132.47,134.772,18912654,134.772,GOOGL,5
7220,2023-09-08,134.422,136.166,134.363,135.887,23669683,135.887,GOOGL,5
7221,2023-09-11,136.046,136.983,135.294,136.426,20838619,136.426,GOOGL,5
7222,2023-09-12,135.768,136.376,134.702,134.851,18472226,134.851,GOOGL,5
7223,2023-09-13,134.602,136.406,133.665,136.216,20824715,136.216,GOOGL,5
7224,2023-09-14,137.103,138.194,135.748,137.601,24840692,137.601,GOOGL,5
7225,2023-09-15,137.481,138.02,135.987,136.903,39060701,136.903,GOOGL,5
7226,2023-09-18,136.116,138.657,136.116,137.711,21940595,137.711,GOOGL,5
7227,2023-09-19,136.923,137.91,136.126,137.541,20427437,137.541,GOOGL,5
7228,2023-09-20,137.581,137.581,133.137,133.257,30035965,133.257,GOOGL,5
7229,2023-09-21,130.965,131.752,129.6,129.968,31618114,129.968,GOOGL,5
7230,2023-09-22,130.288,131.548,129.131,129.78,26493030,129.78,GOOGL,5
7231,2023-09-25,129.361,130.696,128.494,130.636,20167488,130.636,GOOGL,5
7232,2023-09-26,129.301,129.893,126.761,128.101,25811936,128.101,GOOGL,5
7233,2023-09-27,128.106,130.423,128.106,130.068,22828910,130.068,GOOGL,5
7234,2023-09-28,129.371,132.819,129.321,131.832,22594744,131.832,GOOGL,5
7235,2023-09-29,132.799,133.566,129.889,130.388,30971659,130.388,GOOGL,5
7236,2023-10-02,130.736,133.935,130.696,133.685,22368834,133.685,GOOGL,5
7237,2023-10-03,133.456,133.775,131.363,131.952,23072739,131.952,GOOGL,5
7238,2023-10-04,132.31,135.081,132.052,134.752,26849274,134.752,GOOGL,5
7239,2023-10-05,134.582,135.001,132.968,134.582,19904510,134.582,GOOGL,5
7240,2023-10-06,133.526,137.656,133.526,137.083,27697642,137.083,GOOGL,5
7241,2023-10-09,136.446,138.438,135.12,137.92,19347954,137.92,GOOGL,5
7242,2023-10-10,138.0,139.215,136.834,137.561,27887342,137.561,GOOGL,5
7243,2023-10-11,138.08,140.6,138.08,140.043,25978136,140.043,GOOGL,5
7244,2023-10-12,140.54,140.71,137.76,138.468,24855314,138.468,GOOGL,5
7245,2023-10-13,138.877,139.495,136.121,136.864,23520555,136.864,GOOGL,5
7246,2023-10-16,137.671,139.126,137.491,138.593,28605193,138.593,GOOGL,5
7247,2023-10-17,138.129,139.395,136.684,139.215,23601027,139.215,GOOGL,5
7248,2023-10-18,138.941,140.212,136.884,137.461,23459734,137.461,GOOGL,5
7249,2023-10-19,138.0,139.156,136.884,137.253,26160502,137.253,GOOGL,5
7250,2023-10-20,136.834,137.373,134.592,135.111,26431142,135.111,GOOGL,5
7251,2023-10-23,134.552,137.163,133.466,136.007,26413335,136.007,GOOGL,5
7252,2023-10-24,137.333,138.857,136.923,138.308,44976777,138.308,GOOGL,5
7253,2023-10-25,127.697,127.846,124.618,125.157,84672044,125.157,GOOGL,5
7254,2023-10-26,122.825,123.88,120.832,121.838,57267992,121.838,GOOGL,5
7255,2023-10-27,122.436,122.865,119.772,121.728,44728064,121.728,GOOGL,5
7256,2023-10-30,122.765,124.947,122.307,124.01,29044991,124.01,GOOGL,5
7257,2023-10-31,124.608,124.917,122.242,123.632,26387654,123.632,GOOGL,5
7258,2023-11-01,123.622,126.034,123.268,125.994,30191489,125.994,GOOGL,5
7259,2023-11-02,127.956,128.514,126.471,127.029,27222976,127.029,GOOGL,5
7260,2023-11-03,127.558,129.058,127.398,128.634,26488786,128.634,GOOGL,5
7261,2023-11-06,128.584,129.869,128.205,129.78,19121808,129.78,GOOGL,5
7262,2023-11-07,130.238,131.433,129.411,130.497,29865149,130.497,GOOGL,5
7263,2023-11-08,130.497,131.732,130.308,131.363,26521645,131.363,GOOGL,5
7264,2023-11-09,131.483,132.072,129.595,129.77,23833861,129.77,GOOGL,5
7265,2023-11-10,129.635,132.32,128.943,132.111,27025442,132.111,GOOGL,5
7266,2023-11-13,131.305,132.111,130.776,131.613,18391180,131.613,GOOGL,5
7267,2023-11-14,133.705,135.209,132.839,133.137,32512613,133.137,GOOGL,5
7268,2023-11-15,134.382,134.542,133.087,134.134,23948015,134.134,GOOGL,5
7269,2023-11-16,134.702,136.724,133.835,136.436,28114729,136.436,GOOGL,5
7270,2023-11-17,135.509,135.569,133.167,134.821,37422862,134.821,GOOGL,5
7271,2023-11-20,133.207,136.166,133.137,135.758,27951723,135.758,GOOGL,5
7272,2023-11-21,135.798,136.684,135.469,136.476,22717327,136.476,GOOGL,5
7273,2023-11-22,136.973,138.916,136.973,137.99,17885056,137.99,GOOGL,5
7274,2023-11-24,137.531,137.631,135.499,136.196,12559687,136.196,GOOGL,5
7275,2023-11-27,135.539,137.92,135.509,135.917,23521485,135.917,GOOGL,5
7276,2023-11-28,135.589,136.754,134.933,136.704,18797930,136.704,GOOGL,5
7277,2023-11-29,137.073,137.788,134.353,134.502,24054105,134.502,GOOGL,5
7278,2023-11-30,134.562,135.061,130.806,132.052,39129599,132.052,GOOGL,5
7279,2023-12-01,131.383,131.633,130.193,131.383,31556244,131.383,GOOGL,5
7280,2023-12-04,129.411,129.561,127.438,128.803,36802808,128.803,GOOGL,5
7281,2023-12-05,128.484,131.663,127.787,130.517,27484056,130.517,GOOGL,5
7282,2023-12-06,130.965,131.363,129.406,129.551,23661642,129.551,GOOGL,5
7283,2023-12-07,134.552,138.06,134.214,136.436,56972886,136.436,GOOGL,5
7284,2023-12-08,133.715,135.907,133.541,134.502,32377058,134.502,GOOGL,5
7285,2023-12-11,131.902,132.854,130.885,132.809,31250889,132.809,GOOGL,5
7286,2023-12-12,131.334,132.52,130.786,132.042,29138077,132.042,GOOGL,5
7287,2023-12-13,132.898,133.018,131.095,132.092,30213907,132.092,GOOGL,5
7288,2023-12-14,132.898,133.237,129.216,131.463,38862785,131.463,GOOGL,5
7289,2023-12-15,131.145,133.028,130.706,132.121,51031438,132.121,GOOGL,5
7290,2023-12-18,132.151,136.652,131.952,135.309,32374905,135.309,GOOGL,5
7291,2023-12-19,136.346,136.973,135.589,136.156,25569108,136.156,GOOGL,5
7292,2023-12-20,138.468,141.183,137.566,137.84,49285197,137.84,GOOGL,5
7293,2023-12-21,138.986,140.177,138.677,139.913,27587931,139.913,GOOGL,5
7294,2023-12-22,140.262,141.477,140.202,140.979,26628380,140.979,GOOGL,5
7295,2023-12-26,141.079,142.164,140.68,141.009,16841163,141.009,GOOGL,5
7296,2023-12-27,141.079,141.567,139.381,139.863,19699773,139.863,GOOGL,5
7297,2023-12-28,140.272,140.63,139.245,139.723,16103879,139.723,GOOGL,5
7298,2023-12-29,139.126,139.853,138.279,139.185,18800926,139.185,GOOGL,5
7299,2024-01-02,138.05,138.946,135.987,137.671,23797175,137.671,GOOGL,5
7300,2024-01-03,136.754,139.126,136.585,138.418,24299918,138.418,GOOGL,5
7301,2024-01-04,137.92,138.657,135.858,135.897,27236112,135.897,GOOGL,5
7302,2024-01-05,136.251,136.66,134.662,135.239,22595468,135.239,GOOGL,5
7303,2024-01-08,135.798,138.508,135.768,138.338,21481573,138.338,GOOGL,5
7304,2024-01-09,138.0,140.974,137.651,140.44,24849354,140.44,GOOGL,5
7305,2024-01-10,140.49,142.484,140.4,141.767,21397490,141.767,GOOGL,5
7306,2024-01-11,142.972,144.696,140.127,141.567,24095756,141.567,GOOGL,5
7307,2024-01-12,142.154,142.677,141.307,142.134,18853613,142.134,GOOGL,5
7308,2024-01-16,141.487,143.829,140.939,141.975,22752649,141.975,GOOGL,5
7309,2024-01-17,140.835,141.327,138.398,140.959,21044662,140.959,GOOGL,5
7310,2024-01-18,141.537,143.689,141.477,142.962,25839750,142.962,GOOGL,5
7311,2024-01-19,144.217,145.921,143.858,145.851,34396105,145.851,GOOGL,5
7312,2024-01-22,146.568,147.855,145.313,145.463,32317098,145.463,GOOGL,5
7313,2024-01-23,145.363,146.65,144.974,146.508,21714562,146.508,GOOGL,5
7314,2024-01-24,148.003,149.314,147.565,148.163,25324923,148.163,GOOGL,5
7315,2024-01-25,149.523,152.497,149.0,151.322,29254737,151.322,GOOGL,5
7316,2024-01-26,150.554,151.984,150.465,151.636,26210165,151.636,GOOGL,5
7317,2024-01-29,151.511,153.224,150.883,152.956,27884979,152.956,GOOGL,5
7318,2024-01-30,152.249,153.066,150.639,150.913,36463539,150.913,GOOGL,5
7319,2024-01-31,143.101,143.48,139.365,139.594,72170725,139.594,GOOGL,5
7320,2024-02-01,141.607,142.544,140.282,140.65,40613244,140.65,GOOGL,5
7321,2024-02-02,138.757,142.105,136.007,141.866,62726141,141.866,GOOGL,5
7322,2024-02-05,142.304,144.944,142.264,143.161,38644990,143.161,GOOGL,5
7323,2024-02-06,144.128,144.835,142.672,143.579,29233793,143.579,GOOGL,5
7324,2024-02-07,144.237,145.089,143.405,145.014,25300246,145.014,GOOGL,5
7325,2024-02-08,145.303,145.801,144.581,145.383,22645559,145.383,GOOGL,5
7326,2024-02-09,146.151,148.9,145.652,148.462,26926763,148.462,GOOGL,5
7327,2024-02-12,147.885,148.795,146.838,146.998,21642256,146.998,GOOGL,5
7328,2024-02-13,144.397,146.141,143.171,144.616,27938644,144.616,GOOGL,5
7329,2024-02-14,145.553,145.991,143.573,145.413,22786470,145.413,GOOGL,5
7330,2024-02-15,142.624,143.001,139.953,142.254,37726965,142.254,GOOGL,5
7331,2024-02-16,142.474,142.672,139.633,140.013,31583004,140.013,GOOGL,5
7332,2024-02-20,139.151,141.567,138.986,140.61,25026104,140.61,GOOGL,5
7333,2024-02-21,140.939,142.174,140.167,142.035,23400208,142.035,GOOGL,5
7334,2024-02-22,144.407,144.476,142.284,143.569,27290465,143.569,GOOGL,5
7335,2024-02-23,143.151,144.157,142.912,143.44,19564418,143.44,GOOGL,5
7336,2024-02-26,141.627,141.925,136.893,137.073,53836251,137.073,GOOGL,5
7337,2024-02-27,137.521,138.747,136.595,138.378,33219177,138.378,GOOGL,5
7338,2024-02-28,137.402,137.511,134.921,135.887,37463877,135.887,GOOGL,5
7339,2024-02-29,136.784,138.358,135.907,137.96,42285689,137.96,GOOGL,5
7340,2024-03-01,137.93,138.368,136.426,136.644,31264041,136.644,GOOGL,5
7341,2024-03-04,135.169,135.169,131.433,132.868,56202418,132.868,GOOGL,5
7342,2024-03-05,131.403,132.759,130.193,132.191,40340467,132.191,GOOGL,5
7343,2024-03-06,132.639,133.097,130.378,130.925,35446643,130.925,GOOGL,5
7344,2024-03-07,132.315,134.452,131.135,133.895,37875013,133.895,GOOGL,5
7345,2024-03-08,133.725,137.586,133.516,134.921,39513113,134.921,GOOGL,5
7346,2024-03-11,135.639,138.593,135.639,137.173,32555362,137.173,GOOGL,5
7347,2024-03-12,136.536,138.872,136.536,138.0,27663273,138.0,GOOGL,5
7348,2024-03-13,138.498,140.58,138.488,139.285,23431843,139.285,GOOGL,5
7349,2024-03-14,140.68,143.066,139.948,142.584,42908372,142.584,GOOGL,5
7350,2024-03-15,141.985,142.662,139.524,140.67,49654770,140.67,GOOGL,5
7351,2024-03-18,148.073,151.601,146.638,147.147,69524823,147.147,GOOGL,5
7352,2024-03-19,147.625,148.254,145.553,146.498,24157692,146.498,GOOGL,5
7353,2024-03-20,147.465,148.322,146.205,148.202,21388757,148.202,GOOGL,5
7354,2024-03-21,148.93,149.827,146.37,147.067,24845338,147.067,GOOGL,5
7355,2024-03-22,148.582,151.032,148.442,150.225,29317664,150.225,GOOGL,5
7356,2024-03-25,149.399,149.832,147.286,149.528,19298993,149.528,GOOGL,5
7357,2024-03-26,149.677,151.705,149.438,150.126,22229429,150.126,GOOGL,5
7358,2024-03-27,150.634,151.087,148.362,150.325,22962117,150.325,GOOGL,5
7359,2024-03-28,150.305,150.883,149.628,150.385,24574152,150.385,GOOGL,5
7360,2024-04-01,150.146,155.177,150.066,154.928,31845875,154.928,GOOGL,5
7361,2024-04-02,152.946,154.141,151.601,154.002,24675111,154.002,GOOGL,5
7362,2024-04-03,153.046,154.52,152.179,154.36,24794549,154.36,GOOGL,5
7363,2024-04-04,152.946,154.211,149.907,149.986,34850618,149.986,GOOGL,5
7364,2024-04-05,149.488,152.866,149.059,151.949,23544288,151.949,GOOGL,5
7365,2024-04-08,152.229,154.709,152.059,154.29,20777020,154.29,GOOGL,5
7366,2024-04-09,155.521,157.987,154.63,156.034,31225800,156.034,GOOGL,5
7367,2024-04-10,155.646,156.044,154.121,155.576,22921421,155.576,GOOGL,5
7368,2024-04-11,156.343,159.104,155.895,158.834,27264912,158.834,GOOGL,5
7369,2024-04-12,157.39,159.644,156.573,157.16,25445655,157.16,GOOGL,5
7370,2024-04-15,158.287,158.664,154.031,154.3,27234844,154.3,GOOGL,5
7371,2024-04-16,153.633,155.088,152.876,153.843,20854822,153.843,GOOGL,5
7372,2024-04-17,155.058,156.513,154.021,154.908,21842023,154.908,GOOGL,5
7373,2024-04-18,154.779,156.373,154.061,155.446,19955122,155.446,GOOGL,5
7374,2024-04-19,155.636,155.795,151.749,153.553,32704731,153.553,GOOGL,5
7375,2024-04-22,153.753,157.07,153.503,155.716,26542076,155.716,GOOGL,5
7376,2024-04-23,156.393,158.396,155.716,157.689,21228244,157.689,GOOGL,5
7377,2024-04-24,156.921,158.989,156.598,158.555,22861688,158.555,GOOGL,5
7378,2024-04-25,150.784,155.925,150.325,155.437,57316758,155.437,GOOGL,5
7379,2024-04-26,173.74,174.079,169.037,171.329,64899717,171.329,GOOGL,5
7380,2024-04-29,168.447,168.938,164.613,165.55,45775364,165.55,GOOGL,5
7381,2024-04-30,165.014,167.492,162.013,162.192,33684529,162.192,GOOGL,5
7382,2024-05-01,163.707,166.516,162.501,163.268,33614567,163.268,GOOGL,5
7383,2024-05-02,164.19,166.128,163.298,166.018,24382619,166.018,GOOGL,5
7384,2024-05-03,166.955,167.353,162.461,166.636,34788086,166.636,GOOGL,5
7385,2024-05-06,166.855,167.532,165.43,167.492,21950568,167.492,GOOGL,5
7386,2024-05-07,167.892,171.14,167.782,170.631,28141342,170.631,GOOGL,5
7387,2024-05-08,168.389,169.536,168.126,168.769,19640086,168.769,GOOGL,5
7388,2024-05-09,168.779,170.073,167.572,169.346,15402333,169.346,GOOGL,5
7389,2024-05-10,167.418,169.236,165.589,168.041,29907958,168.041,GOOGL,5
7390,2024-05-13,163.667,168.669,163.408,168.529,31441167,168.529,GOOGL,5
7391,2024-05-14,169.156,170.631,168.19,169.725,25218226,169.725,GOOGL,5
7392,2024-05-15,170.013,172.026,169.894,171.887,27046060,171.887,GOOGL,5
7393,2024-05-16,172.664,174.482,172.066,173.55,27968971,173.55,GOOGL,5
7394,2024-05-17,173.55,175.629,173.063,175.424,24568001,175.424,GOOGL,5
7395,2024-05-20,175.556,178.124,175.444,176.281,22636161,176.281,GOOGL,5
7396,2024-05-21,176.261,177.507,175.174,177.208,17050957,177.208,GOOGL,5
7397,2024-05-22,176.005,176.511,174.577,175.744,17944858,175.744,GOOGL,5
7398,2024-05-23,176.431,177.606,172.326,172.923,21101152,172.923,GOOGL,5
7399,2024-05-24,174.347,175.134,173.023,174.357,16639540,174.357,GOOGL,5
7400,2024-05-28,173.82,176.63,173.735,175.764,20646733,175.764,GOOGL,5
7401,2024-05-29,174.797,176.197,174.089,175.264,23473479,175.264,GOOGL,5
7402,2024-05-30,174.567,174.587,171.17,171.488,23041904,171.488,GOOGL,5
7403,2024-05-31,171.24,172.435,168.829,171.877,37775320,171.877,GOOGL,5
7404,2024-06-03,171.917,173.895,170.542,172.544,27558660,172.544,GOOGL,5
7405,2024-06-04,172.654,173.217,171.269,173.163,26977037,173.163,GOOGL,5
7406,2024-06-05,174.567,176.006,173.306,174.777,22148519,174.777,GOOGL,5
7407,2024-06-06,175.259,176.511,175.115,176.091,23335300,176.091,GOOGL,5
7408,2024-06-07,176.411,177.228,173.67,173.83,19732673,173.83,GOOGL,5
7409,2024-06-10,174.538,176.623,172.333,174.578,23838060,174.578,GOOGL,5
7410,2024-06-11,175.785,176.404,173.341,176.184,21593885,176.184,GOOGL,5
7411,2024-06-12,177.81,179.965,175.676,177.351,27933689,177.351,GOOGL,5
7412,2024-06-13,175.676,176.304,174.448,174.728,20965050,174.728,GOOGL,5
7413,2024-06-14,173.79,176.626,173.72,176.354,18108254,176.354,GOOGL,5
7414,2024-06-17,175.026,177.92,174.378,176.802,19667043,176.802,GOOGL,5
7415,2024-06-18,176.702,176.947,173.674,174.658,21923975,174.658,GOOGL,5
7416,2024-06-20,174.938,176.852,174.558,175.864,20209972,175.864,GOOGL,5
7417,2024-06-21,176.563,180.403,176.174,179.187,58727708,179.187,GOOGL,5
7418,2024-06-24,179.715,180.443,178.229,178.777,18343291,178.777,GOOGL,5
7419,2024-06-25,179.177,183.835,178.977,183.576,23293086,183.576,GOOGL,5
7420,2024-06-26,182.179,184.054,182.029,183.426,19888064,183.426,GOOGL,5
7421,2024-06-27,183.725,185.59,183.566,184.952,18895526,184.952,GOOGL,5
7422,2024-06-28,183.865,184.673,181.511,181.701,29228793,181.701,GOOGL,5
7423,2024-07-01,182.578,183.426,180.853,182.539,16045735,182.539,GOOGL,5
7424,2024-07-02,181.601,185.112,181.111,184.783,17415474,184.783,GOOGL,5
7425,2024-07-03,184.394,185.63,183.546,185.362,10267470,185.362,GOOGL,5
7426,2024-07-05,185.397,190.389,185.342,190.129,21019335,190.129,GOOGL,5
7427,2024-07-08,189.426,189.701,187.316,188.563,21087940,188.563,GOOGL,5
7428,2024-07-09,189.84,190.887,188.254,188.514,15178779,188.514,GOOGL,5
7429,2024-07-10,188.683,191.277,188.563,190.708,15991929,190.708,GOOGL,5
7430,2024-07-11,189.376,190.389,184.623,185.112,25689196,185.112,GOOGL,5
7431,2024-07-12,184.623,186.648,184.035,184.613,22955069,184.613,GOOGL,5
7432,2024-07-15,184.464,187.776,184.464,186.07,16514808,186.07,GOOGL,5
7433,2024-07-16,186.898,188.214,182.921,183.466,18335983,183.466,GOOGL,5
7434,2024-07-17,182.514,183.097,179.456,180.573,20785378,180.573,GOOGL,5
7435,2024-07-18,181.481,182.049,176.034,177.252,25378372,177.252,GOOGL,5
7436,2024-07-19,178.438,179.845,176.692,177.222,18928609,177.222,GOOGL,5
7437,2024-07-22,180.145,182.249,179.785,181.221,24159982,181.221,GOOGL,5
7438,2024-07-23,181.601,183.157,181.091,181.341,36442670,181.341,GOOGL,5
7439,2024-07-24,173.172,175.756,171.396,172.204,49707904,172.204,GOOGL,5
7440,2024-07-25,172.094,172.992,166.777,166.867,44962961,166.867,GOOGL,5
7441,2024-07-26,166.737,167.675,163.655,166.588,41439176,166.588,GOOGL,5
7442,2024-07-29,168.413,170.009,167.575,169.111,20344040,169.111,GOOGL,5
7443,2024-07-30,169.819,170.807,168.024,169.869,19006602,169.869,GOOGL,5
7444,2024-07-31,172.812,173.815,169.591,171.117,25792757,171.117,GOOGL,5
7445,2024-08-01,169.829,173.62,168.463,170.339,24592096,170.339,GOOGL,5
7446,2024-08-02,166.029,168.094,164.264,166.248,29202185,166.248,GOOGL,5
7447,2024-08-05,155.116,164.024,154.548,158.857,53763384,158.857,GOOGL,5
7448,2024-08-06,158.937,160.173,156.024,157.899,49125825,157.899,GOOGL,5
7449,2024-08-07,160.852,162.578,158.079,158.547,25200779,158.547,GOOGL,5
7450,2024-08-08,160.113,163.286,159.815,161.63,25642135,161.63,GOOGL,5
7451,2024-08-09,159.615,163.386,158.667,163.266,28673062,163.266,GOOGL,5
7452,2024-08-12,163.944,164.492,161.441,161.889,15934619,161.889,GOOGL,5
7453,2024-08-13,163.006,164.324,162.568,163.754,18597597,163.754,GOOGL,5
7454,2024-08-14,161.999,162.817,157.321,159.974,40691570,159.974,GOOGL,5
7455,2024-08-15,160.104,161.236,159.216,160.902,31602260,160.902,GOOGL,5
7456,2024-08-16,161.071,164.652,160.732,162.558,24268552,162.558,GOOGL,5
7457,2024-08-19,164.872,166.278,163.854,166.258,22471654,166.258,GOOGL,5
7458,2024-08-20,166.488,168.224,166.408,166.767,18386920,166.767,GOOGL,5
7459,2024-08-21,164.742,166.438,164.264,165.44,22958669,165.44,GOOGL,5
7460,2024-08-22,166.847,167.176,162.907,163.396,22548935,163.396,GOOGL,5
7461,2024-08-23,164.314,165.77,163.426,165.212,13990275,165.212,GOOGL,5
7462,2024-08-26,165.97,167.136,164.049,165.75,14225531,165.75,GOOGL,5
7463,2024-08-27,165.425,166.032,164.054,164.274,11851194,164.274,GOOGL,5
7464,2024-08-28,164.627,165.192,161.129,162.448,16448045,162.448,GOOGL,5
7465,2024-08-29,163.904,165.56,159.855,161.381,19748515,161.381,GOOGL,5
7466,2024-08-30,162.214,163.256,161.293,162.976,22178557,162.976,GOOGL,5
7467,2024-09-03,161.321,161.451,156.094,156.971,39041673,156.971,GOOGL,5
7468,2024-09-04,156.268,158.607,155.577,156.064,19401650,156.064,GOOGL,5
7469,2024-09-05,155.914,159.057,155.596,156.852,18734993,156.852,GOOGL,5
7470,2024-09-06,156.912,157.441,150.178,150.547,38005945,150.547,GOOGL,5
7471,2024-09-09,152.335,153.224,147.046,148.54,39305446,148.54,GOOGL,5
7472,2024-09-10,150.278,151.097,148.17,148.49,31154429,148.49,GOOGL,5
7473,2024-09-11,149.748,151.327,147.351,150.987,29641625,150.987,GOOGL,5
7474,2024-09-12,153.624,154.643,152.475,154.513,29729080,154.513,GOOGL,5
7475,2024-09-13,155.252,158.199,155.032,157.28,29625065,157.28,GOOGL,5
7476,2024-09-16,157.13,158.069,156.421,157.879,18400839,157.879,GOOGL,5
7477,2024-09-17,158.838,160.366,158.194,159.138,20739353,159.138,GOOGL,5
7478,2024-09-18,159.677,160.316,158.413,159.627,23704450,159.627,GOOGL,5
7479,2024-09-19,163.523,163.603,161.155,161.954,26618204,161.954,GOOGL,5
7480,2024-09-20,163.313,163.543,161.874,163.403,40943308,163.403,GOOGL,5
7481,2024-09-23,164.162,165.301,161.485,161.665,24178530,161.665,GOOGL,5
7482,2024-09-24,162.843,163.029,160.506,162.104,23358887,162.104,GOOGL,5
7483,2024-09-25,161.285,162.624,161.115,161.305,18890824,161.305,GOOGL,5
7484,2024-09-26,163.453,163.892,162.094,162.544,20342623,162.544,GOOGL,5
7485,2024-09-27,162.624,165.51,162.44,163.762,21125490,163.762,GOOGL,5
7486,2024-09-30,163.133,165.96,163.073,165.66,20504775,165.66,GOOGL,5
7487,2024-10-01,167.493,168.966,164.392,166.799,28370600,166.799,GOOGL,5
7488,2024-10-02,166.229,167.328,164.541,165.67,17780533,165.67,GOOGL,5
7489,2024-10-03,164.222,166.449,163.735,165.67,15090375,165.67,GOOGL,5
7490,2024-10-04,167.868,168.037,165.291,166.869,19115606,166.869,GOOGL,5
7491,2024-10-07,167.528,168.287,162.564,162.793,22488884,162.793,GOOGL,5
7492,2024-10-08,163.752,164.536,162.684,164.192,23099175,164.192,GOOGL,5
7493,2024-10-09,163.263,164.651,159.557,161.675,31217510,161.675,GOOGL,5
7494,2024-10-10,160.686,162.883,160.211,161.894,14160278,161.894,GOOGL,5
7495,2024-10-11,161.944,163.712,161.05,163.053,15361836,163.053,GOOGL,5
7496,2024-10-14,163.453,166.036,163.213,164.771,19037934,164.771,GOOGL,5
7497,2024-10-15,165.595,167.488,164.437,165.271,20270399,165.271,GOOGL,5
7498,2024-10-16,164.342,165.61,163.553,164.971,16424832,164.971,GOOGL,5
7499,2024-10-17,165.54,166.18,162.574,162.743,21477982,162.743,GOOGL,5
7500,2024-10-18,163.003,164.521,162.893,163.233,19780304,163.233,GOOGL,5
7501,2024-10-21,162.763,164.312,162.434,163.882,20970461,163.882,GOOGL,5
7502,2024-10-22,162.793,165.58,162.793,164.951,16587109,164.951,GOOGL,5
7503,2024-10-23,164.571,165.63,161.74,162.594,18301468,162.594,GOOGL,5
7504,2024-10-24,162.644,163.143,160.826,162.534,22438213,162.534,GOOGL,5
7505,2024-10-25,163.483,165.4,163.233,165.081,19851609,165.081,GOOGL,5
7506,2024-10-28,168.557,168.557,163.762,166.529,32175474,166.529,GOOGL,5
7507,2024-10-29,167.538,170.185,166.898,169.486,42217353,169.486,GOOGL,5
7508,2024-10-30,180.473,181.812,173.861,174.26,68969740,174.26,GOOGL,5
7509,2024-10-31,172.932,176.618,170.804,170.914,44820289,170.914,GOOGL,5
7510,2024-11-01,169.875,172.123,168.687,171.094,31832917,171.094,GOOGL,5
7511,2024-11-04,169.735,170.535,167.819,169.046,21517376,169.046,GOOGL,5
7512,2024-11-05,169.236,170.335,168.647,169.546,18262956,169.546,GOOGL,5
7513,2024-11-06,173.601,176.737,173.301,176.308,33734155,176.308,GOOGL,5
7514,2024-11-07,177.207,180.873,176.987,180.543,25381995,180.543,GOOGL,5
7515,2024-11-08,180.438,180.693,177.876,178.146,22031402,178.146,GOOGL,5
7516,2024-11-11,178.376,180.338,178.266,180.144,17470353,180.144,GOOGL,5
7517,2024-11-12,179.614,182.281,179.185,181.412,25163711,181.412,GOOGL,5
7518,2024-11-13,180.253,180.753,178.336,178.675,23210573,178.675,GOOGL,5
7519,2024-11-14,178.076,178.615,174.122,175.379,31042993,175.379,GOOGL,5
7520,2024-11-15,173.531,173.941,171.024,172.293,32541901,172.293,GOOGL,5
7521,2024-11-18,173.221,175.237,172.702,175.099,20229771,175.099,GOOGL,5
7522,2024-11-19,173.521,178.665,173.361,177.916,23461782,177.916,GOOGL,5
7523,2024-11-20,177.137,177.472,173.581,175.779,19018882,175.779,GOOGL,5
7524,2024-11-21,173.701,173.931,163.513,167.438,59802838,167.438,GOOGL,5
7525,2024-11-22,165.66,166.269,163.712,164.571,38648830,164.571,GOOGL,5
7526,2024-11-25,165.9,168.437,165.418,167.458,33173238,167.458,GOOGL,5
7527,2024-11-26,167.438,169.626,167.388,168.926,20510199,168.926,GOOGL,5
7528,2024-11-27,168.807,169.289,167.828,169.036,19288591,169.036,GOOGL,5
7529,2024-11-29,168.307,169.236,166.969,168.757,14273583,168.757,GOOGL,5
7530,2024-12-02,168.572,171.878,168.377,171.294,23816347,171.294,GOOGL,5
7531,2024-12-03,171.294,172.482,170.654,171.144,22274203,171.144,GOOGL,5
7532,2024-12-04,170.949,174.71,170.864,174.17,31651370,174.17,GOOGL,5
7533,2024-12-05,175.159,175.858,172.133,172.442,21380718,172.442,GOOGL,5
7534,2024-12-06,171.833,174.88,171.663,174.51,21486990,174.51,GOOGL,5
7535,2024-12-09,173.96,176.26,173.65,175.37,25389631,175.37,GOOGL,5
7536,2024-12-10,182.845,186.36,181.05,185.17,54813022,185.17,GOOGL,5
7537,2024-12-11,185.31,195.61,184.85,195.4,67894071,195.4,GOOGL,5
7538,2024-12-12,195.0,195.18,191.71,191.96,34817486,191.96,GOOGL,5
7539,2024-12-13,191.01,192.73,189.64,189.82,25143495,189.82,GOOGL,5
7540,2024-12-16,192.87,199.0,192.62,196.66,44934901,196.66,GOOGL,5
7541,2024-12-17,197.25,201.42,194.98,195.42,43504025,195.42,GOOGL,5
7542,2024-12-18,195.22,197.0,187.74,188.4,34166074,188.4,GOOGL,5
7543,2024-12-19,191.625,193.03,188.38,188.51,32265241,188.51,GOOGL,5
7544,2024-12-20,185.78,192.89,185.22,191.41,63462934,191.41,GOOGL,5
7545,2024-12-23,192.62,195.1,190.15,194.63,25675014,194.63,GOOGL,5
7546,2024-12-24,194.84,196.11,193.78,196.11,10403259,196.11,GOOGL,5
7547,2024-12-26,195.15,196.748,194.375,195.6,12057210,195.6,GOOGL,5
7548,2024-12-27,194.95,195.32,190.65,192.76,18891362,192.76,GOOGL,5
7549,2024-12-30,189.8,192.55,189.12,191.24,14264659,191.24,GOOGL,5
7550,2024-12-31,191.075,191.96,188.51,189.3,17466919,189.3,GOOGL,5
